Datetime,Open,High,Low,Close,Volume,Dividends,Stock Splits
2026-01-29 09:30:00-05:00,155.9499969482422,156.0,151.88999938964844,152.6999969482422,1783464,0.0,0.0
2026-01-29 09:45:00-05:00,152.66000366210938,153.7277069091797,149.36000061035156,149.49000549316406,1169742,0.0,0.0
2026-01-29 10:00:00-05:00,149.52000427246094,150.0,146.22000122070312,146.35000610351562,1237964,0.0,0.0
2026-01-29 10:15:00-05:00,146.3249969482422,147.77000427246094,146.0,146.0019989013672,1093797,0.0,0.0
2026-01-29 10:30:00-05:00,146.02000427246094,146.33999633789062,143.0500030517578,143.2100067138672,1336088,0.0,0.0
2026-01-29 10:45:00-05:00,143.17999267578125,143.99000549316406,142.0,143.99000549316406,1331773,0.0,0.0
2026-01-29 11:00:00-05:00,143.92999267578125,144.0399932861328,141.6300048828125,142.8000030517578,994209,0.0,0.0
2026-01-29 11:15:00-05:00,142.77000427246094,144.5500030517578,142.74000549316406,143.72999572753906,723291,0.0,0.0
2026-01-29 11:30:00-05:00,143.7100067138672,144.05499267578125,142.35000610351562,142.86000061035156,614718,0.0,0.0
2026-01-29 11:45:00-05:00,142.8800048828125,144.49989318847656,142.55999755859375,144.39999389648438,576865,0.0,0.0
2026-01-29 12:00:00-05:00,144.3699951171875,145.19729614257812,143.30999755859375,144.21499633789062,594244,0.0,0.0
2026-01-29 12:15:00-05:00,144.21499633789062,145.25,143.3000030517578,145.0,664792,0.0,0.0
2026-01-29 12:30:00-05:00,145.0,145.00999450683594,143.44000244140625,144.29989624023438,528745,0.0,0.0
2026-01-29 12:45:00-05:00,144.25999450683594,144.3000030517578,143.1999969482422,143.35000610351562,417703,0.0,0.0
2026-01-29 13:00:00-05:00,143.30999755859375,143.72000122070312,142.55999755859375,143.0500030517578,532113,0.0,0.0
2026-01-29 13:15:00-05:00,143.02999877929688,143.24000549316406,142.0,142.07000732421875,5534725,0.0,0.0
2026-01-29 13:30:00-05:00,142.0500030517578,142.07000732421875,140.1300048828125,141.32330322265625,949643,0.0,0.0
2026-01-29 13:45:00-05:00,141.32310485839844,141.4499969482422,140.39999389648438,140.625,531837,0.0,0.0
2026-01-29 14:00:00-05:00,140.61000061035156,140.8699951171875,140.1699981689453,140.4600067138672,561064,0.0,0.0
2026-01-29 14:15:00-05:00,140.4600067138672,141.19830322265625,140.1199951171875,140.44000244140625,537575,0.0,0.0
2026-01-29 14:30:00-05:00,140.4199981689453,140.8000030517578,139.9499969482422,140.5,608992,0.0,0.0
2026-01-29 14:45:00-05:00,140.47500610351562,141.27000427246094,140.39999389648438,140.52999877929688,442621,0.0,0.0
2026-01-29 15:00:00-05:00,140.5500030517578,141.0,140.0500030517578,140.63999938964844,473601,0.0,0.0
2026-01-29 15:15:00-05:00,140.63999938964844,140.91000366210938,139.360107421875,139.64999389648438,653178,0.0,0.0
2026-01-29 15:30:00-05:00,139.67999267578125,141.89999389648438,139.6199951171875,141.7899932861328,8877913,0.0,0.0
2026-01-29 15:45:00-05:00,141.77999877929688,143.25999450683594,141.53500366210938,143.22999572753906,1450593,0.0,0.0
2026-01-30 09:30:00-05:00,139.9949951171875,143.42990112304688,139.89999389648438,142.94000244140625,1421505,0.0,0.0
2026-01-30 09:45:00-05:00,143.0,143.5399932861328,140.39999389648438,140.7100067138672,851349,0.0,0.0
2026-01-30 10:00:00-05:00,140.66000366210938,142.92999267578125,140.55499267578125,142.53500366210938,520701,0.0,0.0
2026-01-30 10:15:00-05:00,142.47999572753906,143.08999633789062,140.61000061035156,140.91000366210938,498032,0.0,0.0
2026-01-30 10:30:00-05:00,140.88999938964844,141.64999389648438,140.6999969482422,141.64999389648438,1792087,0.0,0.0
2026-02-02 14:00:00-05:00,143.60000610351562,143.69000244140625,142.75999450683594,143.52999877929688,7366553,0.0,0.0
2026-02-02 14:15:00-05:00,143.47999572753906,143.61000061035156,142.8300018310547,143.360107421875,218297,0.0,0.0
2026-02-02 14:30:00-05:00,143.36000061035156,143.36000061035156,141.6999969482422,142.55999755859375,355760,0.0,0.0
2026-02-02 14:45:00-05:00,142.55999755859375,143.47999572753906,141.3632049560547,141.40919494628906,311401,0.0,0.0
2026-02-02 15:00:00-05:00,141.5050048828125,142.4600067138672,140.88999938964844,141.36000061035156,448570,0.0,0.0
2026-02-02 15:15:00-05:00,141.4199981689453,141.64999389648438,140.5637969970703,140.57000732421875,474181,0.0,0.0
2026-02-02 15:30:00-05:00,140.5500030517578,141.74000549316406,140.4499969482422,140.91000366210938,491487,0.0,0.0
2026-02-02 15:45:00-05:00,140.9149932861328,141.0500030517578,139.3300018310547,139.72000122070312,9347711,0.0,0.0
2026-02-03 09:30:00-05:00,140.0500030517578,140.13999938964844,136.25,137.05499267578125,1267153,0.0,0.0
2026-02-03 09:45:00-05:00,137.0,138.9199981689453,135.02999877929688,135.1999969482422,841517,0.0,0.0
2026-02-03 10:00:00-05:00,135.25,136.49000549316406,134.35000610351562,135.46499633789062,831890,0.0,0.0
2026-02-03 10:15:00-05:00,135.41000366210938,137.75,135.02000427246094,136.81959533691406,622105,0.0,0.0
2026-02-03 10:30:00-05:00,136.7725067138672,137.74989318847656,135.6300048828125,135.74159240722656,385526,0.0,0.0
2026-02-03 10:45:00-05:00,135.71499633789062,138.83990478515625,135.52020263671875,138.28709411621094,420920,0.0,0.0
2026-02-03 11:00:00-05:00,138.25,138.3699951171875,136.0605926513672,136.71499633789062,325947,0.0,0.0
2026-02-03 11:15:00-05:00,136.7154998779297,136.77999877929688,135.25,135.25,349931,0.0,0.0
2026-02-03 11:30:00-05:00,135.25,136.17640686035156,135.14999389648438,135.3300018310547,329319,0.0,0.0
2026-02-03 11:45:00-05:00,135.35989379882812,136.3603973388672,135.11419677734375,135.6699981689453,275675,0.0,0.0
2026-02-03 12:00:00-05:00,135.64999389648438,135.79739379882812,133.5,133.77000427246094,586577,0.0,0.0
2026-02-03 12:15:00-05:00,133.77000427246094,134.20579528808594,132.62460327148438,132.66009521484375,612079,0.0,0.0
2026-02-03 12:30:00-05:00,132.66000366210938,132.99000549316406,131.50140380859375,131.50999450683594,651991,0.0,0.0
2026-02-03 12:45:00-05:00,131.50999450683594,132.1199951171875,130.4499969482422,130.5500030517578,654565,0.0,0.0
2026-02-03 13:00:00-05:00,130.55999755859375,131.1638946533203,129.6999969482422,129.89500427246094,664432,0.0,0.0
2026-02-03 13:15:00-05:00,129.88999938964844,129.94000244140625,128.6199951171875,128.86000061035156,790956,0.0,0.0
2026-02-03 13:30:00-05:00,128.8300018310547,129.2899932861328,128.13999938964844,128.19000244140625,620980,0.0,0.0
2026-02-03 13:45:00-05:00,128.17129516601562,128.5198974609375,126.84269714355467,126.87999725341795,808976,0.0,0.0
2026-02-03 14:00:00-05:00,126.87000274658205,129.5399932861328,126.74009704589844,129.22999572753906,928992,0.0,0.0
2026-02-03 14:15:00-05:00,129.2899932861328,130.5399932861328,128.60110473632812,129.11000061035156,745249,0.0,0.0
2026-02-03 14:30:00-05:00,129.0500030517578,129.97000122070312,128.00999450683594,129.30999755859375,555213,0.0,0.0
2026-02-03 14:45:00-05:00,129.27499389648438,130.06900024414062,128.4199981689453,129.31500244140625,518445,0.0,0.0
2026-02-03 15:00:00-05:00,129.27000427246094,129.89999389648438,128.75999450683594,129.4600067138672,346578,0.0,0.0
2026-02-03 15:15:00-05:00,129.4199981689453,131.06649780273438,129.0,130.92849731445312,533783,0.0,0.0
2026-02-03 15:30:00-05:00,130.97000122070312,132.91000366210938,130.97000122070312,132.69000244140625,720017,0.0,0.0
2026-02-03 15:45:00-05:00,132.72999572753906,133.47999572753906,131.82000732421875,133.27000427246094,1215465,0.0,0.0
2026-02-04 09:30:00-05:00,130.2449951171875,130.8199005126953,127.63999938964844,129.44500732421875,1318305,0.0,0.0
2026-02-04 09:45:00-05:00,129.36000061035156,130.22000122070312,125.48860168457033,125.9000015258789,895091,0.0,0.0
2026-02-04 10:00:00-05:00,125.91999816894533,128.97000122070312,124.72000122070312,128.37399291992188,1109120,0.0,0.0
2026-02-04 10:15:00-05:00,128.27000427246094,129.8800048828125,127.62999725341795,128.44000244140625,794218,0.0,0.0
2026-02-04 10:30:00-05:00,128.4886932373047,128.9499969482422,125.26000213623048,127.68000030517578,732772,0.0,0.0
2026-02-04 10:45:00-05:00,127.5000991821289,127.96600341796876,126.08000183105467,126.74500274658205,420917,0.0,0.0
2026-02-04 11:00:00-05:00,126.8000030517578,127.0999984741211,125.1500015258789,125.78890228271484,2494465,0.0,0.0
2026-02-04 11:15:00-05:00,125.7249984741211,125.95999908447266,123.8499984741211,125.0,811834,0.0,0.0
2026-02-04 11:30:00-05:00,125.03500366210938,125.20999908447266,122.26000213623048,122.26100158691406,919435,0.0,0.0
2026-02-04 11:45:00-05:00,122.283203125,124.98999786376952,122.0199966430664,124.64990234375,810206,0.0,0.0
2026-02-04 12:00:00-05:00,124.51000213623048,125.01000213623048,123.37999725341795,124.77999877929688,412469,0.0,0.0
2026-02-04 12:15:00-05:00,124.79000091552734,125.0,121.61000061035156,122.26499938964844,588538,0.0,0.0
2026-02-04 12:30:00-05:00,122.26499938964844,123.12000274658205,121.33000183105467,122.19000244140624,479181,0.0,0.0
2026-02-04 12:45:00-05:00,122.1417007446289,122.85990142822266,121.18800354003906,122.00499725341795,490707,0.0,0.0
2026-02-04 13:00:00-05:00,122.01000213623048,122.82990264892578,121.3000030517578,122.0749969482422,416703,0.0,0.0
2026-02-04 13:15:00-05:00,122.0500030517578,124.25,122.0,123.9749984741211,573689,0.0,0.0
2026-02-04 13:30:00-05:00,124.02999877929688,125.3000030517578,123.08000183105467,125.0199966430664,522672,0.0,0.0
2026-02-04 13:45:00-05:00,124.95999908447266,125.42990112304688,123.77999877929688,125.04000091552734,488691,0.0,0.0
2026-02-04 14:00:00-05:00,125.11000061035156,125.87999725341795,124.6500015258789,125.4499969482422,377258,0.0,0.0
2026-02-04 14:15:00-05:00,125.4499969482422,126.48999786376952,124.91000366210938,125.66000366210938,422934,0.0,0.0
2026-02-04 14:30:00-05:00,125.63999938964844,127.46990203857422,125.43000030517578,127.08999633789062,387833,0.0,0.0
2026-02-04 14:45:00-05:00,127.13999938964844,128.8800048828125,127.0,128.83999633789062,471203,0.0,0.0
2026-02-04 15:00:00-05:00,128.86000061035156,129.35279846191406,127.2301025390625,127.48999786376952,489982,0.0,0.0
2026-02-04 15:15:00-05:00,127.41999816894533,127.9000015258789,126.9000015258789,127.56999969482422,5407643,0.0,0.0
2026-02-04 15:30:00-05:00,127.58000183105467,129.1300048828125,127.47000122070312,129.10000610351562,530690,0.0,0.0
2026-02-04 15:45:00-05:00,129.09500122070312,129.50990295410156,128.50999450683594,129.05999755859375,8352509,0.0,0.0
2026-02-05 09:30:00-05:00,120.12000274658205,122.0,119.11009979248048,121.18000030517578,4185799,0.0,0.0
2026-02-05 09:45:00-05:00,121.18000030517578,121.2334976196289,116.81999969482422,117.06999969482422,1731761,0.0,0.0
2026-02-05 10:00:00-05:00,117.0999984741211,117.41999816894533,113.36000061035156,113.375,2289437,0.0,0.0
2026-02-05 10:15:00-05:00,113.36000061035156,115.19989776611328,112.93009948730467,112.99099731445312,1997010,0.0,0.0
2026-02-05 10:30:00-05:00,113.01000213623048,114.6999969482422,111.55999755859376,113.83999633789062,1909614,0.0,0.0
2026-02-05 10:45:00-05:00,113.78009796142578,114.87999725341795,112.62000274658205,113.0999984741211,1304048,0.0,0.0
2026-02-05 11:00:00-05:00,113.0999984741211,113.52999877929688,111.2699966430664,111.72750091552734,961281,0.0,0.0
2026-02-05 11:15:00-05:00,111.7249984741211,114.5998992919922,111.68499755859376,114.16000366210938,1097883,0.0,0.0
2026-02-05 11:30:00-05:00,114.19000244140624,114.9000015258789,112.4000015258789,112.52999877929688,941211,0.0,0.0
2026-02-05 11:45:00-05:00,112.53500366210938,114.40989685058594,111.13999938964844,114.06500244140624,1134823,0.0,0.0
2026-02-05 12:00:00-05:00,114.0500030517578,114.5,112.2699966430664,112.73999786376952,674917,0.0,0.0
2026-02-05 12:15:00-05:00,112.73999786376952,114.0,111.66000366210938,113.27999877929688,857927,0.0,0.0
2026-02-05 12:30:00-05:00,113.3289031982422,113.5199966430664,111.87999725341795,112.9499969482422,818770,0.0,0.0
2026-02-05 12:45:00-05:00,113.0,113.15499877929688,110.62999725341795,110.71399688720705,1019028,0.0,0.0
2026-02-05 13:00:00-05:00,110.7300033569336,111.35990142822266,110.50170135498048,110.9499969482422,1064918,0.0,0.0
2026-02-05 13:15:00-05:00,110.9800033569336,111.3291015625,109.83999633789062,110.33000183105467,1125712,0.0,0.0
2026-02-05 13:30:00-05:00,110.30999755859376,110.71990203857422,109.5000991821289,109.83999633789062,969912,0.0,0.0
2026-02-05 13:45:00-05:00,109.81999969482422,110.5500030517578,109.01000213623048,110.22000122070312,1025840,0.0,0.0
2026-02-05 14:00:00-05:00,110.21089935302734,111.18000030517578,109.8499984741211,110.6999969482422,946286,0.0,0.0
2026-02-05 14:15:00-05:00,110.6999969482422,111.45999908447266,109.6999969482422,110.12999725341795,1054680,0.0,0.0
2026-02-05 14:30:00-05:00,110.11000061035156,110.69000244140624,109.66000366210938,110.25140380859376,646187,0.0,0.0
2026-02-05 14:45:00-05:00,110.25499725341795,110.51000213623048,109.37999725341795,109.7300033569336,727830,0.0,0.0
2026-02-05 15:00:00-05:00,109.71499633789062,110.0199966430664,108.72000122070312,108.7300033569336,1151054,0.0,0.0
2026-02-05 15:15:00-05:00,108.70149993896484,108.75,106.55999755859376,106.62000274658205,1835415,0.0,0.0
2026-02-05 15:30:00-05:00,106.61499786376952,107.79989624023438,106.43000030517578,106.63999938964844,1859171,0.0,0.0
2026-02-05 15:45:00-05:00,106.62999725341795,107.1999969482422,104.16500091552734,106.94000244140624,4329668,0.0,0.0
2026-02-06 09:30:00-05:00,115.08999633789062,123.23999786376952,114.68000030517578,120.875,4865851,0.0,0.0
2026-02-06 09:45:00-05:00,122.69000244140624,123.5998992919922,121.1501007080078,122.31999969482422,2297453,0.0,0.0
2026-02-06 10:00:00-05:00,122.30999755859376,124.75,121.8000030517578,122.8000030517578,1723759,0.0,0.0
2026-02-06 10:15:00-05:00,122.86000061035156,125.37999725341795,122.86000061035156,125.19249725341795,1610181,0.0,0.0
2026-02-06 10:30:00-05:00,125.1999969482422,126.7699966430664,123.0,126.66000366210938,1624884,0.0,0.0
2026-02-06 10:45:00-05:00,125.43109893798828,126.8000030517578,125.43109893798828,126.56759643554688,1643459,0.0,0.0
2026-02-06 11:00:00-05:00,126.62000274658205,128.60499572753906,126.37000274658205,128.5500030517578,1382017,0.0,0.0
2026-02-06 11:15:00-05:00,129.0780029296875,129.5399932861328,127.9499969482422,128.3300018310547,9198034,0.0,0.0
2026-02-06 11:30:00-05:00,128.3350067138672,129.1300048828125,127.7300033569336,129.11830139160156,690370,0.0,0.0
2026-02-06 11:45:00-05:00,129.11000061035156,130.5,128.50999450683594,130.11000061035156,1081420,0.0,0.0
2026-02-06 12:00:00-05:00,130.125,131.0500030517578,129.2700958251953,130.69000244140625,994235,0.0,0.0
2026-02-06 12:15:00-05:00,130.67999267578125,132.57989501953125,130.33999633789062,132.38670349121094,1137871,0.0,0.0
2026-02-06 12:30:00-05:00,132.3699951171875,133.54989624023438,131.5800018310547,133.1199951171875,1573635,0.0,0.0
2026-02-06 12:45:00-05:00,133.07000732421875,133.99989318847656,132.39999389648438,132.76499938964844,1125215,0.0,0.0
2026-02-06 13:00:00-05:00,132.75999450683594,133.2899932861328,131.31500244140625,131.47000122070312,803469,0.0,0.0
2026-02-06 13:15:00-05:00,132.34860229492188,132.47000122070312,130.85000610351562,131.13560485839844,1126613,0.0,0.0
2026-02-06 13:30:00-05:00,131.1199951171875,132.92999267578125,131.0800018310547,132.38499450683594,771597,0.0,0.0
2026-02-06 13:45:00-05:00,132.35000610351562,132.60000610351562,131.49000549316406,131.49009704589844,533853,0.0,0.0
2026-02-06 14:00:00-05:00,131.50999450683594,132.88999938964844,131.11749267578125,132.30999755859375,771440,0.0,0.0
2026-02-06 14:15:00-05:00,132.25999450683594,133.2899932861328,131.63999938964844,133.11000061035156,661685,0.0,0.0
2026-02-06 14:30:00-05:00,133.0800018310547,133.86000061035156,132.80079650878906,133.8300018310547,623395,0.0,0.0
2026-02-06 14:45:00-05:00,133.8385009765625,133.9499969482422,132.58009338378906,133.0,728316,0.0,0.0
2026-02-06 15:00:00-05:00,132.90499877929688,133.5500030517578,132.3101043701172,133.32000732421875,755872,0.0,0.0
2026-02-06 15:15:00-05:00,133.32000732421875,133.5688018798828,132.63999938964844,133.5500030517578,658632,0.0,0.0
2026-02-06 15:30:00-05:00,133.52499389648438,134.97999572753906,133.0,134.08999633789062,1251122,0.0,0.0
2026-02-06 15:45:00-05:00,134.0500030517578,135.6199951171875,133.7301025390625,134.8699951171875,2717562,0.0,0.0
2026-02-09 09:30:00-05:00,127.3550033569336,129.86000061035156,125.1500015258789,128.69000244140625,3129312,0.0,0.0
2026-02-09 09:45:00-05:00,128.67999267578125,131.02999877929688,128.1699981689453,130.11000061035156,1214882,0.0,0.0
2026-02-09 10:00:00-05:00,130.0500030517578,132.64999389648438,130.0399932861328,132.1800994873047,1015664,0.0,0.0
2026-02-09 10:15:00-05:00,132.22000122070312,132.97000122070312,127.7699966430664,127.91999816894533,1384340,0.0,0.0
2026-02-09 10:30:00-05:00,127.95999908447266,131.6199951171875,127.33999633789062,131.20249938964844,990909,0.0,0.0
2026-02-09 10:45:00-05:00,131.32989501953125,132.39999389648438,131.0800018310547,132.1999969482422,489700,0.0,0.0
2026-02-09 11:00:00-05:00,132.25,132.97000122070312,131.9499969482422,132.7429962158203,562079,0.0,0.0
2026-02-09 11:15:00-05:00,132.77999877929688,134.63999938964844,132.5800018310547,134.36000061035156,554610,0.0,0.0
2026-02-09 11:30:00-05:00,134.35000610351562,135.61990356445312,134.1699981689453,135.27999877929688,712168,0.0,0.0
2026-02-09 11:45:00-05:00,135.27999877929688,136.6999969482422,135.27000427246094,136.52000427246094,818222,0.0,0.0
2026-02-09 12:00:00-05:00,136.5,137.27999877929688,136.14999389648438,136.3699951171875,682430,0.0,0.0
2026-02-09 12:15:00-05:00,136.35000610351562,137.1999969482422,136.05999755859375,136.58999633789062,616219,0.0,0.0
2026-02-09 12:30:00-05:00,136.58999633789062,139.375,136.50390625,139.14999389648438,763895,0.0,0.0
2026-02-09 12:45:00-05:00,139.19000244140625,139.49000549316406,138.35000610351562,138.57879638671875,676966,0.0,0.0
2026-02-09 13:00:00-05:00,138.6199951171875,139.5800018310547,137.8800048828125,138.0500030517578,665051,0.0,0.0
2026-02-09 13:15:00-05:00,138.1199951171875,138.2100067138672,135.75999450683594,137.6824951171875,772777,0.0,0.0
2026-02-09 13:30:00-05:00,137.72000122070312,138.5800018310547,137.26010131835938,138.20989990234375,710675,0.0,0.0
2026-02-09 13:45:00-05:00,138.16000366210938,138.32000732421875,135.8000030517578,136.5500030517578,713968,0.0,0.0
2026-02-09 14:00:00-05:00,136.5500030517578,136.5500030517578,135.50999450683594,135.8000030517578,604412,0.0,0.0
2026-02-09 14:15:00-05:00,135.8699951171875,136.9600067138672,135.80999755859375,136.9250030517578,537549,0.0,0.0
2026-02-09 14:30:00-05:00,136.9311981201172,137.2899932861328,136.14999389648438,136.27999877929688,373011,0.0,0.0
2026-02-09 14:45:00-05:00,136.2100067138672,136.67999267578125,135.99000549316406,136.34500122070312,8128371,0.0,0.0
2026-02-09 15:00:00-05:00,136.35000610351562,137.4199981689453,136.0,136.8699951171875,423449,0.0,0.0
2026-02-09 15:15:00-05:00,136.82000732421875,136.82000732421875,135.6699981689453,136.11000061035156,450460,0.0,0.0
2026-02-09 15:30:00-05:00,136.1300048828125,137.60499572753906,135.89999389648438,137.57420349121094,463178,0.0,0.0
2026-02-09 15:45:00-05:00,137.5850067138672,138.86000061035156,137.52000427246094,138.47999572753906,1654004,0.0,0.0
2026-02-10 09:30:00-05:00,133.77000427246094,137.75619506835938,133.58999633789062,136.1300048828125,3464846,0.0,0.0
2026-02-10 09:45:00-05:00,136.1199951171875,136.22000122070312,133.5,135.60800170898438,939072,0.0,0.0
2026-02-10 10:00:00-05:00,135.55999755859375,136.89999389648438,134.99000549316406,135.77999877929688,750279,0.0,0.0
2026-02-10 10:15:00-05:00,135.74000549316406,137.25999450683594,135.1999969482422,136.41009521484375,554539,0.0,0.0
2026-02-10 10:30:00-05:00,136.47999572753906,139.16000366210938,136.2899932861328,138.22999572753906,793797,0.0,0.0
2026-02-10 10:45:00-05:00,138.13999938964844,138.99000549316406,137.27560424804688,138.4600067138672,513605,0.0,0.0
2026-02-10 11:00:00-05:00,138.41009521484375,138.77000427246094,136.67999267578125,138.5850067138672,553307,0.0,0.0
2026-02-10 11:15:00-05:00,138.57470703125,138.69000244140625,137.2834930419922,137.57000732421875,443112,0.0,0.0
2026-02-10 11:30:00-05:00,137.55999755859375,138.39979553222656,136.8699951171875,137.69000244140625,375605,0.0,0.0
2026-02-10 11:45:00-05:00,137.69000244140625,138.41000366210938,136.94000244140625,137.3300018310547,300567,0.0,0.0
2026-02-10 12:00:00-05:00,137.1999969482422,137.6300048828125,136.7104034423828,137.36570739746094,238951,0.0,0.0
2026-02-10 12:15:00-05:00,137.39999389648438,138.16000366210938,136.52999877929688,136.81500244140625,312788,0.0,0.0
2026-02-10 12:30:00-05:00,136.75,137.74000549316406,136.6199951171875,137.07029724121094,310895,0.0,0.0
2026-02-10 12:45:00-05:00,137.05999755859375,138.1999969482422,137.05999755859375,137.56500244140625,336911,0.0,0.0
2026-02-10 13:00:00-05:00,137.5800018310547,137.63999938964844,135.91000366210938,136.24000549316406,319966,0.0,0.0
2026-02-10 13:15:00-05:00,136.1999969482422,136.22000122070312,134.17999267578125,134.22999572753906,476355,0.0,0.0
2026-02-10 13:30:00-05:00,134.13999938964844,135.3800048828125,134.11000061035156,134.81500244140625,318618,0.0,0.0
2026-02-10 13:45:00-05:00,134.86000061035156,134.91000366210938,133.64999389648438,134.47500610351562,379776,0.0,0.0
2026-02-10 14:00:00-05:00,134.52999877929688,134.77000427246094,133.91000366210938,134.54510498046875,226957,0.0,0.0
2026-02-10 14:15:00-05:00,134.5399932861328,134.88999938964844,134.08599853515625,134.76809692382812,253302,0.0,0.0
2026-02-10 14:30:00-05:00,134.7449951171875,135.85000610351562,134.5500030517578,135.53500366210938,353965,0.0,0.0
2026-02-10 14:45:00-05:00,135.53500366210938,135.66000366210938,133.94000244140625,134.1300048828125,287883,0.0,0.0
2026-02-10 15:00:00-05:00,134.11000061035156,134.42999267578125,133.13999938964844,133.22999572753906,428338,0.0,0.0
2026-02-10 15:15:00-05:00,133.22999572753906,133.97999572753906,133.2100067138672,133.33999633789062,344294,0.0,0.0
2026-02-10 15:30:00-05:00,133.3280029296875,133.8300018310547,132.67750549316406,133.58999633789062,597713,0.0,0.0
2026-02-10 15:45:00-05:00,133.58999633789062,134.08999633789062,132.9010009765625,133.00999450683594,1259589,0.0,0.0
2026-02-11 09:30:00-05:00,133.68499755859375,133.91000366210938,128.61000061035156,130.44009399414062,1959299,0.0,0.0
2026-02-11 09:45:00-05:00,130.52000427246094,131.15330505371094,128.0059051513672,128.38999938964844,771432,0.0,0.0
2026-02-11 10:00:00-05:00,128.41000366210938,128.60220336914062,125.4499969482422,126.4800033569336,1284646,0.0,0.0
2026-02-11 10:15:00-05:00,126.47000122070312,128.0,126.11000061035156,126.68000030517578,923015,0.0,0.0
2026-02-11 10:30:00-05:00,126.66999816894533,129.75999450683594,126.5,129.5,862618,0.0,0.0
2026-02-11 10:45:00-05:00,129.55999755859375,130.00999450683594,128.25999450683594,128.9949951171875,585048,0.0,0.0
2026-02-11 11:00:00-05:00,128.9199981689453,130.3699951171875,128.1999969482422,130.22000122070312,3688951,0.0,0.0
2026-02-11 11:15:00-05:00,130.2100067138672,130.38099670410156,128.6284942626953,128.64999389648438,284601,0.0,0.0
2026-02-11 11:30:00-05:00,128.6199951171875,128.94000244140625,127.02649688720705,127.02649688720705,472482,0.0,0.0
2026-02-11 11:45:00-05:00,127.0199966430664,127.2300033569336,126.0999984741211,126.31999969482422,461997,0.0,0.0
2026-02-11 12:00:00-05:00,126.3000030517578,126.81999969482422,125.6999969482422,126.57559967041016,588611,0.0,0.0
2026-02-11 12:15:00-05:00,126.62999725341795,127.44000244140624,126.26000213623048,127.0199966430664,438957,0.0,0.0
2026-02-11 12:30:00-05:00,127.05999755859376,127.4499969482422,126.0709991455078,126.22000122070312,382119,0.0,0.0
2026-02-11 12:45:00-05:00,126.2699966430664,126.75,125.54000091552734,125.66000366210938,349406,0.0,0.0
2026-02-11 13:00:00-05:00,125.6449966430664,125.6999969482422,124.3000030517578,124.81999969482422,623638,0.0,0.0
2026-02-11 13:15:00-05:00,124.79000091552734,125.62999725341795,124.62000274658205,125.22149658203124,375215,0.0,0.0
2026-02-11 13:30:00-05:00,125.2300033569336,125.53990173339844,124.87000274658205,125.1750030517578,382382,0.0,0.0
2026-02-11 13:45:00-05:00,125.13480377197266,125.94989776611328,124.33999633789062,125.86499786376952,475232,0.0,0.0
2026-02-11 14:00:00-05:00,125.83000183105467,126.97989654541016,125.25,126.9000015258789,472371,0.0,0.0
2026-02-11 14:15:00-05:00,126.86060333251952,127.18000030517578,126.36000061035156,126.38999938964844,404541,0.0,0.0
2026-02-11 14:30:00-05:00,126.41000366210938,127.23999786376952,125.62000274658205,127.0,341045,0.0,0.0
2026-02-11 14:45:00-05:00,126.98999786376952,127.3499984741211,126.38500213623048,126.80500030517578,287124,0.0,0.0
2026-02-11 15:00:00-05:00,126.81849670410156,127.3000030517578,124.86009979248048,125.33000183105467,381023,0.0,0.0
2026-02-11 15:15:00-05:00,125.3249969482422,125.52999877929688,123.91500091552734,124.0250015258789,561748,0.0,0.0
2026-02-11 15:30:00-05:00,124.04000091552734,125.25,124.02999877929688,125.01000213623048,595196,0.0,0.0
2026-02-11 15:45:00-05:00,125.01000213623048,126.29000091552734,124.88999938964844,126.1500015258789,1489692,0.0,0.0
2026-02-12 09:30:00-05:00,127.50499725341795,128.5,126.08999633789062,126.4749984741211,1657070,0.0,0.0
2026-02-12 09:45:00-05:00,126.51000213623048,128.41000366210938,125.85009765625,126.33000183105467,765202,0.0,0.0
2026-02-12 10:00:00-05:00,126.41000366210938,126.69000244140624,124.41999816894533,126.3000030517578,827463,0.0,0.0
2026-02-12 10:15:00-05:00,126.33999633789062,127.04000091552734,125.64550018310548,126.2300033569336,488530,0.0,0.0
2026-02-12 10:30:00-05:00,126.26000213623048,126.87999725341795,124.5199966430664,125.0999984741211,574371,0.0,0.0
2026-02-12 10:45:00-05:00,125.0999984741211,125.87999725341795,123.75,123.94000244140624,521717,0.0,0.0
2026-02-12 11:00:00-05:00,123.94000244140624,124.6999969482422,122.30999755859376,122.37999725341795,646022,0.0,0.0
2026-02-12 11:15:00-05:00,122.43000030517578,122.96990203857422,120.8000030517578,120.97000122070312,739611,0.0,0.0
2026-02-12 11:30:00-05:00,120.91999816894533,122.7300033569336,120.63999938964844,121.9499969482422,726423,0.0,0.0
2026-02-12 11:45:00-05:00,121.91000366210938,122.30919647216795,120.9800033569336,121.6050033569336,436151,0.0,0.0
2026-02-12 12:00:00-05:00,121.55999755859376,122.38999938964844,120.7300033569336,121.31999969482422,476808,0.0,0.0
2026-02-12 12:15:00-05:00,121.31999969482422,123.1500015258789,121.05999755859376,122.52999877929688,385642,0.0,0.0
2026-02-12 12:30:00-05:00,122.58000183105467,124.0199966430664,122.11170196533205,123.58999633789062,498899,0.0,0.0
2026-02-12 12:45:00-05:00,123.58000183105467,123.66999816894533,121.66000366210938,121.66000366210938,334854,0.0,0.0
2026-02-12 13:00:00-05:00,121.70040130615234,123.2300033569336,121.4499969482422,123.1750030517578,342570,0.0,0.0
2026-02-12 13:15:00-05:00,123.18000030517578,123.2300033569336,121.0999984741211,121.87000274658205,332353,0.0,0.0
2026-02-12 13:30:00-05:00,121.80999755859376,122.60340118408205,121.3000030517578,122.01499938964844,243671,0.0,0.0
2026-02-12 13:45:00-05:00,121.9499969482422,122.2699966430664,120.95999908447266,121.23999786376952,319970,0.0,0.0
2026-02-12 14:00:00-05:00,121.2699966430664,121.94000244140624,120.87999725341795,121.40499877929688,291941,0.0,0.0
2026-02-12 14:15:00-05:00,121.44000244140624,122.43990325927734,121.27999877929688,121.91999816894533,433568,0.0,0.0
2026-02-12 14:30:00-05:00,121.94499969482422,124.0,121.94499969482422,123.95999908447266,409638,0.0,0.0
2026-02-12 14:45:00-05:00,123.9499969482422,124.63500213623048,122.80010223388672,123.08999633789062,460051,0.0,0.0
2026-02-12 15:00:00-05:00,123.12000274658205,124.33000183105467,122.92169952392578,123.2750015258789,399389,0.0,0.0
2026-02-12 15:15:00-05:00,123.31999969482422,123.33000183105467,122.63999938964844,122.80999755859376,291705,0.0,0.0
2026-02-12 15:30:00-05:00,122.77999877929688,123.81500244140624,122.5,123.7300033569336,450492,0.0,0.0
2026-02-12 15:45:00-05:00,123.72000122070312,123.7699966430664,122.72000122070312,122.7750015258789,6102561,0.0,0.0
2026-02-13 09:30:00-05:00,127.04499816894533,129.39999389648438,125.76000213623048,128.13499450683594,1603441,0.0,0.0
2026-02-13 09:45:00-05:00,130.4499969482422,131.5500030517578,128.09010314941406,129.2899932861328,1132718,0.0,0.0
2026-02-13 10:00:00-05:00,129.3699951171875,131.89999389648438,129.11000061035156,131.14500427246094,2253901,0.0,0.0
2026-02-13 10:15:00-05:00,131.10800170898438,133.5800018310547,130.6999969482422,133.5800018310547,834672,0.0,0.0
2026-02-13 10:30:00-05:00,133.6199951171875,134.36500549316406,131.6501007080078,131.76499938964844,864250,0.0,0.0
2026-02-13 10:45:00-05:00,131.77999877929688,132.91000366210938,130.7104949951172,132.3699951171875,672067,0.0,0.0
2026-02-13 11:00:00-05:00,132.3699951171875,133.05999755859375,131.54539489746094,132.9600067138672,454769,0.0,0.0
2026-02-13 11:15:00-05:00,132.8699951171875,133.47000122070312,131.53309631347656,132.55999755859375,395224,0.0,0.0
2026-02-13 11:30:00-05:00,132.63499450683594,133.49000549316406,132.11000061035156,133.27499389648438,434266,0.0,0.0
2026-02-13 11:45:00-05:00,133.30999755859375,133.47999572753906,132.08680725097656,132.24000549316406,272034,0.0,0.0
2026-02-13 12:00:00-05:00,132.2899932861328,132.72999572753906,131.52000427246094,132.60000610351562,338207,0.0,0.0
2026-02-13 12:15:00-05:00,132.63999938964844,133.36000061035156,132.25,132.64500427246094,313113,0.0,0.0
2026-02-13 12:30:00-05:00,132.6699981689453,133.6999969482422,132.60000610351562,133.39999389648438,3987261,0.0,0.0
2026-02-13 12:45:00-05:00,133.41000366210938,133.6396942138672,132.68499755859375,132.80999755859375,203818,0.0,0.0
2026-02-13 13:00:00-05:00,132.90499877929688,133.39990234375,132.22999572753906,132.8699951171875,308784,0.0,0.0
2026-02-13 13:15:00-05:00,132.83999633789062,133.4600067138672,131.9499969482422,132.3300018310547,291519,0.0,0.0
2026-02-13 13:30:00-05:00,132.36000061035156,134.10000610351562,132.07000732421875,133.83999633789062,348552,0.0,0.0
2026-02-13 13:45:00-05:00,133.94000244140625,134.83999633789062,133.91799926757812,134.52499389648438,405859,0.0,0.0
2026-02-13 14:00:00-05:00,134.52499389648438,134.89999389648438,134.0,134.40390014648438,341022,0.0,0.0
2026-02-13 14:15:00-05:00,134.41000366210938,135.25,133.74000549316406,133.97999572753906,396807,0.0,0.0
2026-02-13 14:30:00-05:00,134.0500030517578,135.1699981689453,133.4199981689453,134.67999267578125,461739,0.0,0.0
2026-02-13 14:45:00-05:00,134.63999938964844,135.07000732421875,133.77699279785156,133.9199981689453,325789,0.0,0.0
2026-02-13 15:00:00-05:00,133.99000549316406,135.0625,133.89999389648438,134.44500732421875,387972,0.0,0.0
2026-02-13 15:15:00-05:00,134.42999267578125,135.1999969482422,134.36000061035156,134.9199981689453,554194,0.0,0.0
2026-02-13 15:30:00-05:00,134.8699951171875,135.11000061035156,133.60000610351562,133.88499450683594,620690,0.0,0.0
2026-02-13 15:45:00-05:00,133.86000061035156,134.52000427246094,133.4499969482422,133.8800048828125,1249620,0.0,0.0
2026-02-17 09:30:00-05:00,129.0850067138672,131.61000061035156,127.91000366210938,128.50999450683594,2834650,0.0,0.0
2026-02-17 09:45:00-05:00,128.55999755859375,129.00999450683594,126.5199966430664,126.58999633789062,759466,0.0,0.0
2026-02-17 10:00:00-05:00,126.58000183105467,127.87999725341795,126.36009979248048,126.7300033569336,526070,0.0,0.0
2026-02-17 10:15:00-05:00,126.68000030517578,127.7699966430664,126.1999969482422,126.75,446358,0.0,0.0
2026-02-17 10:30:00-05:00,126.75,127.24829864501952,125.91000366210938,127.24829864501952,422039,0.0,0.0
2026-02-17 10:45:00-05:00,127.19000244140624,128.92999267578125,127.19000244140624,128.88999938964844,507222,0.0,0.0
2026-02-17 11:00:00-05:00,128.90499877929688,130.92430114746094,128.69000244140625,130.81500244140625,557307,0.0,0.0
2026-02-17 11:15:00-05:00,130.86000061035156,131.8699951171875,130.33999633789062,130.40499877929688,418220,0.0,0.0
2026-02-17 11:30:00-05:00,130.40499877929688,131.8800048828125,129.9508056640625,130.9882049560547,386066,0.0,0.0
2026-02-17 11:45:00-05:00,131.0500030517578,131.08999633789062,130.0500946044922,130.3300018310547,281141,0.0,0.0
2026-02-17 12:00:00-05:00,130.30999755859375,130.92999267578125,129.33999633789062,129.4199981689453,311919,0.0,0.0
2026-02-17 12:15:00-05:00,129.3699951171875,129.6999969482422,128.66000366210938,129.5,280673,0.0,0.0
2026-02-17 12:30:00-05:00,129.5500030517578,129.74000549316406,128.0500030517578,128.10000610351562,303850,0.0,0.0
2026-02-17 12:45:00-05:00,128.10000610351562,129.75,127.76000213623048,129.6699981689453,274563,0.0,0.0
2026-02-17 13:00:00-05:00,129.69000244140625,129.7100067138672,128.82000732421875,129.40499877929688,133707,0.0,0.0
2026-02-17 13:15:00-05:00,129.3800048828125,130.75999450683594,128.99000549316406,130.60000610351562,229567,0.0,0.0
2026-02-17 13:30:00-05:00,130.6199951171875,131.4199981689453,130.1999969482422,131.23500061035156,210149,0.0,0.0
2026-02-17 13:45:00-05:00,131.1999969482422,132.1199951171875,130.77000427246094,131.32000732421875,263003,0.0,0.0
2026-02-17 14:00:00-05:00,131.3000030517578,131.529296875,130.60000610351562,131.21800231933594,185426,0.0,0.0
2026-02-17 14:15:00-05:00,131.2100067138672,131.33999633789062,129.77999877929688,129.83999633789062,257982,0.0,0.0
2026-02-17 14:30:00-05:00,129.85000610351562,130.44000244140625,129.61000061035156,130.381103515625,155974,0.0,0.0
2026-02-17 14:45:00-05:00,130.39999389648438,130.41000366210938,129.47000122070312,129.86000061035156,205754,0.0,0.0
2026-02-17 15:00:00-05:00,129.86500549316406,130.3000030517578,129.08999633789062,129.21499633789062,243577,0.0,0.0
2026-02-17 15:15:00-05:00,129.22210693359375,129.33999633789062,128.35000610351562,128.9199981689453,286183,0.0,0.0
2026-02-17 15:30:00-05:00,128.89999389648438,129.39999389648438,128.4600067138672,129.19000244140625,372088,0.0,0.0
2026-02-17 15:45:00-05:00,129.22000122070312,129.4499969482422,128.5399932861328,128.67999267578125,964324,0.0,0.0
2026-02-18 09:30:00-05:00,127.625,128.2899932861328,126.20999908447266,127.87000274658205,900080,0.0,0.0
2026-02-18 09:45:00-05:00,127.9000015258789,128.83999633789062,126.04000091552734,128.70750427246094,867593,0.0,0.0
2026-02-18 10:00:00-05:00,128.69749450683594,130.16000366210938,128.5500030517578,128.98500061035156,750488,0.0,0.0
2026-02-18 10:15:00-05:00,129.02000427246094,130.125,128.82000732421875,129.41000366210938,480197,0.0,0.0
2026-02-18 10:30:00-05:00,129.42999267578125,132.25,128.9499969482422,131.4199981689453,632733,0.0,0.0
2026-02-18 10:45:00-05:00,131.36000061035156,131.37869262695312,130.0500030517578,130.7100067138672,373584,0.0,0.0
2026-02-18 11:00:00-05:00,130.75,130.89999389648438,129.4600067138672,129.57000732421875,459129,0.0,0.0
2026-02-18 11:15:00-05:00,129.61900329589844,130.08999633789062,129.32000732421875,129.71499633789062,246685,0.0,0.0
2026-02-18 11:30:00-05:00,129.75,129.83999633789062,128.8699951171875,129.54710388183594,274960,0.0,0.0
2026-02-18 11:45:00-05:00,129.5399932861328,130.0500030517578,128.89999389648438,129.19000244140625,250376,0.0,0.0
2026-02-18 12:00:00-05:00,129.1300048828125,130.3300018310547,129.08999633789062,129.235107421875,204702,0.0,0.0
2026-02-18 12:15:00-05:00,129.1999969482422,129.375,128.5500030517578,128.8000030517578,217941,0.0,0.0
2026-02-18 12:30:00-05:00,128.80740356445312,129.10000610351562,128.0469970703125,128.0469970703125,324423,0.0,0.0
2026-02-18 12:45:00-05:00,128.1199951171875,128.2899932861328,127.75,128.12950134277344,313469,0.0,0.0
2026-02-18 13:00:00-05:00,128.10000610351562,128.5,127.7300033569336,127.8750991821289,199807,0.0,0.0
2026-02-18 13:15:00-05:00,127.91000366210938,127.93000030517578,126.73999786376952,127.00499725341795,343223,0.0,0.0
2026-02-18 13:30:00-05:00,127.03990173339844,127.27999877929688,126.22000122070312,126.38999938964844,328177,0.0,0.0
2026-02-18 13:45:00-05:00,126.41000366210938,127.3499984741211,126.21749877929688,126.9000015258789,302298,0.0,0.0
2026-02-18 14:00:00-05:00,126.9000015258789,127.31999969482422,126.46009826660156,126.53990173339844,246761,0.0,0.0
2026-02-18 14:15:00-05:00,126.47000122070312,126.72000122070312,125.77999877929688,126.04000091552734,330208,0.0,0.0
2026-02-18 14:30:00-05:00,126.01000213623048,126.09210205078124,124.1500015258789,124.48999786376952,543136,0.0,0.0
2026-02-18 14:45:00-05:00,124.47000122070312,124.8000030517578,123.95999908447266,124.36000061035156,3431397,0.0,0.0
2026-02-18 15:00:00-05:00,124.41000366210938,125.23999786376952,124.07039642333984,124.12000274658205,295882,0.0,0.0
2026-02-18 15:15:00-05:00,124.12000274658205,124.2699966430664,123.61499786376952,123.83499908447266,454492,0.0,0.0
2026-02-18 15:30:00-05:00,123.80999755859376,125.77999877929688,123.6999969482422,125.5500030517578,643666,0.0,0.0
2026-02-18 15:45:00-05:00,125.5500030517578,126.0,125.0999984741211,125.2300033569336,4310329,0.0,0.0
2026-02-19 09:30:00-05:00,123.40499877929688,124.9499969482422,121.87000274658205,124.6449966430664,1122068,0.0,0.0
2026-02-19 09:45:00-05:00,124.6449966430664,126.12000274658205,123.5,125.3000030517578,541610,0.0,0.0
2026-02-19 10:00:00-05:00,125.30999755859376,126.2699966430664,123.83000183105467,123.91500091552734,426470,0.0,0.0
2026-02-19 10:15:00-05:00,123.9800033569336,124.8499984741211,123.3000030517578,123.6449966430664,341851,0.0,0.0
2026-02-19 10:30:00-05:00,123.54000091552734,125.18000030517578,123.33499908447266,124.6750030517578,316419,0.0,0.0
2026-02-19 10:45:00-05:00,124.7249984741211,125.2300033569336,124.0500030517578,124.76000213623048,298909,0.0,0.0
2026-02-19 11:00:00-05:00,124.7750015258789,124.91999816894533,123.76000213623048,124.3145980834961,253091,0.0,0.0
2026-02-19 11:15:00-05:00,124.29499816894533,124.86000061035156,123.72000122070312,123.8550033569336,262127,0.0,0.0
2026-02-19 11:30:00-05:00,123.94000244140624,125.16999816894533,123.94000244140624,124.66829681396484,227075,0.0,0.0
2026-02-19 11:45:00-05:00,124.75990295410156,125.31999969482422,124.19000244140624,125.06999969482422,240290,0.0,0.0
2026-02-19 12:00:00-05:00,125.08000183105467,126.25,124.9000015258789,126.06500244140624,345683,0.0,0.0
2026-02-19 12:15:00-05:00,126.09500122070312,127.16500091552734,125.72010040283205,126.0198974609375,359720,0.0,0.0
2026-02-19 12:30:00-05:00,125.94000244140624,126.83309936523438,125.6500015258789,126.2750015258789,273685,0.0,0.0
2026-02-19 12:45:00-05:00,126.37000274658205,126.46990203857422,125.1500015258789,125.81999969482422,316714,0.0,0.0
2026-02-19 13:00:00-05:00,125.79000091552734,126.41999816894533,125.20999908447266,126.36000061035156,219143,0.0,0.0
2026-02-19 13:15:00-05:00,126.33000183105467,127.12000274658205,125.55999755859376,126.7500991821289,305883,0.0,0.0
2026-02-19 13:30:00-05:00,126.80500030517578,127.33000183105467,126.1999969482422,127.30999755859376,203264,0.0,0.0
2026-02-19 13:45:00-05:00,127.30500030517578,127.9499969482422,127.2699966430664,127.78500366210938,364770,0.0,0.0
2026-02-19 14:00:00-05:00,127.8000030517578,127.9499969482422,126.55999755859376,127.15499877929688,319761,0.0,0.0
2026-02-19 14:15:00-05:00,127.18000030517578,127.27999877929688,125.9000015258789,126.37000274658205,239789,0.0,0.0
2026-02-19 14:30:00-05:00,126.36499786376952,126.97000122070312,126.1500015258789,126.36000061035156,212658,0.0,0.0
2026-02-19 14:45:00-05:00,126.37999725341795,127.69000244140624,126.12999725341795,127.318603515625,298276,0.0,0.0
2026-02-19 15:00:00-05:00,127.3000030517578,127.80979919433594,126.95999908447266,127.23999786376952,215656,0.0,0.0
2026-02-19 15:15:00-05:00,127.1999969482422,127.27999877929688,126.58499908447266,126.83499908447266,235495,0.0,0.0
2026-02-19 15:30:00-05:00,126.79000091552734,128.57989501953125,126.5999984741211,128.5,464219,0.0,0.0
2026-02-19 15:45:00-05:00,128.50999450683594,130.0399932861328,128.47000122070312,129.57899475097656,1464249,0.0,0.0
2026-02-20 09:30:00-05:00,130.8800048828125,133.17999267578125,129.41000366210938,132.05499267578125,1609418,0.0,0.0
2026-02-20 09:45:00-05:00,132.1300048828125,132.67999267578125,130.8300018310547,132.33999633789062,549373,0.0,0.0
2026-02-20 10:00:00-05:00,132.38999938964844,136.13999938964844,131.5800018310547,131.61000061035156,1248767,0.0,0.0
2026-02-20 10:15:00-05:00,131.63999938964844,134.1300048828125,130.6020050048828,133.6427001953125,717135,0.0,0.0
2026-02-20 10:30:00-05:00,133.60000610351562,133.72000122070312,132.0991973876953,132.90499877929688,461438,0.0,0.0
2026-02-20 10:45:00-05:00,132.8300018310547,134.1999969482422,132.47000122070312,133.77000427246094,441862,0.0,0.0
2026-02-20 11:00:00-05:00,133.8000030517578,134.4398956298828,133.35000610351562,133.4250030517578,434877,0.0,0.0
2026-02-20 11:15:00-05:00,133.4600067138672,133.57989501953125,132.18499755859375,132.1999969482422,373685,0.0,0.0
2026-02-20 11:30:00-05:00,132.30999755859375,133.1999969482422,132.093994140625,132.75999450683594,312929,0.0,0.0
2026-02-20 11:45:00-05:00,132.7949981689453,133.57000732421875,132.7449951171875,133.11000061035156,333126,0.0,0.0
2026-02-20 12:00:00-05:00,133.14999389648438,133.2100067138672,131.4499969482422,131.49000549316406,305438,0.0,0.0
2026-02-20 12:15:00-05:00,131.47000122070312,131.49000549316406,130.24000549316406,130.7449951171875,3751917,0.0,0.0
2026-02-20 12:30:00-05:00,130.74000549316406,131.85000610351562,130.13040161132812,131.52000427246094,208403,0.0,0.0
2026-02-20 12:45:00-05:00,131.52000427246094,133.28619384765625,131.3699951171875,133.0850067138672,300264,0.0,0.0
2026-02-20 13:00:00-05:00,133.0500030517578,133.24000549316406,132.02999877929688,132.22000122070312,221332,0.0,0.0
2026-02-20 13:15:00-05:00,132.23500061035156,132.23500061035156,131.1699981689453,131.80999755859375,210350,0.0,0.0
2026-02-20 13:30:00-05:00,131.72999572753906,133.4499969482422,131.33999633789062,133.40469360351562,313441,0.0,0.0
2026-02-20 13:45:00-05:00,133.47000122070312,133.94000244140625,132.49000549316406,133.33999633789062,271290,0.0,0.0
2026-02-20 14:00:00-05:00,133.4499969482422,133.85000610351562,132.47000122070312,132.52000427246094,230165,0.0,0.0
2026-02-20 14:15:00-05:00,132.52499389648438,132.58999633789062,130.9600067138672,131.2760009765625,313901,0.0,0.0
2026-02-20 14:30:00-05:00,131.27999877929688,131.86000061035156,130.89999389648438,131.02999877929688,226404,0.0,0.0
2026-02-20 14:45:00-05:00,131.0500030517578,131.4600067138672,130.5399932861328,130.6199951171875,227571,0.0,0.0
2026-02-20 15:00:00-05:00,130.63999938964844,131.85000610351562,130.5200958251953,131.2100067138672,241076,0.0,0.0
2026-02-20 15:15:00-05:00,131.2050018310547,131.2050018310547,130.35499572753906,130.52000427246094,255013,0.0,0.0
2026-02-20 15:30:00-05:00,130.47000122070312,131.7899932861328,130.35000610351562,131.72000122070312,309145,0.0,0.0
2026-02-20 15:45:00-05:00,131.74000549316406,131.82000732421875,130.88999938964844,130.99000549316406,708191,0.0,0.0
2026-02-23 09:30:00-05:00,127.8949966430664,128.9136962890625,126.18000030517578,127.75,1273428,0.0,0.0
2026-02-23 09:45:00-05:00,127.8000030517578,129.80999755859375,127.41999816894533,129.25,767790,0.0,0.0
2026-02-23 10:00:00-05:00,129.2550048828125,130.375,127.62999725341795,128.01119995117188,2101257,0.0,0.0
2026-02-23 10:15:00-05:00,128.0758056640625,128.9499969482422,127.37999725341795,127.7249984741211,1755050,0.0,0.0
2026-02-23 10:30:00-05:00,127.80999755859376,128.88999938964844,127.51370239257812,127.91000366210938,226754,0.0,0.0
2026-02-23 10:45:00-05:00,127.93000030517578,127.98999786376952,126.54000091552734,126.73999786376952,421621,0.0,0.0
2026-02-23 11:00:00-05:00,126.6999969482422,126.81990051269533,124.9000015258789,125.04000091552734,687572,0.0,0.0
2026-02-23 11:15:00-05:00,125.04000091552734,126.04000091552734,124.9000015258789,125.9800033569336,638625,0.0,0.0
2026-02-23 11:30:00-05:00,125.9749984741211,126.61499786376952,125.63999938964844,126.2957000732422,335174,0.0,0.0
2026-02-23 11:45:00-05:00,126.26000213623048,126.47000122070312,125.53500366210938,125.8499984741211,246682,0.0,0.0
2026-02-23 12:00:00-05:00,125.84510040283205,126.45999908447266,125.31999969482422,125.33000183105467,2540093,0.0,0.0
2026-02-23 12:15:00-05:00,125.37000274658205,125.63990020751952,125.12000274658205,125.18000030517578,152169,0.0,0.0
2026-02-23 12:30:00-05:00,125.18499755859376,125.22000122070312,123.4000015258789,123.40070343017578,583829,0.0,0.0
2026-02-23 12:45:00-05:00,123.43000030517578,124.45999908447266,122.83000183105467,124.29000091552734,582020,0.0,0.0
2026-02-23 13:00:00-05:00,124.25,124.8000030517578,123.8499984741211,124.73999786376952,3278626,0.0,0.0
2026-02-23 13:15:00-05:00,124.76000213623048,124.87979888916016,124.11000061035156,124.3458023071289,187719,0.0,0.0
2026-02-23 13:30:00-05:00,124.37000274658205,125.6999969482422,124.05999755859376,125.18000030517578,286622,0.0,0.0
2026-02-23 13:45:00-05:00,125.16999816894533,125.85800170898438,124.9000015258789,125.06999969482422,251391,0.0,0.0
2026-02-23 14:00:00-05:00,125.08999633789062,125.88999938964844,125.06009674072266,125.37999725341795,270869,0.0,0.0
2026-02-23 14:15:00-05:00,125.37999725341795,125.54979705810548,124.20010375976562,124.41000366210938,282301,0.0,0.0
2026-02-23 14:30:00-05:00,124.43499755859376,124.56999969482422,123.8000030517578,124.08999633789062,336846,0.0,0.0
2026-02-23 14:45:00-05:00,124.06999969482422,125.66000366210938,123.73999786376952,124.8949966430664,347198,0.0,0.0
2026-02-23 15:00:00-05:00,124.87999725341795,125.18000030517578,124.02999877929688,124.0749969482422,274412,0.0,0.0
2026-02-23 15:15:00-05:00,124.0999984741211,124.51000213623048,123.4499969482422,123.51000213623048,351866,0.0,0.0
2026-02-23 15:30:00-05:00,123.5,124.94000244140624,123.36000061035156,124.4499969482422,404431,0.0,0.0
2026-02-23 15:45:00-05:00,124.45999908447266,124.5999984741211,123.66999816894533,123.68009948730467,1334957,0.0,0.0
2026-02-24 09:30:00-05:00,121.60099792480467,122.97000122070312,118.4000015258789,122.25080108642578,1580897,0.0,0.0
2026-02-24 09:45:00-05:00,122.2300033569336,124.33000183105467,121.9000015258789,122.2583999633789,772879,0.0,0.0
2026-02-24 10:00:00-05:00,122.22000122070312,123.87999725341795,121.62999725341795,123.69000244140624,1690293,0.0,0.0
2026-02-24 10:15:00-05:00,123.72000122070312,124.81999969482422,123.44000244140624,124.7300033569336,515909,0.0,0.0
2026-02-24 10:30:00-05:00,124.62999725341795,124.83000183105467,122.66000366210938,122.81500244140624,415016,0.0,0.0
2026-02-24 10:45:00-05:00,122.76000213623048,123.7300033569336,122.5500030517578,123.1500015258789,366027,0.0,0.0
2026-02-24 11:00:00-05:00,123.12000274658205,124.52989959716795,123.12000274658205,123.20500183105467,2201985,0.0,0.0
2026-02-24 11:15:00-05:00,123.16999816894533,123.37999725341795,122.58000183105467,123.02999877929688,2309560,0.0,0.0
2026-02-24 11:30:00-05:00,122.95500183105467,123.0,121.4499969482422,122.62000274658205,420083,0.0,0.0
2026-02-24 11:45:00-05:00,122.58999633789062,123.5,122.0999984741211,123.37000274658205,2486701,0.0,0.0
2026-02-24 12:00:00-05:00,123.44000244140624,123.68000030517578,122.9000015258789,123.26000213623048,308192,0.0,0.0
2026-02-24 12:15:00-05:00,123.16000366210938,123.2699966430664,122.5500030517578,122.64700317382812,235620,0.0,0.0
2026-02-24 12:30:00-05:00,122.66999816894533,123.56999969482422,122.66999816894533,123.24500274658205,240081,0.0,0.0
2026-02-24 12:45:00-05:00,123.23500061035156,123.9499969482422,123.11000061035156,123.79000091552734,217972,0.0,0.0
2026-02-24 13:00:00-05:00,123.75,124.41500091552734,122.95999908447266,123.02999877929688,236561,0.0,0.0
2026-02-24 13:15:00-05:00,123.0,124.29000091552734,122.95999908447266,124.20999908447266,231028,0.0,0.0
2026-02-24 13:30:00-05:00,124.22000122070312,124.93990325927734,124.1999969482422,124.8499984741211,317076,0.0,0.0
2026-02-24 13:45:00-05:00,124.8499984741211,126.02999877929688,124.8499984741211,125.37000274658205,394316,0.0,0.0
2026-02-24 14:00:00-05:00,125.44000244140624,126.73989868164062,124.55999755859376,124.55999755859376,455358,0.0,0.0
2026-02-24 14:15:00-05:00,124.55999755859376,124.98989868164062,123.75,124.66999816894533,3369334,0.0,0.0
2026-02-24 14:30:00-05:00,124.68000030517578,125.3499984741211,124.4499969482422,125.18000030517578,289071,0.0,0.0
2026-02-24 14:45:00-05:00,125.1500015258789,125.27999877929688,124.1500015258789,124.30999755859376,265829,0.0,0.0
2026-02-24 15:00:00-05:00,124.33999633789062,124.9499969482422,124.0500030517578,124.12000274658205,312324,0.0,0.0
2026-02-24 15:15:00-05:00,124.12000274658205,124.9999008178711,124.02999877929688,124.62999725341795,261118,0.0,0.0
2026-02-24 15:30:00-05:00,124.62999725341795,125.4000015258789,124.45999908447266,124.77999877929688,310303,0.0,0.0
2026-02-24 15:45:00-05:00,124.75,125.26000213623048,124.4000015258789,124.61000061035156,528189,0.0,0.0
2026-02-25 09:30:00-05:00,130.07000732421875,132.0,128.94000244140625,129.66000366210938,1422069,0.0,0.0
2026-02-25 09:45:00-05:00,129.6300048828125,133.14149475097656,129.53500366210938,132.0800018310547,1714490,0.0,0.0
2026-02-25 10:00:00-05:00,132.1199951171875,133.0399932861328,130.8896026611328,131.375,718665,0.0,0.0
2026-02-25 10:15:00-05:00,131.41000366210938,132.0,130.33999633789062,131.77000427246094,552512,0.0,0.0
2026-02-25 10:30:00-05:00,131.75,133.2100067138672,131.4001007080078,133.1199951171875,660234,0.0,0.0
2026-02-25 10:45:00-05:00,133.10499572753906,133.2100067138672,131.7200927734375,132.3000030517578,543390,0.0,0.0
2026-02-25 11:00:00-05:00,132.3000030517578,133.0800018310547,131.9499969482422,132.72500610351562,2707908,0.0,0.0
2026-02-25 11:15:00-05:00,132.7100067138672,134.27999877929688,132.64999389648438,133.9600067138672,2943743,0.0,0.0
2026-02-25 11:30:00-05:00,133.9600067138672,134.50999450683594,133.89700317382812,134.33999633789062,368333,0.0,0.0
2026-02-25 11:45:00-05:00,134.33999633789062,134.92999267578125,133.6699981689453,134.80999755859375,509496,0.0,0.0
2026-02-25 12:00:00-05:00,134.75,135.50990295410156,133.92059326171875,135.19000244140625,567215,0.0,0.0
2026-02-25 12:15:00-05:00,135.18499755859375,135.47999572753906,134.52999877929688,135.1750030517578,3505040,0.0,0.0
2026-02-25 12:30:00-05:00,135.14010620117188,136.0500030517578,134.94000244140625,135.75999450683594,522935,0.0,0.0
2026-02-25 12:45:00-05:00,135.74000549316406,136.14999389648438,135.47000122070312,135.67999267578125,538747,0.0,0.0
2026-02-25 13:00:00-05:00,135.6999969482422,136.43499755859375,135.0800018310547,135.88999938964844,450825,0.0,0.0
2026-02-25 13:15:00-05:00,135.88499450683594,136.82989501953125,135.125,136.69000244140625,4089978,0.0,0.0
2026-02-25 13:30:00-05:00,136.67999267578125,137.85000610351562,136.57000732421875,137.6999969482422,4401373,0.0,0.0
2026-02-25 13:45:00-05:00,137.69749450683594,137.86000061035156,137.11000061035156,137.3000030517578,427795,0.0,0.0
2026-02-25 14:00:00-05:00,137.32000732421875,137.47000122070312,135.8000030517578,135.97000122070312,4610230,0.0,0.0
2026-02-25 14:15:00-05:00,135.97999572753906,136.50999450683594,135.60009765625,136.08999633789062,397731,0.0,0.0
2026-02-25 14:30:00-05:00,136.1199951171875,136.3800048828125,135.4199981689453,136.18499755859375,374354,0.0,0.0
2026-02-25 14:45:00-05:00,136.22000122070312,137.11000061035156,136.1999969482422,136.52999877929688,424388,0.0,0.0
2026-02-25 15:00:00-05:00,136.52999877929688,136.58999633789062,135.42999267578125,135.5377960205078,392119,0.0,0.0
2026-02-25 15:15:00-05:00,135.4949951171875,136.11000061035156,135.22500610351562,135.27999877929688,5551744,0.0,0.0
2026-02-25 15:30:00-05:00,135.27999877929688,135.9199981689453,135.1699981689453,135.82000732421875,395982,0.0,0.0
2026-02-25 15:45:00-05:00,135.82000732421875,136.52000427246094,135.55999755859375,135.60000610351562,1119198,0.0,0.0
2026-02-26 09:30:00-05:00,133.61329650878906,135.75,133.4600067138672,134.85000610351562,1360377,0.0,0.0
2026-02-26 09:45:00-05:00,134.7050018310547,135.16990661621094,132.8800048828125,134.97999572753906,659775,0.0,0.0
2026-02-26 10:00:00-05:00,135.02000427246094,135.3699951171875,133.27999877929688,133.5399932861328,1545094,0.0,0.0
2026-02-26 10:15:00-05:00,133.5850067138672,133.64999389648438,131.5500030517578,132.05999755859375,464237,0.0,0.0
2026-02-26 10:30:00-05:00,132.07000732421875,134.17999267578125,131.32000732421875,133.99000549316406,649709,0.0,0.0
2026-02-26 10:45:00-05:00,134.0800018310547,134.4477996826172,133.35000610351562,133.6199951171875,431371,0.0,0.0
2026-02-26 11:00:00-05:00,133.61000061035156,133.75990295410156,132.16000366210938,133.25,374167,0.0,0.0
2026-02-26 11:15:00-05:00,133.27000427246094,134.05999755859375,132.6414031982422,133.30999755859375,424348,0.0,0.0
2026-02-26 11:30:00-05:00,133.27000427246094,133.3699951171875,131.7899932861328,131.86000061035156,335534,0.0,0.0
2026-02-26 11:45:00-05:00,131.85989379882812,131.89999389648438,129.82000732421875,129.95249938964844,615801,0.0,0.0
2026-02-26 12:00:00-05:00,129.89999389648438,130.8699951171875,129.82000732421875,129.99000549316406,2897587,0.0,0.0
2026-02-26 12:15:00-05:00,129.97999572753906,130.53280639648438,129.5800018310547,130.25,276548,0.0,0.0
2026-02-26 12:30:00-05:00,130.1999969482422,131.0399932861328,129.6699981689453,129.8300018310547,371569,0.0,0.0
2026-02-26 12:45:00-05:00,129.8000030517578,129.8240966796875,128.889892578125,128.96170043945312,2977515,0.0,0.0
2026-02-26 13:00:00-05:00,128.9600067138672,129.3988037109375,128.63999938964844,129.33999633789062,426283,0.0,0.0
2026-02-26 13:15:00-05:00,129.31500244140625,130.1898956298828,129.11000061035156,129.68499755859375,271000,0.0,0.0
2026-02-26 13:30:00-05:00,129.66000366210938,131.1699981689453,129.55999755859375,130.9199981689453,324164,0.0,0.0
2026-02-26 13:45:00-05:00,130.91000366210938,131.0800018310547,130.18499755859375,130.5,214772,0.0,0.0
2026-02-26 14:00:00-05:00,130.47999572753906,132.60989379882812,130.32000732421875,132.36000061035156,411526,0.0,0.0
2026-02-26 14:15:00-05:00,132.3800048828125,133.35000610351562,132.27000427246094,132.63999938964844,455624,0.0,0.0
2026-02-26 14:30:00-05:00,132.63999938964844,133.8000030517578,132.42999267578125,133.09620666503906,3881620,0.0,0.0
2026-02-26 14:45:00-05:00,133.1199951171875,133.59669494628906,132.32000732421875,132.5200958251953,192493,0.0,0.0
2026-02-26 15:00:00-05:00,132.52999877929688,134.32000732421875,132.49000549316406,133.38999938964844,407199,0.0,0.0
2026-02-26 15:15:00-05:00,133.35000610351562,133.92999267578125,132.89010620117188,132.97000122070312,279956,0.0,0.0
2026-02-26 15:30:00-05:00,132.97500610351562,133.8800048828125,132.96499633789062,133.75999450683594,379980,0.0,0.0
2026-02-26 15:45:00-05:00,133.74000549316406,133.80999755859375,133.07949829101562,133.33999633789062,742625,0.0,0.0
2026-02-27 09:30:00-05:00,128.94500732421875,131.11000061035156,128.42999267578125,128.8699951171875,1070163,0.0,0.0
2026-02-27 09:45:00-05:00,128.8000030517578,129.5756072998047,128.33999633789062,128.7700958251953,411885,0.0,0.0
2026-02-27 10:00:00-05:00,128.75,130.35000610351562,128.27999877929688,129.61000061035156,441755,0.0,0.0
2026-02-27 10:15:00-05:00,129.60499572753906,130.6378936767578,129.0800018310547,130.19000244140625,288219,0.0,0.0
2026-02-27 10:30:00-05:00,130.24000549316406,130.30499267578125,129.5399932861328,130.22999572753906,249551,0.0,0.0
2026-02-27 10:45:00-05:00,130.2100067138672,130.75990295410156,129.60000610351562,129.86000061035156,1777423,0.0,0.0
2026-02-27 11:00:00-05:00,129.82000732421875,130.07989501953125,128.4600067138672,128.85000610351562,245428,0.0,0.0
2026-02-27 11:15:00-05:00,128.86500549316406,130.27999877929688,128.77999877929688,129.9949951171875,302184,0.0,0.0
2026-02-27 11:30:00-05:00,130.05999755859375,130.66990661621094,128.8101043701172,129.22000122070312,261075,0.0,0.0
2026-02-27 11:45:00-05:00,129.23500061035156,129.55999755859375,128.5,129.0,264989,0.0,0.0
2026-02-27 12:00:00-05:00,129.0749969482422,130.00900268554688,129.0500030517578,129.16000366210938,181298,0.0,0.0
2026-02-27 12:15:00-05:00,129.1300048828125,129.2899932861328,128.34230041503906,128.90330505371094,240504,0.0,0.0
2026-02-27 12:30:00-05:00,128.99989318847656,129.51499938964844,128.36000061035156,128.44000244140625,219730,0.0,0.0
2026-02-27 12:45:00-05:00,128.4199981689453,129.7899932861328,128.3000030517578,129.7100067138672,2452285,0.0,0.0
2026-02-27 13:00:00-05:00,129.6699981689453,129.83999633789062,128.8000030517578,129.07000732421875,166328,0.0,0.0
2026-02-27 13:15:00-05:00,129.0399932861328,129.0399932861328,127.99500274658205,128.56849670410156,294548,0.0,0.0
2026-02-27 13:30:00-05:00,128.5800018310547,129.125,128.50999450683594,128.86959838867188,151180,0.0,0.0
2026-02-27 13:45:00-05:00,128.8800048828125,128.88999938964844,128.11000061035156,128.4250030517578,130365,0.0,0.0
2026-02-27 14:00:00-05:00,128.42999267578125,129.10000610351562,128.02999877929688,128.11669921875,176846,0.0,0.0
2026-02-27 14:15:00-05:00,128.07000732421875,128.97000122070312,127.86019897460938,128.5395050048828,252939,0.0,0.0
2026-02-27 14:30:00-05:00,128.52000427246094,128.8300018310547,128.05999755859375,128.25999450683594,168834,0.0,0.0
2026-02-27 14:45:00-05:00,128.27999877929688,128.66000366210938,128.12010192871094,128.1999969482422,154821,0.0,0.0
2026-02-27 15:00:00-05:00,128.16000366210938,129.5500030517578,128.10000610351562,129.52999877929688,238715,0.0,0.0
2026-02-27 15:15:00-05:00,129.53500366210938,130.10000610351562,128.94000244140625,128.99620056152344,3167589,0.0,0.0
2026-02-27 15:30:00-05:00,129.0,129.33999633789062,128.47000122070312,129.16000366210938,359007,0.0,0.0
2026-02-27 15:45:00-05:00,129.15089416503906,129.91000366210938,128.75999450683594,129.72000122070312,1077671,0.0,0.0
2026-03-02 09:30:00-05:00,129.13499450683594,134.83999633789062,129.1300048828125,134.3699951171875,2120767,0.0,0.0
2026-03-02 09:45:00-05:00,134.49510192871094,134.5,132.4532012939453,133.72999572753906,729154,0.0,0.0
2026-03-02 10:00:00-05:00,133.67999267578125,137.25,133.16000366210938,137.21009826660156,949712,0.0,0.0
2026-03-02 10:15:00-05:00,137.2100067138672,137.97999572753906,136.30999755859375,136.63999938964844,1051595,0.0,0.0
2026-03-02 10:30:00-05:00,136.5800018310547,139.82000732421875,135.78500366210938,139.44000244140625,1169721,0.0,0.0
2026-03-02 10:45:00-05:00,139.39999389648438,139.86000061035156,138.3000030517578,138.5449981689453,811290,0.0,0.0
2026-03-02 11:00:00-05:00,138.5399932861328,140.13999938964844,137.64999389648438,139.11500549316406,2991054,0.0,0.0
2026-03-02 11:15:00-05:00,139.1300048828125,139.49000549316406,137.72999572753906,137.89999389648438,561020,0.0,0.0
2026-03-02 11:30:00-05:00,137.8800048828125,139.14999389648438,137.22999572753906,138.96499633789062,551082,0.0,0.0
2026-03-02 11:45:00-05:00,138.9600067138672,139.67999267578125,137.9499969482422,138.40499877929688,498263,0.0,0.0
2026-03-02 12:00:00-05:00,137.9409942626953,138.4199981689453,137.10000610351562,137.39999389648438,3764771,0.0,0.0
2026-03-02 12:15:00-05:00,137.47000122070312,138.0,136.9199981689453,137.5,351251,0.0,0.0
2026-03-02 12:30:00-05:00,137.54989624023438,137.66600036621094,136.5,136.78500366210938,360274,0.0,0.0
2026-03-02 12:45:00-05:00,136.77499389648438,137.08999633789062,136.35000610351562,136.7899932861328,398629,0.0,0.0
2026-03-02 13:00:00-05:00,136.8000030517578,137.0800018310547,136.110107421875,136.68499755859375,4327995,0.0,0.0
2026-03-02 13:15:00-05:00,136.69000244140625,136.94850158691406,136.05029296875,136.77000427246094,232041,0.0,0.0
2026-03-02 13:30:00-05:00,136.8300018310547,137.6790008544922,136.5500030517578,137.6490020751953,4477830,0.0,0.0
2026-03-02 13:45:00-05:00,137.62249755859375,137.84779357910156,136.60000610351562,137.5399932861328,443474,0.0,0.0
2026-03-02 14:00:00-05:00,137.5500030517578,137.58999633789062,136.15499877929688,136.74000549316406,4722551,0.0,0.0
2026-03-02 14:15:00-05:00,136.75,137.4499969482422,136.58999633789062,136.99009704589844,4849561,0.0,0.0
2026-03-02 14:30:00-05:00,137.02000427246094,137.9499053955078,136.77999877929688,137.7100067138672,399069,0.0,0.0
2026-03-02 14:45:00-05:00,137.72500610351562,138.25,137.4499969482422,137.61000061035156,321057,0.0,0.0
2026-03-02 15:00:00-05:00,137.60150146484375,138.1999969482422,136.08999633789062,136.85000610351562,5575178,0.0,0.0
2026-03-02 15:15:00-05:00,136.75999450683594,138.02000427246094,136.63999938964844,137.5399932861328,668357,0.0,0.0
2026-03-02 15:30:00-05:00,137.57000732421875,137.90989685058594,137.25999450683594,137.5500030517578,646556,0.0,0.0
2026-03-02 15:45:00-05:00,137.52000427246094,138.64999389648438,137.35000610351562,137.62399291992188,1870231,0.0,0.0
2026-03-03 09:30:00-05:00,133.39999389648438,133.7449951171875,130.25999450683594,130.5449981689453,2689848,0.0,0.0
2026-03-03 09:45:00-05:00,130.49000549316406,131.02999877929688,129.16000366210938,129.4499969482422,1055338,0.0,0.0
2026-03-03 10:00:00-05:00,129.44000244140625,130.62869262695312,128.91009521484375,129.97000122070312,778592,0.0,0.0
2026-03-03 10:15:00-05:00,129.97999572753906,130.3800048828125,127.8000030517578,128.05999755859375,994896,0.0,0.0
2026-03-03 10:30:00-05:00,128.02999877929688,132.2017059326172,128.02000427246094,131.625,942403,0.0,0.0
2026-03-03 10:45:00-05:00,131.6699981689453,133.25,131.60009765625,133.14999389648438,757431,0.0,0.0
2026-03-03 11:00:00-05:00,133.16000366210938,135.20840454101562,133.10000610351562,134.88999938964844,794577,0.0,0.0
2026-03-03 11:15:00-05:00,134.9600067138672,136.04249572753906,133.89999389648438,135.47999572753906,521066,0.0,0.0
2026-03-03 11:30:00-05:00,135.4199981689453,135.4199981689453,133.1649932861328,133.75999450683594,647087,0.0,0.0
2026-03-03 11:45:00-05:00,133.81500244140625,135.4499969482422,133.81500244140625,134.55999755859375,725309,0.0,0.0
2026-03-03 12:00:00-05:00,134.59500122070312,134.7239990234375,133.5,133.96009826660156,465124,0.0,0.0
2026-03-03 12:15:00-05:00,133.9499969482422,134.8594970703125,133.1300048828125,134.00999450683594,312162,0.0,0.0
2026-03-03 12:30:00-05:00,133.9499969482422,134.10000610351562,132.66000366210938,133.83999633789062,274768,0.0,0.0
2026-03-03 12:45:00-05:00,133.91000366210938,135.14999389648438,133.77999877929688,134.24000549316406,474102,0.0,0.0
2026-03-03 13:00:00-05:00,134.19500732421875,134.89990234375,133.3809051513672,133.7100067138672,263960,0.0,0.0
2026-03-03 13:15:00-05:00,133.75,135.77000427246094,133.72000122070312,135.11500549316406,467298,0.0,0.0
2026-03-03 13:30:00-05:00,135.07000732421875,136.4499969482422,135.0,135.58999633789062,470137,0.0,0.0
2026-03-03 13:45:00-05:00,135.54010009765625,136.0399932861328,135.0800018310547,135.67999267578125,321716,0.0,0.0
2026-03-03 14:00:00-05:00,135.75,135.8699951171875,134.39999389648438,134.84500122070312,287379,0.0,0.0
2026-03-03 14:15:00-05:00,134.85499572753906,135.92149353027344,134.6156005859375,134.92999267578125,324011,0.0,0.0
2026-03-03 14:30:00-05:00,134.97999572753906,135.97999572753906,134.48500061035156,135.21499633789062,386585,0.0,0.0
2026-03-03 14:45:00-05:00,135.25,135.8300018310547,134.57000732421875,134.6300048828125,340209,0.0,0.0
2026-03-03 15:00:00-05:00,134.6300048828125,135.3699951171875,133.75999450683594,133.82000732421875,308560,0.0,0.0
2026-03-03 15:15:00-05:00,133.7899932861328,134.67999267578125,133.74000549316406,134.2799072265625,331125,0.0,0.0
2026-03-03 15:30:00-05:00,134.22000122070312,135.07000732421875,134.1199951171875,134.75,344910,0.0,0.0
2026-03-03 15:45:00-05:00,134.75,134.8699951171875,132.4199981689453,132.6699981689453,1646271,0.0,0.0
2026-03-04 09:30:00-05:00,144.0399932861328,145.75,142.36000061035156,142.4199981689453,4914400,0.0,0.0
2026-03-04 09:45:00-05:00,142.42999267578125,145.47999572753906,142.19000244140625,144.37730407714844,1939038,0.0,0.0
2026-03-04 10:00:00-05:00,144.3800048828125,146.01499938964844,143.7899932861328,144.77999877929688,1715948,0.0,0.0
2026-03-04 10:15:00-05:00,144.7449951171875,147.39950561523438,144.7100067138672,147.34500122070312,1371364,0.0,0.0
2026-03-04 10:30:00-05:00,147.34500122070312,147.5500030517578,146.05999755859375,146.7100067138672,1321900,0.0,0.0
2026-03-04 10:45:00-05:00,146.74000549316406,149.5399932861328,146.7050018310547,149.13999938964844,1882220,0.0,0.0
2026-03-04 11:00:00-05:00,149.19000244140625,149.2675018310547,146.94009399414062,147.6199951171875,1467932,0.0,0.0
2026-03-04 11:15:00-05:00,147.64999389648438,148.61500549316406,146.1999969482422,147.7949981689453,1048239,0.0,0.0
2026-03-04 11:30:00-05:00,147.74000549316406,148.32000732421875,146.76010131835938,147.47000122070312,991136,0.0,0.0
2026-03-04 11:45:00-05:00,147.47999572753906,148.8800048828125,147.1999969482422,148.6999969482422,732920,0.0,0.0
2026-03-04 12:00:00-05:00,148.70620727539062,149.35000610351562,148.4600067138672,148.89019775390625,1017935,0.0,0.0
2026-03-04 12:15:00-05:00,148.94500732421875,149.17999267578125,146.88999938964844,147.1999969482422,1069982,0.0,0.0
2026-03-04 12:30:00-05:00,147.19000244140625,147.7899932861328,146.72999572753906,147.10000610351562,1086606,0.0,0.0
2026-03-04 12:45:00-05:00,147.09500122070312,147.99989318847656,146.66009521484375,146.9199981689453,1038486,0.0,0.0
2026-03-04 13:00:00-05:00,146.9199981689453,147.3179931640625,146.25,146.77000427246094,746276,0.0,0.0
2026-03-04 13:15:00-05:00,146.75999450683594,147.50999450683594,146.22999572753906,147.36000061035156,773132,0.0,0.0
2026-03-04 13:30:00-05:00,147.33999633789062,147.7100067138672,146.8699951171875,147.6699981689453,661827,0.0,0.0
2026-03-04 13:45:00-05:00,147.64999389648438,148.02999877929688,146.5399932861328,146.9062957763672,621891,0.0,0.0
2026-03-04 14:00:00-05:00,146.88999938964844,147.8300018310547,146.7100067138672,147.52000427246094,822788,0.0,0.0
2026-03-04 14:15:00-05:00,147.5,148.6199951171875,147.24000549316406,147.27000427246094,963390,0.0,0.0
2026-03-04 14:30:00-05:00,147.30999755859375,147.8699951171875,147.0601043701172,147.44000244140625,666774,0.0,0.0
2026-03-04 14:45:00-05:00,147.41000366210938,148.19000244140625,146.9499969482422,147.63999938964844,707647,0.0,0.0
2026-03-04 15:00:00-05:00,147.63499450683594,147.75999450683594,146.61000061035156,147.19000244140625,631717,0.0,0.0
2026-03-04 15:15:00-05:00,147.19000244140625,148.44000244140625,147.14019775390625,147.82000732421875,761026,0.0,0.0
2026-03-04 15:30:00-05:00,147.8000030517578,148.14999389648438,147.00999450683594,147.75,1056279,0.0,0.0
2026-03-04 15:45:00-05:00,147.75,147.75,146.1199951171875,146.4239959716797,3340047,0.0,0.0
2026-03-05 09:30:00-05:00,145.0,146.44000244140625,143.5601043701172,143.74000549316406,1995261,0.0,0.0
2026-03-05 09:45:00-05:00,143.77999877929688,145.72999572753906,143.1909942626953,145.3699951171875,1246763,0.0,0.0
2026-03-05 10:00:00-05:00,145.4199981689453,146.3699951171875,142.6699981689453,142.92999267578125,1097926,0.0,0.0
2026-03-05 10:15:00-05:00,142.9499969482422,143.389892578125,141.57009887695312,141.72000122070312,837811,0.0,0.0
2026-03-05 10:30:00-05:00,141.72000122070312,142.41990661621094,140.89999389648438,141.6999969482422,957960,0.0,0.0
2026-03-05 10:45:00-05:00,141.74000549316406,142.5198974609375,141.3300018310547,141.9600067138672,628996,0.0,0.0
2026-03-05 11:00:00-05:00,141.91709899902344,142.1300048828125,138.70010375976562,139.64959716796875,946754,0.0,0.0
2026-03-05 11:15:00-05:00,139.6300048828125,140.1999969482422,139.22999572753906,139.85000610351562,826915,0.0,0.0
2026-03-05 11:30:00-05:00,139.8000030517578,141.83999633789062,139.58999633789062,140.76499938964844,794384,0.0,0.0
2026-03-05 11:45:00-05:00,140.77999877929688,141.47950744628906,140.74000549316406,140.97999572753906,551642,0.0,0.0
2026-03-05 12:00:00-05:00,140.99000549316406,142.38510131835938,140.87100219726562,141.63999938964844,630309,0.0,0.0
2026-03-05 12:15:00-05:00,141.67999267578125,141.67999267578125,140.0,140.5,582243,0.0,0.0
2026-03-05 12:30:00-05:00,140.4949951171875,140.5800018310547,138.89999389648438,139.0399932861328,646953,0.0,0.0
2026-03-05 12:45:00-05:00,139.0399932861328,139.1199951171875,137.2100067138672,138.49000549316406,798107,0.0,0.0
2026-03-05 13:00:00-05:00,138.5,140.29989624023438,138.16000366210938,139.8551025390625,765527,0.0,0.0
2026-03-05 13:15:00-05:00,139.97999572753906,140.0399932861328,138.89500427246094,139.0,439564,0.0,0.0
2026-03-05 13:30:00-05:00,138.9199981689453,139.91990661621094,138.89999389648438,139.55499267578125,316893,0.0,0.0
2026-03-05 13:45:00-05:00,139.50999450683594,140.08999633789062,138.70010375976562,139.85000610351562,362993,0.0,0.0
2026-03-05 14:00:00-05:00,139.83999633789062,141.10000610351562,139.80999755859375,140.7899932861328,519055,0.0,0.0
2026-03-05 14:15:00-05:00,140.8000030517578,141.1999969482422,139.7100067138672,139.97999572753906,375542,0.0,0.0
2026-03-05 14:30:00-05:00,139.97999572753906,140.02000427246094,139.10000610351562,139.49000549316406,378574,0.0,0.0
2026-03-05 14:45:00-05:00,139.4949951171875,139.9600067138672,138.92999267578125,139.24000549316406,319017,0.0,0.0
2026-03-05 15:00:00-05:00,139.1699981689453,140.1699981689453,139.11000061035156,140.05499267578125,432319,0.0,0.0
2026-03-05 15:15:00-05:00,140.07000732421875,141.0,139.6999969482422,140.3800048828125,508523,0.0,0.0
2026-03-05 15:30:00-05:00,140.36000061035156,141.75,140.27000427246094,140.80999755859375,729969,0.0,0.0
2026-03-05 15:45:00-05:00,140.8300018310547,140.94500732421875,139.64999389648438,139.72999572753906,1538536,0.0,0.0
2026-03-06 09:30:00-05:00,134.97999572753906,136.36000061035156,134.60000610351562,135.36000061035156,2020597,0.0,0.0
2026-03-06 09:45:00-05:00,135.2899932861328,136.02499389648438,133.32000732421875,133.7050018310547,988089,0.0,0.0
2026-03-06 10:00:00-05:00,133.7050018310547,135.1199951171875,132.9499969482422,133.91000366210938,992129,0.0,0.0
2026-03-06 10:15:00-05:00,133.9250030517578,136.11990356445312,133.67999267578125,134.6707000732422,841758,0.0,0.0
2026-03-06 10:30:00-05:00,134.68499755859375,135.50320434570312,134.07000732421875,134.3249969482422,623281,0.0,0.0
2026-03-06 10:45:00-05:00,134.27999877929688,134.45989990234375,132.58900451660156,133.9499969482422,738384,0.0,0.0
2026-03-06 11:00:00-05:00,133.89999389648438,135.16000366210938,133.33999633789062,133.5050048828125,553219,0.0,0.0
2026-03-06 11:15:00-05:00,133.5,134.52940368652344,133.4600067138672,134.16000366210938,533565,0.0,0.0
2026-03-06 11:30:00-05:00,134.12730407714844,135.22999572753906,133.6999969482422,134.97000122070312,567297,0.0,0.0
2026-03-06 11:45:00-05:00,134.97999572753906,135.4199981689453,134.55999755859375,135.11000061035156,438892,0.0,0.0
2026-03-06 12:00:00-05:00,135.19000244140625,135.44000244140625,134.3300018310547,134.60000610351562,394307,0.0,0.0
2026-03-06 12:15:00-05:00,134.59500122070312,135.39999389648438,134.12759399414062,134.85000610351562,344475,0.0,0.0
2026-03-06 12:30:00-05:00,134.7899932861328,135.1999053955078,133.17999267578125,133.85000610351562,594430,0.0,0.0
2026-03-06 12:45:00-05:00,133.85009765625,134.24929809570312,133.47000122070312,133.8000030517578,469357,0.0,0.0
2026-03-06 13:00:00-05:00,133.8000030517578,135.19000244140625,133.76010131835938,134.9199981689453,411574,0.0,0.0
2026-03-06 13:15:00-05:00,134.94500732421875,135.16000366210938,134.1999969482422,134.28500366210938,375284,0.0,0.0
2026-03-06 13:30:00-05:00,134.28500366210938,135.00999450683594,134.13999938964844,134.6199951171875,319953,0.0,0.0
2026-03-06 13:45:00-05:00,134.5449981689453,134.63999938964844,133.5800018310547,133.5800018310547,497023,0.0,0.0
2026-03-06 14:00:00-05:00,133.61000061035156,134.5,133.4199981689453,134.4250030517578,805182,0.0,0.0
2026-03-06 14:15:00-05:00,134.39999389648438,134.60000610351562,133.25999450683594,133.34500122070312,346653,0.0,0.0
2026-03-06 14:30:00-05:00,133.30999755859375,133.85000610351562,132.9499969482422,133.13040161132812,490088,0.0,0.0
2026-03-06 14:45:00-05:00,133.10000610351562,133.16000366210938,132.52999877929688,132.88499450683594,412566,0.0,0.0
2026-03-06 15:00:00-05:00,132.8800048828125,133.50999450683594,131.9499969482422,132.2971954345703,683516,0.0,0.0
2026-03-06 15:15:00-05:00,132.27999877929688,133.13999938964844,131.77000427246094,132.75,693220,0.0,0.0
2026-03-06 15:30:00-05:00,132.69000244140625,134.0399932861328,132.58009338378906,133.58999633789062,748187,0.0,0.0
2026-03-06 15:45:00-05:00,133.57000732421875,133.99000549316406,133.22999572753906,133.5,1504147,0.0,0.0
2026-03-09 09:30:00-04:00,136.25,139.02000427246094,136.00010681152344,138.9949951171875,2203588,0.0,0.0
2026-03-09 09:45:00-04:00,138.94000244140625,139.53990173339844,136.41000366210938,136.80999755859375,1024133,0.0,0.0
2026-03-09 10:00:00-04:00,136.64999389648438,138.17999267578125,135.30299377441406,135.91419982910156,787279,0.0,0.0
2026-03-09 10:15:00-04:00,135.9499969482422,138.06680297851562,135.63999938964844,137.42999267578125,779324,0.0,0.0
2026-03-09 10:30:00-04:00,137.44000244140625,138.83819580078125,137.39999389648438,138.8300018310547,957188,0.0,0.0
2026-03-09 10:45:00-04:00,138.85000610351562,139.41000366210938,138.35000610351562,138.52999877929688,838013,0.0,0.0
2026-03-09 11:00:00-04:00,138.58999633789062,138.89999389648438,137.80979919433594,138.4199981689453,467264,0.0,0.0
2026-03-09 11:15:00-04:00,138.4600067138672,139.35000610351562,138.1300048828125,138.9250030517578,620507,0.0,0.0
2026-03-09 11:30:00-04:00,138.9199981689453,139.64999389648438,137.20010375976562,137.4199981689453,711085,0.0,0.0
2026-03-09 11:45:00-04:00,137.3800048828125,137.78990173339844,136.88009643554688,137.16000366210938,654573,0.0,0.0
2026-03-09 12:00:00-04:00,137.1750030517578,138.47000122070312,136.8000030517578,137.3000030517578,544596,0.0,0.0
2026-03-09 12:15:00-04:00,137.3000030517578,138.55999755859375,136.77999877929688,138.25999450683594,651340,0.0,0.0
2026-03-09 12:30:00-04:00,138.3000030517578,138.70660400390625,137.38999938964844,138.46499633789062,427325,0.0,0.0
2026-03-09 12:45:00-04:00,138.47999572753906,139.02000427246094,138.0,138.86000061035156,455573,0.0,0.0
2026-03-09 13:00:00-04:00,138.94000244140625,139.05999755859375,137.64999389648438,137.86199951171875,351836,0.0,0.0
2026-03-09 13:15:00-04:00,137.9250030517578,138.08999633789062,136.7017059326172,136.83999633789062,411843,0.0,0.0
2026-03-09 13:30:00-04:00,136.85000610351562,137.3498992919922,135.82000732421875,135.95010375976562,394684,0.0,0.0
2026-03-09 13:45:00-04:00,136.02000427246094,137.06500244140625,135.73500061035156,136.44000244140625,440261,0.0,0.0
2026-03-09 14:00:00-04:00,136.38999938964844,136.6999969482422,135.66000366210938,136.60499572753906,391568,0.0,0.0
2026-03-09 14:15:00-04:00,136.5800018310547,137.0,136.00999450683594,136.0800018310547,371617,0.0,0.0
2026-03-09 14:30:00-04:00,136.02999877929688,136.49000549316406,135.6999969482422,135.7100067138672,303750,0.0,0.0
2026-03-09 14:45:00-04:00,135.72999572753906,136.11000061035156,135.44009399414062,135.7100067138672,356686,0.0,0.0
2026-03-09 15:00:00-04:00,135.77000427246094,136.47000122070312,135.7100067138672,136.22999572753906,533374,0.0,0.0
2026-03-09 15:15:00-04:00,136.2899932861328,140.0,136.1300048828125,139.69500732421875,1197479,0.0,0.0
2026-03-09 15:30:00-04:00,139.66000366210938,140.19000244140625,138.66000366210938,139.36500549316406,982439,0.0,0.0
2026-03-09 15:45:00-04:00,139.33999633789062,139.5800018310547,138.60000610351562,138.94000244140625,1818586,0.0,0.0
2026-03-10 09:30:00-04:00,141.84100341796875,142.32000732421875,137.44000244140625,137.75,2015690,0.0,0.0
2026-03-10 09:45:00-04:00,137.66000366210938,139.97999572753906,137.25,138.4801025390625,915824,0.0,0.0
2026-03-10 10:00:00-04:00,138.58999633789062,139.1988983154297,136.39999389648438,136.48919677734375,805998,0.0,0.0
2026-03-10 10:15:00-04:00,136.41000366210938,137.67970275878906,135.0,137.25999450683594,834357,0.0,0.0
2026-03-10 10:30:00-04:00,137.38999938964844,138.88999938964844,137.1699981689453,138.57460021972656,702775,0.0,0.0
2026-03-10 10:45:00-04:00,138.5749969482422,141.0,138.39999389648438,140.1649932861328,892525,0.0,0.0
2026-03-10 11:00:00-04:00,140.16000366210938,140.92999267578125,139.3000030517578,140.42999267578125,746365,0.0,0.0
2026-03-10 11:15:00-04:00,140.47000122070312,141.27499389648438,139.89999389648438,140.8300018310547,640425,0.0,0.0
2026-03-10 11:30:00-04:00,140.8300018310547,141.1300048828125,139.93679809570312,140.82989501953125,499454,0.0,0.0
2026-03-10 11:45:00-04:00,140.7550048828125,141.0800018310547,140.0,140.78500366210938,564106,0.0,0.0
2026-03-10 12:00:00-04:00,140.77000427246094,140.97999572753906,139.91000366210938,140.52999877929688,350102,0.0,0.0
2026-03-10 12:15:00-04:00,140.52999877929688,141.9600067138672,140.52999877929688,141.0050048828125,540793,0.0,0.0
2026-03-10 12:30:00-04:00,141.0500030517578,141.85000610351562,140.8800048828125,141.7899932861328,466452,0.0,0.0
2026-03-10 12:45:00-04:00,141.8300018310547,142.4499969482422,141.22000122070312,141.9499969482422,616390,0.0,0.0
2026-03-10 13:00:00-04:00,141.88999938964844,142.0998992919922,141.24000549316406,141.26499938964844,369056,0.0,0.0
2026-03-10 13:15:00-04:00,141.26499938964844,141.72999572753906,140.6051025390625,140.75,279219,0.0,0.0
2026-03-10 13:30:00-04:00,140.60000610351562,140.86000061035156,139.0500030517578,139.6999969482422,495216,0.0,0.0
2026-03-10 13:45:00-04:00,139.64999389648438,141.0399932861328,139.5601043701172,140.0,455544,0.0,0.0
2026-03-10 14:00:00-04:00,139.9600067138672,140.39999389648438,138.44000244140625,138.5,411416,0.0,0.0
2026-03-10 14:15:00-04:00,138.4499969482422,139.27969360351562,138.25,138.69630432128906,398878,0.0,0.0
2026-03-10 14:30:00-04:00,138.72000122070312,139.9499969482422,138.5,138.9199981689453,545869,0.0,0.0
2026-03-10 14:45:00-04:00,138.83999633789062,139.5637969970703,138.5800018310547,138.8000030517578,473351,0.0,0.0
2026-03-10 15:00:00-04:00,138.8699951171875,139.60000610351562,138.55999755859375,139.24000549316406,629078,0.0,0.0
2026-03-10 15:15:00-04:00,139.24000549316406,140.1999969482422,139.10000610351562,139.24000549316406,556820,0.0,0.0
2026-03-10 15:30:00-04:00,139.25,139.55990600585938,138.3000030517578,139.14999389648438,595446,0.0,0.0
2026-03-10 15:45:00-04:00,139.14999389648438,139.27000427246094,138.2100067138672,138.47000122070312,993527,0.0,0.0
2026-03-11 09:30:00-04:00,139.64999389648438,142.6699981689453,139.64999389648438,140.61000061035156,1477927,0.0,0.0
2026-03-11 09:45:00-04:00,140.5399932861328,140.92999267578125,138.75,139.4001007080078,847067,0.0,0.0
2026-03-11 10:00:00-04:00,139.4550018310547,140.3000030517578,137.61000061035156,138.78500366210938,835904,0.0,0.0
2026-03-11 10:15:00-04:00,138.8000030517578,139.6999969482422,138.32009887695312,139.48500061035156,567533,0.0,0.0
2026-03-11 10:30:00-04:00,139.49490356445312,140.7899932861328,138.5,140.28570556640625,729075,0.0,0.0
2026-03-11 10:45:00-04:00,140.2899932861328,140.32000732421875,138.00999450683594,138.31500244140625,593562,0.0,0.0
2026-03-11 11:00:00-04:00,138.22999572753906,138.9199981689453,137.2111053466797,137.52999877929688,582341,0.0,0.0
2026-03-11 11:15:00-04:00,137.52999877929688,138.00999450683594,136.80999755859375,136.89999389648438,628980,0.0,0.0
2026-03-11 11:30:00-04:00,136.8000030517578,136.8551025390625,135.6300048828125,135.83999633789062,731020,0.0,0.0
2026-03-11 11:45:00-04:00,135.8300018310547,137.11000061035156,135.14999389648438,136.47999572753906,590072,0.0,0.0
2026-03-11 12:00:00-04:00,136.47500610351562,137.60000610351562,136.2899932861328,137.15499877929688,357925,0.0,0.0
2026-03-11 12:15:00-04:00,137.15499877929688,137.5998992919922,136.7100067138672,137.5399932861328,369580,0.0,0.0
2026-03-11 12:30:00-04:00,137.50999450683594,138.8699951171875,137.45010375976562,138.61000061035156,472457,0.0,0.0
2026-03-11 12:45:00-04:00,138.55499267578125,138.77000427246094,137.9499969482422,138.1699981689453,379173,0.0,0.0
2026-03-11 13:00:00-04:00,138.11500549316406,138.97999572753906,137.83999633789062,138.66099548339844,500453,0.0,0.0
2026-03-11 13:15:00-04:00,138.64999389648438,139.57000732421875,138.1999969482422,139.55499267578125,606476,0.0,0.0
2026-03-11 13:30:00-04:00,139.52999877929688,139.6699981689453,136.89999389648438,138.18499755859375,560072,0.0,0.0
2026-03-11 13:45:00-04:00,138.1824951171875,138.35299682617188,137.44000244140625,137.85000610351562,449549,0.0,0.0
2026-03-11 14:00:00-04:00,137.85499572753906,138.80999755859375,137.69039916992188,138.0500030517578,342739,0.0,0.0
2026-03-11 14:15:00-04:00,137.97000122070312,138.6300048828125,137.6199951171875,138.49000549316406,458410,0.0,0.0
2026-03-11 14:30:00-04:00,138.47999572753906,138.6999969482422,138.02999877929688,138.17999267578125,258348,0.0,0.0
2026-03-11 14:45:00-04:00,138.25,139.1699981689453,138.0,138.60009765625,437908,0.0,0.0
2026-03-11 15:00:00-04:00,138.6280059814453,138.70750427246094,136.9499969482422,137.14999389648438,438543,0.0,0.0
2026-03-11 15:15:00-04:00,137.19000244140625,137.74000549316406,137.0,137.23500061035156,379656,0.0,0.0
2026-03-11 15:30:00-04:00,137.3000030517578,138.45989990234375,137.2100067138672,138.33999633789062,489660,0.0,0.0
2026-03-11 15:45:00-04:00,138.32000732421875,138.4600067138672,138.1199951171875,138.32000732421875,665069,0.0,0.0
2026-03-12 09:30:00-04:00,137.07200622558594,138.79100036621094,136.61500549316406,137.38499450683594,1122894,0.0,0.0
2026-03-12 09:45:00-04:00,137.3000030517578,137.52000427246094,134.85000610351562,135.5449981689453,839129,0.0,0.0
2026-03-12 10:00:00-04:00,135.6699981689453,136.88999938964844,135.5,136.37600708007812,678731,0.0,0.0
2026-03-12 10:15:00-04:00,136.50999450683594,137.0,134.44000244140625,134.5500946044922,739044,0.0,0.0
2026-03-12 10:30:00-04:00,134.5500030517578,134.8000030517578,133.85000610351562,134.52000427246094,686331,0.0,0.0
2026-03-12 10:45:00-04:00,134.5,135.30990600585938,133.3800048828125,133.76980590820312,719929,0.0,0.0
2026-03-12 11:00:00-04:00,133.8300018310547,135.50999450683594,133.67999267578125,134.49009704589844,468841,0.0,0.0
2026-03-12 11:15:00-04:00,134.52000427246094,136.42999267578125,134.41000366210938,136.14999389648438,510520,0.0,0.0
2026-03-12 11:30:00-04:00,136.13999938964844,137.49000549316406,135.5800018310547,136.73060607910156,663883,0.0,0.0
2026-03-12 11:45:00-04:00,136.67999267578125,137.24000549316406,136.15159606933594,136.6300048828125,326521,0.0,0.0
2026-03-12 12:00:00-04:00,136.64999389648438,136.86000061035156,134.70010375976562,135.31500244140625,484063,0.0,0.0
2026-03-12 12:15:00-04:00,135.31500244140625,136.69000244140625,135.1649932861328,135.32000732421875,348951,0.0,0.0
2026-03-12 12:30:00-04:00,135.31500244140625,136.8300018310547,135.29080200195312,136.5500030517578,388074,0.0,0.0
2026-03-12 12:45:00-04:00,136.47999572753906,136.8699951171875,136.0,136.3800048828125,303851,0.0,0.0
2026-03-12 13:00:00-04:00,136.27999877929688,137.08999633789062,135.94000244140625,136.1649932861328,426003,0.0,0.0
2026-03-12 13:15:00-04:00,136.10000610351562,136.4799041748047,135.47999572753906,135.9250030517578,208671,0.0,0.0
2026-03-12 13:30:00-04:00,135.97999572753906,136.4600067138672,135.88999938964844,135.9550018310547,231618,0.0,0.0
2026-03-12 13:45:00-04:00,135.9499969482422,136.44000244140625,135.0800018310547,135.50999450683594,387110,0.0,0.0
2026-03-12 14:00:00-04:00,135.54989624023438,136.1898956298828,135.1999969482422,135.4600067138672,265131,0.0,0.0
2026-03-12 14:15:00-04:00,135.5800018310547,135.7100067138672,134.72000122070312,135.47999572753906,524773,0.0,0.0
2026-03-12 14:30:00-04:00,135.48500061035156,135.7100067138672,134.9600067138672,135.10000610351562,349770,0.0,0.0
2026-03-12 14:45:00-04:00,135.0500030517578,135.4499969482422,134.58999633789062,134.72999572753906,327290,0.0,0.0
2026-03-12 15:00:00-04:00,134.75999450683594,135.5,134.6999969482422,135.47000122070312,454479,0.0,0.0
2026-03-12 15:15:00-04:00,135.47000122070312,136.22000122070312,135.47000122070312,136.1699981689453,690686,0.0,0.0
2026-03-12 15:30:00-04:00,136.16000366210938,137.35000610351562,136.05999755859375,137.17999267578125,760039,0.0,0.0
2026-03-12 15:45:00-04:00,137.13999938964844,137.60000610351562,136.51150512695312,137.3699951171875,1208971,0.0,0.0
2026-03-13 09:30:00-04:00,143.89999389648438,146.4499969482422,142.58999633789062,144.1199951171875,3389016,0.0,0.0
2026-03-13 09:45:00-04:00,144.1199951171875,144.85000610351562,143.322998046875,144.67999267578125,1255248,0.0,0.0
2026-03-13 10:00:00-04:00,144.71080017089844,145.389892578125,142.85000610351562,144.625,1222067,0.0,0.0
2026-03-13 10:15:00-04:00,144.6199951171875,146.63999938964844,144.07000732421875,146.42120361328125,1729192,0.0,0.0
2026-03-13 10:30:00-04:00,146.47000122070312,147.25999450683594,144.58999633789062,144.63999938964844,1657276,0.0,0.0
2026-03-13 10:45:00-04:00,144.64999389648438,145.02000427246094,142.8000030517578,142.9499969482422,1051733,0.0,0.0
2026-03-13 11:00:00-04:00,143.02999877929688,144.3498992919922,142.10000610351562,144.2449951171875,988276,0.0,0.0
2026-03-13 11:15:00-04:00,144.24000549316406,145.1300048828125,143.1300048828125,143.17999267578125,863259,0.0,0.0
2026-03-13 11:30:00-04:00,143.22999572753906,144.3000030517578,142.10000610351562,142.4149932861328,659568,0.0,0.0
2026-03-13 11:45:00-04:00,142.4199981689453,143.1999969482422,141.61000061035156,141.970703125,638378,0.0,0.0
2026-03-13 12:00:00-04:00,142.0,142.52000427246094,140.5,140.89239501953125,717525,0.0,0.0
2026-03-13 12:15:00-04:00,140.9250030517578,141.05999755859375,139.5,140.11000061035156,706325,0.0,0.0
2026-03-13 12:30:00-04:00,140.14999389648438,141.6472930908203,140.10000610351562,141.29989624023438,573919,0.0,0.0
2026-03-13 12:45:00-04:00,141.3000030517578,142.53500366210938,140.71009826660156,141.3000030517578,535074,0.0,0.0
2026-03-13 13:00:00-04:00,141.3000030517578,141.58990478515625,140.60000610351562,141.22999572753906,505708,0.0,0.0
2026-03-13 13:15:00-04:00,141.25,141.80999755859375,140.25,140.4600067138672,589828,0.0,0.0
2026-03-13 13:30:00-04:00,140.4550018310547,140.72000122070312,139.47000122070312,139.91000366210938,434793,0.0,0.0
2026-03-13 13:45:00-04:00,139.94000244140625,140.10000610351562,138.7012939453125,139.25999450683594,407278,0.0,0.0
2026-03-13 14:00:00-04:00,139.25999450683594,139.75999450683594,138.9510040283203,139.38999938964844,361850,0.0,0.0
2026-03-13 14:15:00-04:00,139.3800048828125,139.5675048828125,138.6300048828125,139.5675048828125,406000,0.0,0.0
2026-03-13 14:30:00-04:00,139.5449981689453,140.11000061035156,139.36500549316406,139.48500061035156,367495,0.0,0.0
2026-03-13 14:45:00-04:00,139.41000366210938,139.5299072265625,138.72999572753906,138.80020141601562,355358,0.0,0.0
2026-03-13 15:00:00-04:00,138.82000732421875,139.63999938964844,138.44000244140625,139.52499389648438,415383,0.0,0.0
2026-03-13 15:15:00-04:00,139.5500030517578,139.8800048828125,139.1999969482422,139.35000610351562,455610,0.0,0.0
2026-03-13 15:30:00-04:00,139.35499572753906,140.36500549316406,139.35000610351562,140.14999389648438,661817,0.0,0.0
2026-03-13 15:45:00-04:00,140.15499877929688,140.60000610351562,139.5800018310547,139.6999969482422,1224983,0.0,0.0
2026-03-16 09:30:00-04:00,145.21200561523438,147.5,145.10000610351562,146.40499877929688,1663859,0.0,0.0
2026-03-16 09:45:00-04:00,146.3800048828125,147.2100067138672,144.1999969482422,146.6999969482422,854781,0.0,0.0
2026-03-16 10:00:00-04:00,146.6999969482422,148.24000549316406,146.11000061035156,147.74000549316406,979181,0.0,0.0
2026-03-16 10:15:00-04:00,147.74000549316406,148.1300048828125,145.78469848632812,145.78469848632812,781678,0.0,0.0
2026-03-16 10:30:00-04:00,145.85499572753906,146.19000244140625,144.67999267578125,145.02000427246094,626861,0.0,0.0
2026-03-16 10:45:00-04:00,145.01499938964844,145.8800048828125,144.0500030517578,145.8800048828125,3349301,0.0,0.0
2026-03-16 11:00:00-04:00,145.8699951171875,145.98989868164062,144.92999267578125,145.7899932861328,382825,0.0,0.0
2026-03-16 11:15:00-04:00,145.77000427246094,146.38999938964844,145.14999389648438,145.87010192871094,442348,0.0,0.0
2026-03-16 11:30:00-04:00,145.90499877929688,146.66000366210938,144.78500366210938,144.78500366210938,328576,0.0,0.0
2026-03-16 11:45:00-04:00,144.77999877929688,145.1300048828125,143.30999755859375,143.79010009765625,438618,0.0,0.0
2026-03-16 12:00:00-04:00,143.85000610351562,145.16000366210938,143.64500427246094,144.2899932861328,279694,0.0,0.0
2026-03-16 12:15:00-04:00,144.30599975585938,144.49000549316406,143.32000732421875,143.7449951171875,359897,0.0,0.0
2026-03-16 12:30:00-04:00,143.75,145.2550048828125,143.41000366210938,144.97999572753906,455879,0.0,0.0
2026-03-16 12:45:00-04:00,144.9949951171875,145.9709930419922,144.9199981689453,145.6649932861328,456857,0.0,0.0
2026-03-16 13:00:00-04:00,145.6699981689453,146.32870483398438,145.35000610351562,145.72999572753906,4722248,0.0,0.0
2026-03-16 13:15:00-04:00,145.69000244140625,146.22999572753906,145.46499633789062,145.6501007080078,230362,0.0,0.0
2026-03-16 13:30:00-04:00,145.6699981689453,146.1300048828125,145.38999938964844,145.9416046142578,341269,0.0,0.0
2026-03-16 13:45:00-04:00,145.98660278320312,146.39999389648438,145.6280059814453,146.28500366210938,252814,0.0,0.0
2026-03-16 14:00:00-04:00,146.28500366210938,147.5399932861328,146.16009521484375,147.34500122070312,439011,0.0,0.0
2026-03-16 14:15:00-04:00,147.35000610351562,147.86990356445312,147.22999572753906,147.82000732421875,413807,0.0,0.0
2026-03-16 14:30:00-04:00,147.85000610351562,148.22999572753906,147.031005859375,147.43499755859375,422114,0.0,0.0
2026-03-16 14:45:00-04:00,147.39999389648438,147.39999389648438,146.30999755859375,146.3699951171875,5470304,0.0,0.0
2026-03-16 15:00:00-04:00,146.38999938964844,148.10499572753906,146.02000427246094,147.49000549316406,554740,0.0,0.0
2026-03-16 15:15:00-04:00,147.47999572753906,147.89999389648438,147.00999450683594,147.54879760742188,463129,0.0,0.0
2026-03-16 15:30:00-04:00,147.51499938964844,147.8000030517578,147.11000061035156,147.38999938964844,544373,0.0,0.0
2026-03-16 15:45:00-04:00,147.38999938964844,147.75999450683594,147.1199951171875,147.5220947265625,6769577,0.0,0.0
2026-03-17 09:30:00-04:00,145.96499633789062,148.8800048828125,145.22999572753906,147.9801025390625,1215245,0.0,0.0
2026-03-17 09:45:00-04:00,147.9499969482422,148.5863037109375,147.05999755859375,147.89999389648438,569702,0.0,0.0
2026-03-17 10:00:00-04:00,147.9499969482422,148.86000061035156,147.33999633789062,148.1199951171875,1437587,0.0,0.0
2026-03-17 10:15:00-04:00,148.1199951171875,148.8282012939453,147.92999267578125,148.41000366210938,351823,0.0,0.0
2026-03-17 10:30:00-04:00,148.41000366210938,150.1300048828125,148.38499450683594,149.7100067138672,605319,0.0,0.0
2026-03-17 10:45:00-04:00,149.6750030517578,150.74000549316406,149.05999755859375,150.50999450683594,537304,0.0,0.0
2026-03-17 11:00:00-04:00,150.5,151.67999267578125,149.64999389648438,149.80999755859375,2797966,0.0,0.0
2026-03-17 11:15:00-04:00,149.75,150.1300048828125,148.5500030517578,148.69630432128906,441193,0.0,0.0
2026-03-17 11:30:00-04:00,148.77029418945312,149.30999755859375,147.3699951171875,147.85000610351562,427395,0.0,0.0
2026-03-17 11:45:00-04:00,147.85000610351562,148.6300048828125,147.5399932861328,148.1999969482422,213057,0.0,0.0
2026-03-17 12:00:00-04:00,148.17129516601562,149.47999572753906,148.12130737304688,148.9429931640625,257351,0.0,0.0
2026-03-17 12:15:00-04:00,148.92999267578125,150.30999755859375,148.77999877929688,149.6195068359375,323702,0.0,0.0
2026-03-17 12:30:00-04:00,149.6199951171875,150.1999969482422,149.26300048828125,150.01499938964844,216933,0.0,0.0
2026-03-17 12:45:00-04:00,150.0500030517578,150.24000549316406,149.5850067138672,149.9550018310547,359851,0.0,0.0
2026-03-17 13:00:00-04:00,149.99000549316406,150.4499969482422,149.4217071533203,149.9459991455078,439654,0.0,0.0
2026-03-17 13:15:00-04:00,149.95010375976562,150.77999877929688,149.78160095214844,150.52000427246094,385864,0.0,0.0
2026-03-17 13:30:00-04:00,150.49000549316406,151.3000030517578,150.3699951171875,150.75,343603,0.0,0.0
2026-03-17 13:45:00-04:00,150.77999877929688,152.27000427246094,150.69000244140625,151.64999389648438,441727,0.0,0.0
2026-03-17 14:00:00-04:00,151.63999938964844,151.64999389648438,150.86500549316406,151.0399932861328,4303535,0.0,0.0
2026-03-17 14:15:00-04:00,151.0399932861328,151.28990173339844,150.1199951171875,150.2449951171875,4287674,0.0,0.0
2026-03-17 14:30:00-04:00,150.25,151.08999633789062,150.23800659179688,150.8699951171875,262800,0.0,0.0
2026-03-17 14:45:00-04:00,150.89999389648438,151.4188995361328,150.72999572753906,151.00999450683594,283670,0.0,0.0
2026-03-17 15:00:00-04:00,151.0050048828125,151.3000030517578,150.50999450683594,151.12559509277344,339865,0.0,0.0
2026-03-17 15:15:00-04:00,151.16990661621094,151.33999633789062,150.0,150.22999572753906,597786,0.0,0.0
2026-03-17 15:30:00-04:00,150.25999450683594,150.3699951171875,149.6300048828125,149.83999633789062,598847,0.0,0.0
2026-03-17 15:45:00-04:00,149.8699951171875,150.47000122070312,149.64999389648438,150.38999938964844,802921,0.0,0.0
2026-03-18 09:30:00-04:00,144.9199981689453,146.75860595703125,144.14999389648438,145.7899932861328,1310283,0.0,0.0
2026-03-18 09:45:00-04:00,145.83999633789062,146.11000061035156,144.3800048828125,145.4499969482422,545378,0.0,0.0
2026-03-18 10:00:00-04:00,145.5,145.69500732421875,143.5800018310547,143.64500427246094,2138400,0.0,0.0
2026-03-18 10:15:00-04:00,143.64500427246094,144.3699951171875,142.84010314941406,142.89999389648438,325768,0.0,0.0
2026-03-18 10:30:00-04:00,142.9207000732422,143.3699951171875,142.0500030517578,142.13999938964844,2562824,0.0,0.0
2026-03-18 10:45:00-04:00,142.14999389648438,142.5135955810547,141.7292022705078,142.1199951171875,369255,0.0,0.0
2026-03-18 11:00:00-04:00,142.19000244140625,143.33999633789062,141.4499969482422,142.2801055908203,515591,0.0,0.0
2026-03-18 11:15:00-04:00,142.33900451660156,142.8800048828125,141.9600067138672,142.24000549316406,272708,0.0,0.0
2026-03-18 11:30:00-04:00,142.22000122070312,143.00999450683594,141.97999572753906,142.29989624023438,200773,0.0,0.0
2026-03-18 11:45:00-04:00,142.22999572753906,142.36000061035156,141.68499755859375,142.1199951171875,2811512,0.0,0.0
2026-03-18 12:00:00-04:00,142.0800018310547,142.25999450683594,141.38999938964844,141.67999267578125,383180,0.0,0.0
2026-03-18 12:15:00-04:00,141.64999389648438,141.6699981689453,140.89999389648438,141.22000122070312,483270,0.0,0.0
2026-03-18 12:30:00-04:00,141.17999267578125,141.4199981689453,140.35000610351562,141.41949462890625,410465,0.0,0.0
2026-03-18 12:45:00-04:00,141.38999938964844,141.50990295410156,141.0,141.13499450683594,382254,0.0,0.0
2026-03-18 13:00:00-04:00,141.13499450683594,141.35000610351562,140.72000122070312,141.05999755859375,370794,0.0,0.0
2026-03-18 13:15:00-04:00,141.08999633789062,141.98989868164062,140.91000366210938,141.83999633789062,358047,0.0,0.0
2026-03-18 13:30:00-04:00,141.91000366210938,142.63999938964844,141.5800018310547,142.52499389648438,458440,0.0,0.0
2026-03-18 13:45:00-04:00,142.5,142.97000122070312,142.2902069091797,142.36500549316406,362624,0.0,0.0
2026-03-18 14:00:00-04:00,142.3699951171875,143.343994140625,142.32000732421875,143.0749969482422,512861,0.0,0.0
2026-03-18 14:15:00-04:00,143.0800018310547,143.19500732421875,142.05999755859375,142.5,296395,0.0,0.0
2026-03-18 14:30:00-04:00,142.5,143.5,142.14010620117188,142.66000366210938,334718,0.0,0.0
2026-03-18 14:45:00-04:00,142.66000366210938,142.6699981689453,140.57000732421875,140.85000610351562,457516,0.0,0.0
2026-03-18 15:00:00-04:00,140.91000366210938,142.39999389648438,140.84500122070312,141.9199981689453,427628,0.0,0.0
2026-03-18 15:15:00-04:00,141.97000122070312,142.32000732421875,141.72000122070312,142.14999389648438,474344,0.0,0.0
2026-03-18 15:30:00-04:00,142.17799377441406,142.41000366210938,141.8300018310547,141.90499877929688,510369,0.0,0.0
2026-03-18 15:45:00-04:00,141.9199981689453,141.99000549316406,140.39999389648438,140.6300048828125,1288326,0.0,0.0
2026-03-19 09:30:00-04:00,135.0500030517578,136.7899932861328,133.0500030517578,136.30999755859375,1792967,0.0,0.0
2026-03-19 09:45:00-04:00,136.27000427246094,138.1999969482422,135.53500366210938,137.7949981689453,613045,0.0,0.0
2026-03-19 10:00:00-04:00,137.80050659179688,138.42990112304688,136.25010681152344,137.01199340820312,511584,0.0,0.0
2026-03-19 10:15:00-04:00,137.08990478515625,137.22999572753906,133.0,134.99000549316406,2229207,0.0,0.0
2026-03-19 10:30:00-04:00,135.0399932861328,136.6300048828125,134.92010498046875,136.1300048828125,273316,0.0,0.0
2026-03-19 10:45:00-04:00,136.15989685058594,136.83999633789062,135.5399932861328,136.61500549316406,403254,0.0,0.0
2026-03-19 11:00:00-04:00,136.66000366210938,138.52999877929688,136.52999877929688,138.07000732421875,2640905,0.0,0.0
2026-03-19 11:15:00-04:00,138.05999755859375,138.4499969482422,135.9499969482422,136.05990600585938,221952,0.0,0.0
2026-03-19 11:30:00-04:00,136.02999877929688,136.02999877929688,135.23370361328125,135.38499450683594,2592284,0.0,0.0
2026-03-19 11:45:00-04:00,135.4199981689453,136.8800048828125,135.16000366210938,136.3000030517578,429026,0.0,0.0
2026-03-19 12:00:00-04:00,136.30499267578125,136.9176025390625,135.8699951171875,136.2899932861328,2931160,0.0,0.0
2026-03-19 12:15:00-04:00,136.2899932861328,136.35000610351562,135.72000122070312,136.00999450683594,2926967,0.0,0.0
2026-03-19 12:30:00-04:00,135.94000244140625,136.33999633789062,135.15499877929688,135.9499969482422,156087,0.0,0.0
2026-03-19 12:45:00-04:00,135.99000549316406,136.04989624023438,134.85000610351562,135.27000427246094,287976,0.0,0.0
2026-03-19 13:00:00-04:00,135.27999877929688,135.50999450683594,134.10000610351562,134.47999572753906,465803,0.0,0.0
2026-03-19 13:15:00-04:00,134.47999572753906,135.88999938964844,134.1199951171875,135.85499572753906,3841830,0.0,0.0
2026-03-19 13:30:00-04:00,135.85000610351562,136.07000732421875,135.39999389648438,135.59730529785156,166665,0.0,0.0
2026-03-19 13:45:00-04:00,135.60499572753906,136.86000061035156,135.5399932861328,136.4499969482422,318023,0.0,0.0
2026-03-19 14:00:00-04:00,136.39999389648438,137.25,136.3300018310547,136.94000244140625,281661,0.0,0.0
2026-03-19 14:15:00-04:00,136.99989318847656,137.1999053955078,136.25999450683594,136.25999450683594,280768,0.0,0.0
2026-03-19 14:30:00-04:00,136.25,136.47999572753906,135.9600067138672,136.110107421875,188136,0.0,0.0
2026-03-19 14:45:00-04:00,136.15499877929688,137.0500030517578,135.9508056640625,136.75,172054,0.0,0.0
2026-03-19 15:00:00-04:00,136.7899932861328,139.77999877929688,136.77999877929688,139.47999572753906,490205,0.0,0.0
2026-03-19 15:15:00-04:00,139.47000122070312,139.6199951171875,138.0,138.2899932861328,400247,0.0,0.0
2026-03-19 15:30:00-04:00,138.25999450683594,138.8800048828125,137.52000427246094,138.55999755859375,485707,0.0,0.0
2026-03-19 15:45:00-04:00,138.55999755859375,138.83999633789062,137.72999572753906,138.24000549316406,780720,0.0,0.0
2026-03-20 09:30:00-04:00,139.61500549316406,139.68499755859375,136.00999450683594,137.05999755859375,1564036,0.0,0.0
2026-03-20 09:45:00-04:00,137.0,137.6999969482422,135.0500030517578,135.47000122070312,743905,0.0,0.0
2026-03-20 10:00:00-04:00,135.4600067138672,136.3800048828125,134.5399932861328,134.72999572753906,958233,0.0,0.0
2026-03-20 10:15:00-04:00,134.73500061035156,136.27999877929688,134.69039916992188,136.2100067138672,636902,0.0,0.0
2026-03-20 10:30:00-04:00,136.22900390625,138.0800018310547,136.22900390625,137.63999938964844,629391,0.0,0.0
2026-03-20 10:45:00-04:00,137.63999938964844,137.97999572753906,136.63999938964844,137.10000610351562,454620,0.0,0.0
2026-03-20 11:00:00-04:00,137.0500030517578,137.8000030517578,136.1199951171875,137.0500030517578,639105,0.0,0.0
2026-03-20 11:15:00-04:00,137.03500366210938,137.5,135.82069396972656,136.6199951171875,547774,0.0,0.0
2026-03-20 11:30:00-04:00,136.5500030517578,137.49000549316406,136.50999450683594,137.00999450683594,373673,0.0,0.0
2026-03-20 11:45:00-04:00,137.02000427246094,137.6999969482422,136.47000122070312,137.59010314941406,518554,0.0,0.0
2026-03-20 12:00:00-04:00,137.74000549316406,138.32000732421875,137.4499969482422,137.57000732421875,674263,0.0,0.0
2026-03-20 12:15:00-04:00,137.55499267578125,137.8594970703125,137.0800018310547,137.56500244140625,452184,0.0,0.0
2026-03-20 12:30:00-04:00,137.5399932861328,137.63999938964844,136.1999969482422,136.39999389648438,515841,0.0,0.0
2026-03-20 12:45:00-04:00,136.42950439453125,137.375,136.05999755859375,137.00999450683594,381254,0.0,0.0
2026-03-20 13:00:00-04:00,137.0,137.24000549316406,135.97000122070312,136.16000366210938,400588,0.0,0.0
2026-03-20 13:15:00-04:00,136.1885986328125,136.57000732421875,135.75750732421875,135.9600067138672,300177,0.0,0.0
2026-03-20 13:30:00-04:00,135.94000244140625,136.16000366210938,135.1300048828125,135.2899932861328,393765,0.0,0.0
2026-03-20 13:45:00-04:00,135.32000732421875,136.22999572753906,134.9600067138672,136.0850067138672,406226,0.0,0.0
2026-03-20 14:00:00-04:00,136.10000610351562,136.7100067138672,135.84500122070312,136.6300048828125,385230,0.0,0.0
2026-03-20 14:15:00-04:00,136.6699981689453,136.77999877929688,134.91000366210938,135.18499755859375,317177,0.0,0.0
2026-03-20 14:30:00-04:00,135.2100067138672,135.39999389648438,134.4600067138672,134.80999755859375,515041,0.0,0.0
2026-03-20 14:45:00-04:00,134.77999877929688,134.9499969482422,134.17999267578125,134.41000366210938,503136,0.0,0.0
2026-03-20 15:00:00-04:00,134.4199981689453,135.27000427246094,134.13999938964844,134.67999267578125,864530,0.0,0.0
2026-03-20 15:15:00-04:00,134.68499755859375,135.39999389648438,134.59500122070312,135.17999267578125,486484,0.0,0.0
2026-03-20 15:30:00-04:00,135.1999969482422,135.66000366210938,134.5,135.42999267578125,626435,0.0,0.0
2026-03-20 15:45:00-04:00,135.41000366210938,136.05999755859375,134.80999755859375,135.72000122070312,1648208,0.0,0.0
2026-03-23 09:30:00-04:00,138.91799926757812,139.74969482421875,136.94000244140625,138.97999572753906,2436070,0.0,0.0
2026-03-23 09:45:00-04:00,138.9550018310547,139.8800048828125,138.17999267578125,139.86000061035156,995173,0.0,0.0
2026-03-23 10:00:00-04:00,139.875,139.92999267578125,138.80999755859375,139.1199951171875,879847,0.0,0.0
2026-03-23 10:15:00-04:00,139.16000366210938,139.67340087890625,137.8000946044922,138.52499389648438,517868,0.0,0.0
2026-03-23 10:30:00-04:00,138.47000122070312,139.10000610351562,137.83999633789062,138.61000061035156,473204,0.0,0.0
2026-03-23 10:45:00-04:00,138.6199951171875,139.2100067138672,137.3699951171875,138.53500366210938,615820,0.0,0.0
2026-03-23 11:00:00-04:00,138.58999633789062,139.75999450683594,138.5399932861328,139.0500030517578,780773,0.0,0.0
2026-03-23 11:15:00-04:00,139.02000427246094,139.13999938964844,137.10000610351562,137.747802734375,752333,0.0,0.0
2026-03-23 11:30:00-04:00,137.75,137.88999938964844,136.1699981689453,136.53500366210938,651934,0.0,0.0
2026-03-23 11:45:00-04:00,136.5,137.0500030517578,134.6300048828125,134.82400512695312,811510,0.0,0.0
2026-03-23 12:00:00-04:00,134.8699951171875,136.83999633789062,134.5399932861328,136.74000549316406,838181,0.0,0.0
2026-03-23 12:15:00-04:00,136.7200927734375,136.82989501953125,134.860107421875,134.8699951171875,556786,0.0,0.0
2026-03-23 12:30:00-04:00,134.80999755859375,136.25,134.8000030517578,135.77000427246094,560400,0.0,0.0
2026-03-23 12:45:00-04:00,135.69500732421875,136.14999389648438,134.89999389648438,134.94009399414062,430230,0.0,0.0
2026-03-23 13:00:00-04:00,135.0399932861328,135.31500244140625,134.6699981689453,134.74000549316406,503265,0.0,0.0
2026-03-23 13:15:00-04:00,134.77000427246094,135.1699981689453,133.97000122070312,134.77000427246094,545135,0.0,0.0
2026-03-23 13:30:00-04:00,134.72999572753906,136.49000549316406,134.6851043701172,136.08999633789062,707322,0.0,0.0
2026-03-23 13:45:00-04:00,136.09500122070312,137.51510620117188,135.92999267578125,137.41000366210938,532823,0.0,0.0
2026-03-23 14:00:00-04:00,137.4149932861328,137.69000244140625,136.07000732421875,136.6199951171875,637731,0.0,0.0
2026-03-23 14:15:00-04:00,136.55999755859375,137.30999755859375,136.3800048828125,136.77000427246094,401936,0.0,0.0
2026-03-23 14:30:00-04:00,136.7790069580078,138.27000427246094,136.7790069580078,138.02999877929688,589077,0.0,0.0
2026-03-23 14:45:00-04:00,138.0,138.40989685058594,137.37010192871094,137.9199981689453,530654,0.0,0.0
2026-03-23 15:00:00-04:00,137.89999389648438,138.44500732421875,137.5500030517578,137.9499969482422,491448,0.0,0.0
2026-03-23 15:15:00-04:00,137.97999572753906,138.69000244140625,137.74000549316406,138.55999755859375,399360,0.0,0.0
2026-03-23 15:30:00-04:00,138.55999755859375,138.72000122070312,138.10000610351562,138.36990356445312,304863,0.0,0.0
2026-03-23 15:45:00-04:00,138.3699951171875,138.60000610351562,137.9199981689453,138.16099548339844,855104,0.0,0.0
2026-03-24 09:30:00-04:00,138.72999572753906,140.0500030517578,137.33999633789062,138.4199981689453,1333075,0.0,0.0
2026-03-24 09:45:00-04:00,138.55499267578125,138.82769775390625,136.30999755859375,137.4398956298828,743566,0.0,0.0
2026-03-24 10:00:00-04:00,137.3300018310547,139.4499969482422,135.85899353027344,137.05499267578125,873988,0.0,0.0
2026-03-24 10:15:00-04:00,137.0384979248047,137.27999877929688,135.77000427246094,136.27999877929688,504372,0.0,0.0
2026-03-24 10:30:00-04:00,136.30999755859375,137.52999877929688,136.0,137.07659912109375,485782,0.0,0.0
2026-03-24 10:45:00-04:00,137.0749969482422,137.69000244140625,135.47000122070312,136.875,643584,0.0,0.0
2026-03-24 11:00:00-04:00,136.93499755859375,137.75,136.02000427246094,136.5850067138672,298307,0.0,0.0
2026-03-24 11:15:00-04:00,136.58999633789062,137.22000122070312,136.10000610351562,136.39999389648438,575085,0.0,0.0
2026-03-24 11:30:00-04:00,136.3000030517578,136.7700958251953,134.85000610351562,136.7100067138672,798940,0.0,0.0
2026-03-24 11:45:00-04:00,136.72999572753906,137.38999938964844,136.05499267578125,136.07000732421875,431197,0.0,0.0
2026-03-24 12:00:00-04:00,136.00999450683594,136.69000244140625,135.88999938964844,136.3000030517578,302696,0.0,0.0
2026-03-24 12:15:00-04:00,136.2899932861328,137.35000610351562,136.02999877929688,137.22999572753906,422990,0.0,0.0
2026-03-24 12:30:00-04:00,137.2299041748047,137.25,136.0399932861328,136.94000244140625,399420,0.0,0.0
2026-03-24 12:45:00-04:00,136.95509338378906,137.35000610351562,136.0,136.22500610351562,669086,0.0,0.0
2026-03-24 13:00:00-04:00,136.24000549316406,136.8800048828125,134.5749969482422,134.9499969482422,694263,0.0,0.0
2026-03-24 13:15:00-04:00,134.94500732421875,135.25,134.30999755859375,134.57000732421875,629968,0.0,0.0
2026-03-24 13:30:00-04:00,134.52999877929688,135.16000366210938,134.27999877929688,134.39190673828125,551354,0.0,0.0
2026-03-24 13:45:00-04:00,134.40499877929688,135.8699951171875,134.3699951171875,135.72000122070312,458972,0.0,0.0
2026-03-24 14:00:00-04:00,135.768798828125,136.5,135.55499267578125,136.39500427246094,534659,0.0,0.0
2026-03-24 14:15:00-04:00,136.39999389648438,137.16990661621094,136.0500030517578,136.57000732421875,676533,0.0,0.0
2026-03-24 14:30:00-04:00,136.6199951171875,138.1699981689453,136.55999755859375,137.168701171875,728337,0.0,0.0
2026-03-24 14:45:00-04:00,137.22999572753906,137.57989501953125,136.61000061035156,136.68499755859375,705060,0.0,0.0
2026-03-24 15:00:00-04:00,136.69000244140625,137.52000427246094,136.64999389648438,137.19500732421875,637813,0.0,0.0
2026-03-24 15:15:00-04:00,137.18499755859375,137.74000549316406,136.83999633789062,136.94000244140625,583396,0.0,0.0
2026-03-24 15:30:00-04:00,136.89999389648438,136.97000122070312,136.05999755859375,136.72500610351562,602158,0.0,0.0
2026-03-24 15:45:00-04:00,136.71499633789062,136.718994140625,135.80999755859375,136.22000122070312,989674,0.0,0.0
2026-03-25 09:30:00-04:00,140.46499633789062,143.67999267578125,140.41000366210938,142.61000061035156,2278247,0.0,0.0
2026-03-25 09:45:00-04:00,142.58999633789062,143.80999755859375,142.3000030517578,142.57000732421875,1208149,0.0,0.0
2026-03-25 10:00:00-04:00,142.57000732421875,143.85000610351562,142.3000030517578,143.0574951171875,948899,0.0,0.0
2026-03-25 10:15:00-04:00,143.02999877929688,143.77000427246094,142.72000122070312,143.36000061035156,775967,0.0,0.0
2026-03-25 10:30:00-04:00,143.39999389648438,143.71499633789062,142.22999572753906,142.3300018310547,674349,0.0,0.0
2026-03-25 10:45:00-04:00,142.3800048828125,142.6699981689453,141.22999572753906,141.36000061035156,648625,0.0,0.0
2026-03-25 11:00:00-04:00,141.36500549316406,141.7899932861328,139.38999938964844,139.5749969482422,827080,0.0,0.0
2026-03-25 11:15:00-04:00,139.5500030517578,140.22999572753906,138.55999755859375,140.05499267578125,1067860,0.0,0.0
2026-03-25 11:30:00-04:00,140.0800018310547,140.8498992919922,139.22999572753906,139.47000122070312,546753,0.0,0.0
2026-03-25 11:45:00-04:00,139.49000549316406,139.74989318847656,138.5601043701172,138.66000366210938,617407,0.0,0.0
2026-03-25 12:00:00-04:00,138.60000610351562,139.1190948486328,138.3300018310547,138.47500610351562,458672,0.0,0.0
2026-03-25 12:15:00-04:00,138.4199981689453,140.1251983642578,138.3800048828125,139.67999267578125,556213,0.0,0.0
2026-03-25 12:30:00-04:00,139.72000122070312,140.4499969482422,139.5,139.94000244140625,385578,0.0,0.0
2026-03-25 12:45:00-04:00,139.9199981689453,140.49000549316406,139.52000427246094,139.9949951171875,440914,0.0,0.0
2026-03-25 13:00:00-04:00,140.00999450683594,140.2100067138672,139.03500366210938,139.4893035888672,353977,0.0,0.0
2026-03-25 13:15:00-04:00,139.4600067138672,140.3699951171875,139.00140380859375,139.6300048828125,368271,0.0,0.0
2026-03-25 13:30:00-04:00,139.63999938964844,140.3000030517578,139.1999969482422,139.80999755859375,332804,0.0,0.0
2026-03-25 13:45:00-04:00,139.77999877929688,140.0,138.39999389648438,138.5749969482422,395635,0.0,0.0
2026-03-25 14:00:00-04:00,138.55999755859375,138.67999267578125,138.0500030517578,138.19000244140625,469125,0.0,0.0
2026-03-25 14:15:00-04:00,138.18499755859375,138.6999969482422,137.85000610351562,138.05999755859375,484743,0.0,0.0
2026-03-25 14:30:00-04:00,138.08999633789062,138.22999572753906,137.16009521484375,137.38999938964844,407795,0.0,0.0
2026-03-25 14:45:00-04:00,137.3699951171875,137.78990173339844,136.80499267578125,137.2899932861328,484914,0.0,0.0
2026-03-25 15:00:00-04:00,137.24000549316406,138.0299072265625,136.97999572753906,137.88999938964844,440561,0.0,0.0
2026-03-25 15:15:00-04:00,137.85000610351562,138.9600067138672,137.76100158691406,138.57000732421875,336060,0.0,0.0
2026-03-25 15:30:00-04:00,138.58999633789062,139.63999938964844,138.4149932861328,139.27000427246094,401763,0.0,0.0
2026-03-25 15:45:00-04:00,139.2100067138672,139.63999938964844,138.94000244140625,139.10000610351562,1078343,0.0,0.0
2026-03-26 09:30:00-04:00,136.5500030517578,137.75999450683594,135.5,137.6699981689453,1149614,0.0,0.0
2026-03-26 09:45:00-04:00,137.6999969482422,139.0800018310547,137.6999969482422,138.91000366210938,803947,0.0,0.0
2026-03-26 10:00:00-04:00,138.9149932861328,139.0,137.1699981689453,137.5800018310547,521930,0.0,0.0
2026-03-26 10:15:00-04:00,137.66000366210938,138.5998992919922,137.3699951171875,137.8773956298828,378437,0.0,0.0
2026-03-26 10:30:00-04:00,137.88999938964844,138.81900024414062,137.19400024414062,137.44000244140625,369335,0.0,0.0
2026-03-26 10:45:00-04:00,137.3699951171875,137.60000610351562,136.38999938964844,137.5659942626953,444567,0.0,0.0
2026-03-26 11:00:00-04:00,137.55499267578125,137.9346923828125,136.1999969482422,136.1999969482422,455929,0.0,0.0
2026-03-26 11:15:00-04:00,136.23500061035156,136.64999389648438,136.0,136.11500549316406,447504,0.0,0.0
2026-03-26 11:30:00-04:00,136.08999633789062,136.32000732421875,134.86000061035156,134.9600067138672,805047,0.0,0.0
2026-03-26 11:45:00-04:00,134.99000549316406,135.97999572753906,134.80999755859375,135.3300018310547,467844,0.0,0.0
2026-03-26 12:00:00-04:00,135.3699951171875,135.49000549316406,134.74000549316406,135.0050048828125,411886,0.0,0.0
2026-03-26 12:15:00-04:00,134.97500610351562,135.1999969482422,134.52000427246094,134.60000610351562,437328,0.0,0.0
2026-03-26 12:30:00-04:00,134.5500030517578,134.66000366210938,133.89999389648438,134.125,416785,0.0,0.0
2026-03-26 12:45:00-04:00,134.1199951171875,134.37989807128906,133.63009643554688,134.0449981689453,383608,0.0,0.0
2026-03-26 13:00:00-04:00,134.02999877929688,134.5500030517578,133.9199981689453,133.9550018310547,382159,0.0,0.0
2026-03-26 13:15:00-04:00,133.91000366210938,134.4333038330078,133.80079650878906,134.19000244140625,189308,0.0,0.0
2026-03-26 13:30:00-04:00,134.22999572753906,135.69000244140625,134.2100067138672,134.9149932861328,521757,0.0,0.0
2026-03-26 13:45:00-04:00,134.87100219726562,135.0,133.89999389648438,134.02000427246094,376922,0.0,0.0
2026-03-26 14:00:00-04:00,133.97000122070312,134.47000122070312,133.74000549316406,134.10000610351562,502810,0.0,0.0
2026-03-26 14:15:00-04:00,134.13999938964844,134.1699981689453,133.11000061035156,133.18800354003906,409811,0.0,0.0
2026-03-26 14:30:00-04:00,133.1750030517578,133.7100067138672,133.02999877929688,133.57000732421875,522187,0.0,0.0
2026-03-26 14:45:00-04:00,133.5500030517578,134.0500030517578,133.27000427246094,133.889892578125,440664,0.0,0.0
2026-03-26 15:00:00-04:00,133.85000610351562,133.89999389648438,133.17999267578125,133.1999969482422,380720,0.0,0.0
2026-03-26 15:15:00-04:00,133.22999572753906,133.8000030517578,133.0500030517578,133.2449951171875,453856,0.0,0.0
2026-03-26 15:30:00-04:00,133.25,134.47000122070312,133.25,134.00999450683594,580529,0.0,0.0
2026-03-26 15:45:00-04:00,133.98500061035156,133.98500061035156,132.6909942626953,132.88999938964844,1296264,0.0,0.0
2026-03-27 09:30:00-04:00,129.8800048828125,130.64999389648438,127.58000183105467,127.7300033569336,1962186,0.0,0.0
2026-03-27 09:45:00-04:00,127.66000366210938,128.10000610351562,124.41999816894533,124.7699966430664,1322995,0.0,0.0
2026-03-27 10:00:00-04:00,124.70010375976562,125.93000030517578,124.54000091552734,125.7500991821289,987431,0.0,0.0
2026-03-27 10:15:00-04:00,125.75,126.11000061035156,123.98999786376952,124.37000274658205,907109,0.0,0.0
2026-03-27 10:30:00-04:00,124.36000061035156,124.9489974975586,124.27999877929688,124.87999725341795,632075,0.0,0.0
2026-03-27 10:45:00-04:00,124.93000030517578,125.9176025390625,124.47160339355467,125.65499877929688,857771,0.0,0.0
2026-03-27 11:00:00-04:00,125.63999938964844,126.6999969482422,125.62000274658205,126.18499755859376,741102,0.0,0.0
2026-03-27 11:15:00-04:00,126.16999816894533,126.87000274658205,125.25,126.69000244140624,674386,0.0,0.0
2026-03-27 11:30:00-04:00,126.66000366210938,127.8499984741211,126.58499908447266,126.98500061035156,919509,0.0,0.0
2026-03-27 11:45:00-04:00,126.95999908447266,127.68000030517578,126.59010314941406,127.0,880992,0.0,0.0
2026-03-27 12:00:00-04:00,126.97000122070312,127.16000366210938,125.6500015258789,126.29000091552734,943531,0.0,0.0
2026-03-27 12:15:00-04:00,126.29000091552734,126.66999816894533,125.79000091552734,126.11000061035156,550151,0.0,0.0
2026-03-27 12:30:00-04:00,126.12000274658205,126.25,125.3477020263672,125.73999786376952,475295,0.0,0.0
2026-03-27 12:45:00-04:00,125.76499938964844,126.21499633789062,125.33999633789062,125.55999755859376,462159,0.0,0.0
2026-03-27 13:00:00-04:00,125.55999755859376,126.6999969482422,125.38999938964844,126.2300033569336,541801,0.0,0.0
2026-03-27 13:15:00-04:00,126.16999816894533,126.5999984741211,125.32170104980467,125.6750030517578,452429,0.0,0.0
2026-03-27 13:30:00-04:00,125.67279815673828,126.05999755859376,125.4000015258789,125.47000122070312,448983,0.0,0.0
2026-03-27 13:45:00-04:00,125.48999786376952,125.70999908447266,125.0500030517578,125.2750015258789,488760,0.0,0.0
2026-03-27 14:00:00-04:00,125.30580139160156,126.27999877929688,125.2300033569336,125.7699966430664,500361,0.0,0.0
2026-03-27 14:15:00-04:00,125.81990051269533,126.73999786376952,125.6999969482422,126.38500213623048,467644,0.0,0.0
2026-03-27 14:30:00-04:00,126.38500213623048,127.3499984741211,126.33999633789062,126.86000061035156,462730,0.0,0.0
2026-03-27 14:45:00-04:00,126.86499786376952,127.3000030517578,126.5199966430664,126.62000274658205,457018,0.0,0.0
2026-03-27 15:00:00-04:00,126.62000274658205,126.6750030517578,125.9000015258789,126.12000274658205,353695,0.0,0.0
2026-03-27 15:15:00-04:00,126.0999984741211,126.9000015258789,126.02999877929688,126.4800033569336,506682,0.0,0.0
2026-03-27 15:30:00-04:00,126.48999786376952,127.04000091552734,126.4530029296875,126.79000091552734,510650,0.0,0.0
2026-03-27 15:45:00-04:00,126.7699966430664,127.13500213623048,125.83000183105467,126.05999755859376,1864320,0.0,0.0
2026-03-30 09:30:00-04:00,129.6199951171875,130.33999633789062,127.56999969482422,128.35000610351562,1377985,0.0,0.0
2026-03-30 09:45:00-04:00,128.4199981689453,128.61000061035156,126.94000244140624,127.37999725341795,567491,0.0,0.0
2026-03-30 10:00:00-04:00,127.38999938964844,128.1199951171875,127.13400268554688,127.87000274658205,490329,0.0,0.0
2026-03-30 10:15:00-04:00,127.91600036621094,127.98999786376952,126.0199966430664,126.11190032958984,556671,0.0,0.0
2026-03-30 10:30:00-04:00,126.1500015258789,126.87999725341795,125.6500015258789,125.94000244140624,499429,0.0,0.0
2026-03-30 10:45:00-04:00,125.91000366210938,128.16990661621094,125.8000030517578,128.0012969970703,635183,0.0,0.0
2026-03-30 11:00:00-04:00,128.07000732421875,128.83999633789062,127.15599822998048,127.20500183105467,564271,0.0,0.0
2026-03-30 11:15:00-04:00,127.19000244140624,127.68990325927734,126.73500061035156,127.26000213623048,392269,0.0,0.0
2026-03-30 11:30:00-04:00,127.3000030517578,128.39999389648438,127.04000091552734,128.02499389648438,398188,0.0,0.0
2026-03-30 11:45:00-04:00,128.02499389648438,128.36000061035156,127.62000274658205,128.0,328747,0.0,0.0
2026-03-30 12:00:00-04:00,128.02999877929688,128.05999755859375,127.04000091552734,127.0999984741211,374947,0.0,0.0
2026-03-30 12:15:00-04:00,127.12999725341795,127.1999969482422,126.30999755859376,126.52619934082033,294884,0.0,0.0
2026-03-30 12:30:00-04:00,126.54499816894533,127.34500122070312,126.26000213623048,126.43499755859376,341653,0.0,0.0
2026-03-30 12:45:00-04:00,126.38999938964844,126.9000015258789,125.5,125.9207000732422,478911,0.0,0.0
2026-03-30 13:00:00-04:00,125.95999908447266,126.1500015258789,124.9290008544922,125.02999877929688,282309,0.0,0.0
2026-03-30 13:15:00-04:00,125.05999755859376,125.0999984741211,123.52999877929688,123.87999725341795,587729,0.0,0.0
2026-03-30 13:30:00-04:00,123.9000015258789,124.3000030517578,123.58000183105467,124.125,454116,0.0,0.0
2026-03-30 13:45:00-04:00,124.1500015258789,124.75,123.76000213623048,124.1999969482422,459201,0.0,0.0
2026-03-30 14:00:00-04:00,124.16999816894533,124.8000030517578,123.93009948730467,124.1500015258789,425464,0.0,0.0
2026-03-30 14:15:00-04:00,124.16999816894533,124.4000015258789,123.52999877929688,123.8000030517578,338417,0.0,0.0
2026-03-30 14:30:00-04:00,123.80999755859376,124.75,123.63140106201172,123.83000183105467,331922,0.0,0.0
2026-03-30 14:45:00-04:00,123.86000061035156,124.0947036743164,122.69000244140624,122.86000061035156,430094,0.0,0.0
2026-03-30 15:00:00-04:00,122.87999725341795,123.04000091552734,121.11000061035156,121.29000091552734,708260,0.0,0.0
2026-03-30 15:15:00-04:00,121.3000030517578,121.63999938964844,120.8000030517578,120.9749984741211,655282,0.0,0.0
2026-03-30 15:30:00-04:00,120.98500061035156,121.95989990234376,120.94000244140624,121.91999816894533,628634,0.0,0.0
2026-03-30 15:45:00-04:00,121.91000366210938,122.08000183105467,121.20999908447266,121.43000030517578,1413082,0.0,0.0
2026-03-31 09:30:00-04:00,123.02999877929688,123.80999755859376,121.36499786376952,121.69499969482422,1489841,0.0,0.0
2026-03-31 09:45:00-04:00,121.72000122070312,123.31999969482422,121.6999969482422,122.4749984741211,859954,0.0,0.0
2026-03-31 10:00:00-04:00,122.4749984741211,122.93000030517578,121.20999908447266,121.91000366210938,890043,0.0,0.0
2026-03-31 10:15:00-04:00,121.91000366210938,122.41500091552734,121.41999816894533,122.06999969482422,854431,0.0,0.0
2026-03-31 10:30:00-04:00,122.1500015258789,122.31999969482422,120.30999755859376,120.66000366210938,808199,0.0,0.0
2026-03-31 10:45:00-04:00,120.66500091552734,120.70980072021484,117.76499938964844,118.16000366210938,1278709,0.0,0.0
2026-03-31 11:00:00-04:00,118.16999816894533,120.1125030517578,118.13999938964844,120.0250015258789,872536,0.0,0.0
2026-03-31 11:15:00-04:00,120.0199966430664,120.47000122070312,119.45999908447266,119.65709686279295,638570,0.0,0.0
2026-03-31 11:30:00-04:00,119.5999984741211,120.27870178222656,118.81009674072266,119.11000061035156,482121,0.0,0.0
2026-03-31 11:45:00-04:00,119.0500030517578,120.30999755859376,118.76000213623048,119.48500061035156,451503,0.0,0.0
2026-03-31 12:00:00-04:00,119.48500061035156,119.91950225830078,118.70999908447266,119.36000061035156,383359,0.0,0.0
2026-03-31 12:15:00-04:00,119.33999633789062,119.9000015258789,118.91999816894533,119.55999755859376,378918,0.0,0.0
2026-03-31 12:30:00-04:00,119.45980072021484,123.06999969482422,119.1449966430664,122.16999816894533,961148,0.0,0.0
2026-03-31 12:45:00-04:00,122.08000183105467,122.69000244140624,121.16000366210938,122.08719635009766,771305,0.0,0.0
2026-03-31 13:00:00-04:00,122.05999755859376,123.51000213623048,121.5,123.0999984741211,1041938,0.0,0.0
2026-03-31 13:15:00-04:00,123.06999969482422,124.1999969482422,121.95999908447266,122.20999908447266,1195451,0.0,0.0
2026-03-31 13:30:00-04:00,122.12999725341795,122.97989654541016,121.47000122070312,122.1500015258789,719086,0.0,0.0
2026-03-31 13:45:00-04:00,122.0999984741211,122.62999725341795,121.41000366210938,121.6050033569336,499829,0.0,0.0
2026-03-31 14:00:00-04:00,121.5999984741211,123.0999984741211,121.55999755859376,123.04039764404295,494159,0.0,0.0
2026-03-31 14:15:00-04:00,123.05999755859376,123.26000213623048,122.49500274658205,122.91000366210938,345008,0.0,0.0
2026-03-31 14:30:00-04:00,122.9000015258789,123.73999786376952,122.73999786376952,123.58999633789062,443154,0.0,0.0
2026-03-31 14:45:00-04:00,123.62000274658205,123.9499969482422,123.33000183105467,123.4875030517578,445817,0.0,0.0
2026-03-31 15:00:00-04:00,123.48999786376952,124.05999755859376,123.41999816894533,123.88999938964844,440119,0.0,0.0
2026-03-31 15:15:00-04:00,123.87999725341795,124.32990264892578,123.66999816894533,123.87999725341795,413692,0.0,0.0
2026-03-31 15:30:00-04:00,123.87000274658205,124.43000030517578,123.66999816894533,124.3218994140625,567891,0.0,0.0
2026-03-31 15:45:00-04:00,124.3000030517578,125.3000030517578,124.16000366210938,124.86000061035156,1386251,0.0,0.0
2026-04-01 09:30:00-04:00,126.13249969482422,126.3000030517578,123.16000366210938,123.79000091552734,1895993,0.0,0.0
2026-04-01 09:45:00-04:00,123.8000030517578,124.11000061035156,122.0999984741211,123.16000366210938,942876,0.0,0.0
2026-04-01 10:00:00-04:00,123.16000366210938,123.91999816894533,122.58999633789062,122.95999908447266,565516,0.0,0.0
2026-04-01 10:15:00-04:00,122.98999786376952,124.1999969482422,122.98999786376952,124.06999969482422,625261,0.0,0.0
2026-04-01 10:30:00-04:00,124.13999938964844,124.625,122.5199966430664,122.68910217285156,682947,0.0,0.0
2026-04-01 10:45:00-04:00,122.68000030517578,123.86000061035156,122.5500030517578,123.61000061035156,583433,0.0,0.0
2026-04-01 11:00:00-04:00,123.62999725341795,123.83000183105467,122.6404037475586,123.11499786376952,444488,0.0,0.0
2026-04-01 11:15:00-04:00,123.16000366210938,123.35880279541016,122.61000061035156,123.1050033569336,549553,0.0,0.0
2026-04-01 11:30:00-04:00,123.06999969482422,124.0999984741211,122.70999908447266,123.5999984741211,391925,0.0,0.0
2026-04-01 11:45:00-04:00,123.5999984741211,124.38999938964844,123.5500030517578,124.3000030517578,385503,0.0,0.0
2026-04-01 12:00:00-04:00,124.25,124.30999755859376,123.13999938964844,123.25299835205078,364043,0.0,0.0
2026-04-01 12:15:00-04:00,123.27999877929688,124.0,122.97000122070312,123.62000274658205,282689,0.0,0.0
2026-04-01 12:30:00-04:00,123.62999725341795,124.8000030517578,123.20999908447266,124.70999908447266,375245,0.0,0.0
2026-04-01 12:45:00-04:00,124.66999816894533,124.91999816894533,124.22000122070312,124.8000030517578,299123,0.0,0.0
2026-04-01 13:00:00-04:00,124.75,125.87999725341795,124.75,125.18000030517578,574247,0.0,0.0
2026-04-01 13:15:00-04:00,125.20999908447266,125.27999877929688,124.19290161132812,124.52999877929688,484040,0.0,0.0
2026-04-01 13:30:00-04:00,124.56500244140624,124.76000213623048,123.80999755859376,124.2300033569336,317054,0.0,0.0
2026-04-01 13:45:00-04:00,124.26000213623048,124.26000213623048,122.94000244140624,123.0,427564,0.0,0.0
2026-04-01 14:00:00-04:00,123.04000091552734,123.18000030517578,122.1500015258789,122.27999877929688,448815,0.0,0.0
2026-04-01 14:15:00-04:00,122.2699966430664,122.30999755859376,121.69000244140624,121.98999786376952,494949,0.0,0.0
2026-04-01 14:30:00-04:00,121.95999908447266,122.55999755859376,121.44000244140624,122.12999725341795,485800,0.0,0.0
2026-04-01 14:45:00-04:00,122.16000366210938,122.2699966430664,121.70999908447266,121.9800033569336,400842,0.0,0.0
2026-04-01 15:00:00-04:00,122.01000213623048,122.33499908447266,121.87000274658205,121.9499969482422,345379,0.0,0.0
2026-04-01 15:15:00-04:00,121.9499969482422,122.83999633789062,121.8000030517578,122.79000091552734,479200,0.0,0.0
2026-04-01 15:30:00-04:00,122.78500366210938,122.9000015258789,122.08000183105467,122.76000213623048,365561,0.0,0.0
2026-04-01 15:45:00-04:00,122.76499938964844,123.29000091552734,122.5999984741211,122.79000091552734,1004683,0.0,0.0
2026-04-02 09:30:00-04:00,119.63999938964844,120.0,116.4000015258789,117.0250015258789,1946391,0.0,0.0
2026-04-02 09:45:00-04:00,117.0250015258789,118.47989654541016,116.41000366210938,118.3000030517578,995432,0.0,0.0
2026-04-02 10:00:00-04:00,118.29000091552734,119.30999755859376,117.06999969482422,119.13999938964844,864594,0.0,0.0
2026-04-02 10:15:00-04:00,119.19000244140624,119.56500244140624,118.5,118.6750030517578,629701,0.0,0.0
2026-04-02 10:30:00-04:00,118.6500015258789,122.6449966430664,118.6050033569336,121.28500366210938,1302540,0.0,0.0
2026-04-02 10:45:00-04:00,121.29000091552734,121.8000030517578,119.7301025390625,121.41000366210938,814754,0.0,0.0
2026-04-02 11:00:00-04:00,121.45500183105467,122.16999816894533,120.18000030517578,121.68000030517578,660862,0.0,0.0
2026-04-02 11:15:00-04:00,121.6750030517578,121.7699966430664,120.23999786376952,121.2750015258789,430662,0.0,0.0
2026-04-02 11:30:00-04:00,121.3000030517578,122.05999755859376,120.6500015258789,121.56999969482422,452695,0.0,0.0
2026-04-02 11:45:00-04:00,121.56500244140624,121.68000030517578,120.55010223388672,121.16000366210938,400737,0.0,0.0
2026-04-02 12:00:00-04:00,121.25499725341795,121.5999984741211,120.59500122070312,120.9800033569336,390438,0.0,0.0
2026-04-02 12:15:00-04:00,120.9800033569336,121.02999877929688,119.66000366210938,120.13849639892578,510311,0.0,0.0
2026-04-02 12:30:00-04:00,120.08999633789062,121.38999938964844,119.94000244140624,120.85990142822266,499242,0.0,0.0
2026-04-02 12:45:00-04:00,120.83000183105467,121.5,120.77999877929688,120.87999725341795,313835,0.0,0.0
2026-04-02 13:00:00-04:00,120.83999633789062,120.94000244140624,120.16999816894533,120.66000366210938,287451,0.0,0.0
2026-04-02 13:15:00-04:00,120.6500015258789,121.18990325927734,120.36000061035156,120.41000366210938,274930,0.0,0.0
2026-04-02 13:30:00-04:00,120.37999725341795,120.4800033569336,119.69000244140624,120.16999816894533,490416,0.0,0.0
2026-04-02 13:45:00-04:00,120.16999816894533,120.3000030517578,118.75,118.86000061035156,415977,0.0,0.0
2026-04-02 14:00:00-04:00,118.88500213623048,119.66999816894533,118.88500213623048,119.33000183105467,292948,0.0,0.0
2026-04-02 14:15:00-04:00,119.36000061035156,119.4499969482422,118.76000213623048,118.9749984741211,422822,0.0,0.0
2026-04-02 14:30:00-04:00,119.0,119.37000274658205,118.61000061035156,119.16000366210938,454763,0.0,0.0
2026-04-02 14:45:00-04:00,119.11000061035156,119.94000244140624,119.03880310058594,119.63500213623048,458047,0.0,0.0
2026-04-02 15:00:00-04:00,119.6500015258789,119.88500213623048,119.30999755859376,119.5999984741211,304715,0.0,0.0
2026-04-02 15:15:00-04:00,119.5999984741211,120.0500030517578,119.0500030517578,119.68000030517578,578743,0.0,0.0
2026-04-02 15:30:00-04:00,119.69000244140624,120.37000274658205,119.4800033569336,120.0749969482422,590179,0.0,0.0
2026-04-02 15:45:00-04:00,120.0749969482422,120.13999938964844,119.46089935302734,119.83000183105467,1533669,0.0,0.0
2026-04-06 09:30:00-04:00,124.49500274658205,125.48999786376952,123.20999908447266,124.98500061035156,1673974,0.0,0.0
2026-04-06 09:45:00-04:00,125.0,125.87000274658205,124.40059661865234,124.78500366210938,811181,0.0,0.0
2026-04-06 10:00:00-04:00,124.75,125.72000122070312,123.80079650878906,125.0999984741211,687423,0.0,0.0
2026-04-06 10:15:00-04:00,125.08000183105467,127.0,124.75,126.8499984741211,923931,0.0,0.0
2026-04-06 10:30:00-04:00,126.80750274658205,128.0,126.3000030517578,127.1520004272461,1075619,0.0,0.0
2026-04-06 10:45:00-04:00,127.13999938964844,128.27000427246094,126.42009735107422,127.95500183105467,730806,0.0,0.0
2026-04-06 11:00:00-04:00,127.95500183105467,128.4600067138672,127.4499969482422,127.77999877929688,513706,0.0,0.0
2026-04-06 11:15:00-04:00,127.77999877929688,128.07980346679688,126.6999969482422,127.02010345458984,473801,0.0,0.0
2026-04-06 11:30:00-04:00,127.05999755859376,127.12000274658205,126.06009674072266,126.68000030517578,486018,0.0,0.0
2026-04-06 11:45:00-04:00,126.6500015258789,126.98999786376952,126.12020111083984,126.79000091552734,330983,0.0,0.0
2026-04-06 12:00:00-04:00,126.77999877929688,127.53009796142578,126.62000274658205,127.53009796142578,354225,0.0,0.0
2026-04-06 12:15:00-04:00,127.52999877929688,127.5999984741211,127.01000213623048,127.56089782714844,268145,0.0,0.0
2026-04-06 12:30:00-04:00,127.56999969482422,128.07000732421875,127.1999969482422,127.30500030517578,498592,0.0,0.0
2026-04-06 12:45:00-04:00,127.31999969482422,127.87999725341795,126.5199966430664,126.56999969482422,517031,0.0,0.0
2026-04-06 13:00:00-04:00,126.54000091552734,126.54000091552734,124.68000030517578,124.9000015258789,717997,0.0,0.0
2026-04-06 13:15:00-04:00,124.88500213623048,125.46399688720705,124.47000122070312,125.26499938964844,476309,0.0,0.0
2026-04-06 13:30:00-04:00,125.29989624023438,125.75250244140624,125.03849792480467,125.20999908447266,288014,0.0,0.0
2026-04-06 13:45:00-04:00,125.1999969482422,125.44000244140624,124.75,124.86499786376952,294999,0.0,0.0
2026-04-06 14:00:00-04:00,124.81999969482422,125.4000015258789,124.44000244140624,125.4000015258789,391829,0.0,0.0
2026-04-06 14:15:00-04:00,125.37770080566406,126.8000030517578,125.3000030517578,126.61499786376952,508057,0.0,0.0
2026-04-06 14:30:00-04:00,126.6500015258789,126.9499969482422,126.35009765625,126.62000274658205,360775,0.0,0.0
2026-04-06 14:45:00-04:00,126.57009887695312,127.35990142822266,126.5,127.06999969482422,545466,0.0,0.0
2026-04-06 15:00:00-04:00,127.0999984741211,127.66999816894533,126.72000122070312,127.66000366210938,565974,0.0,0.0
2026-04-06 15:15:00-04:00,127.6500015258789,127.8000030517578,127.3000030517578,127.37000274658205,484052,0.0,0.0
2026-04-06 15:30:00-04:00,127.36000061035156,127.62999725341795,126.8000030517578,127.22699737548828,541839,0.0,0.0
2026-04-06 15:45:00-04:00,127.23999786376952,127.9000015258789,127.1999969482422,127.66999816894533,1403797,0.0,0.0
2026-04-07 09:30:00-04:00,125.7249984741211,126.7300033569336,125.23999786376952,125.7699966430664,1159800,0.0,0.0
2026-04-07 09:45:00-04:00,125.75499725341795,126.4000015258789,124.5999984741211,124.5999984741211,546401,0.0,0.0
2026-04-07 10:00:00-04:00,124.66000366210938,124.75990295410156,122.18000030517578,122.66999816894533,827157,0.0,0.0
2026-04-07 10:15:00-04:00,122.66500091552734,123.5385971069336,122.26000213623048,122.66999816894533,645812,0.0,0.0
2026-04-07 10:30:00-04:00,122.69000244140624,123.23999786376952,122.23059844970705,122.5998992919922,308232,0.0,0.0
2026-04-07 10:45:00-04:00,122.56500244140624,123.48999786376952,121.81999969482422,121.97000122070312,359859,0.0,0.0
2026-04-07 11:00:00-04:00,121.95500183105467,122.12999725341795,121.13999938964844,121.43000030517578,425535,0.0,0.0
2026-04-07 11:15:00-04:00,121.43000030517578,122.23999786376952,121.30500030517578,122.13500213623048,416490,0.0,0.0
2026-04-07 11:30:00-04:00,122.16999816894533,122.51499938964844,121.9499969482422,122.15499877929688,294074,0.0,0.0
2026-04-07 11:45:00-04:00,122.1500015258789,123.15499877929688,122.0999984741211,122.95999908447266,306428,0.0,0.0
2026-04-07 12:00:00-04:00,122.9800033569336,124.58999633789062,122.74220275878906,123.47650146484376,457870,0.0,0.0
2026-04-07 12:15:00-04:00,123.4800033569336,124.1999969482422,123.24009704589844,124.06990051269533,364511,0.0,0.0
2026-04-07 12:30:00-04:00,124.02999877929688,124.1500015258789,123.34130096435548,123.88999938964844,203894,0.0,0.0
2026-04-07 12:45:00-04:00,123.86299896240234,124.5999984741211,123.36000061035156,123.37000274658205,295933,0.0,0.0
2026-04-07 13:00:00-04:00,123.3499984741211,123.69499969482422,123.1999969482422,123.37999725341795,234085,0.0,0.0
2026-04-07 13:15:00-04:00,123.36000061035156,123.4800033569336,122.72000122070312,122.86000061035156,220571,0.0,0.0
2026-04-07 13:30:00-04:00,122.88999938964844,124.4000015258789,122.88999938964844,123.9000015258789,325895,0.0,0.0
2026-04-07 13:45:00-04:00,123.87000274658205,124.29989624023438,123.6500015258789,124.0,204603,0.0,0.0
2026-04-07 14:00:00-04:00,124.0199966430664,124.08000183105467,123.38999938964844,123.48999786376952,209087,0.0,0.0
2026-04-07 14:15:00-04:00,123.4499969482422,123.76000213623048,122.95999908447266,123.0999984741211,212496,0.0,0.0
2026-04-07 14:30:00-04:00,123.09500122070312,123.41010284423828,122.26000213623048,122.56500244140624,275366,0.0,0.0
2026-04-07 14:45:00-04:00,122.56500244140624,122.61000061035156,121.5,122.01000213623048,502402,0.0,0.0
2026-04-07 15:00:00-04:00,122.01000213623048,122.20989990234376,121.5,121.78949737548828,326326,0.0,0.0
2026-04-07 15:15:00-04:00,121.78500366210938,123.48280334472656,121.7750015258789,122.79499816894533,477813,0.0,0.0
2026-04-07 15:30:00-04:00,122.76000213623048,122.87989807128906,122.31999969482422,122.8000030517578,395545,0.0,0.0
2026-04-07 15:45:00-04:00,122.7699966430664,123.83999633789062,122.69499969482422,123.75,1614413,0.0,0.0
2026-04-08 09:30:00-04:00,133.6999969482422,134.5,129.19009399414062,129.84500122070312,3125069,0.0,0.0
2026-04-08 09:45:00-04:00,129.84500122070312,131.1387939453125,128.97999572753906,129.3300018310547,1141341,0.0,0.0
2026-04-08 10:00:00-04:00,129.25999450683594,129.83999633789062,128.39999389648438,129.24000549316406,647198,0.0,0.0
2026-04-08 10:15:00-04:00,129.27000427246094,130.08999633789062,128.9199981689453,129.6300048828125,492072,0.0,0.0
2026-04-08 10:30:00-04:00,129.6699981689453,129.9600067138672,128.25,128.58999633789062,454477,0.0,0.0
2026-04-08 10:45:00-04:00,128.63999938964844,128.7299041748047,126.59010314941406,127.2489013671875,789897,0.0,0.0
2026-04-08 11:00:00-04:00,127.19499969482422,128.5489044189453,126.9000015258789,128.49000549316406,568138,0.0,0.0
2026-04-08 11:15:00-04:00,128.52000427246094,128.96170043945312,127.86499786376952,128.10000610351562,380916,0.0,0.0
2026-04-08 11:30:00-04:00,128.14450073242188,128.52000427246094,127.68499755859376,128.25999450683594,361944,0.0,0.0
2026-04-08 11:45:00-04:00,128.23500061035156,129.41000366210938,128.2200927734375,129.19000244140625,351455,0.0,0.0
2026-04-08 12:00:00-04:00,129.1699981689453,129.9199981689453,129.14999389648438,129.35499572753906,445063,0.0,0.0
2026-04-08 12:15:00-04:00,129.35499572753906,129.5,128.91000366210938,128.97999572753906,338136,0.0,0.0
2026-04-08 12:30:00-04:00,128.97500610351562,129.10000610351562,128.60009765625,128.86000061035156,284230,0.0,0.0
2026-04-08 12:45:00-04:00,128.7899932861328,129.60000610351562,128.4600067138672,129.28280639648438,324986,0.0,0.0
2026-04-08 13:00:00-04:00,129.32000732421875,129.5,128.6300048828125,129.1903076171875,381254,0.0,0.0
2026-04-08 13:15:00-04:00,129.27999877929688,129.42999267578125,128.16000366210938,128.4149932861328,413585,0.0,0.0
2026-04-08 13:30:00-04:00,128.4600067138672,129.5800018310547,128.4600067138672,129.4600067138672,362909,0.0,0.0
2026-04-08 13:45:00-04:00,129.39999389648438,129.60000610351562,128.7801055908203,129.0449981689453,432537,0.0,0.0
2026-04-08 14:00:00-04:00,129.00999450683594,129.55999755859375,128.85000610351562,129.02000427246094,363251,0.0,0.0
2026-04-08 14:15:00-04:00,129.01010131835938,129.49000549316406,127.38009643554688,127.66999816894533,554503,0.0,0.0
2026-04-08 14:30:00-04:00,127.69000244140624,127.9499969482422,126.87999725341795,126.95999908447266,385769,0.0,0.0
2026-04-08 14:45:00-04:00,127.0082015991211,127.29000091552734,126.12999725341795,126.37999725341795,434908,0.0,0.0
2026-04-08 15:00:00-04:00,126.36499786376952,127.4000015258789,126.2300033569336,127.38999938964844,501699,0.0,0.0
2026-04-08 15:15:00-04:00,127.36000061035156,127.51000213623048,126.77999877929688,127.0500030517578,395559,0.0,0.0
2026-04-08 15:30:00-04:00,127.0,127.8499984741211,126.98999786376952,127.83999633789062,518985,0.0,0.0
2026-04-08 15:45:00-04:00,127.8000030517578,128.52999877929688,127.68000030517578,128.2790069580078,1233689,0.0,0.0
2026-04-09 09:30:00-04:00,127.87999725341795,130.42999267578125,127.6500015258789,129.0500030517578,1252136,0.0,0.0
2026-04-09 09:45:00-04:00,129.0800018310547,129.1999969482422,126.16999816894533,127.08999633789062,687978,0.0,0.0
2026-04-09 10:00:00-04:00,127.12000274658205,127.3750991821289,125.81999969482422,126.4000015258789,713427,0.0,0.0
2026-04-09 10:15:00-04:00,126.4250030517578,126.61969757080078,125.8000030517578,126.16960144042967,366974,0.0,0.0
2026-04-09 10:30:00-04:00,126.22000122070312,128.33999633789062,126.12999725341795,128.18800354003906,509965,0.0,0.0
2026-04-09 10:45:00-04:00,128.22000122070312,129.38699340820312,128.1699981689453,128.97000122070312,481292,0.0,0.0
2026-04-09 11:00:00-04:00,128.9949951171875,130.07000732421875,128.3300018310547,129.9199981689453,399886,0.0,0.0
2026-04-09 11:15:00-04:00,129.89999389648438,130.69000244140625,129.27000427246094,129.27000427246094,569033,0.0,0.0
2026-04-09 11:30:00-04:00,129.24000549316406,131.21499633789062,129.110107421875,130.72999572753906,670677,0.0,0.0
2026-04-09 11:45:00-04:00,130.72000122070312,131.85989379882812,130.60000610351562,131.4499969482422,641205,0.0,0.0
2026-04-09 12:00:00-04:00,131.4499969482422,132.2100067138672,131.13999938964844,131.38510131835938,404886,0.0,0.0
2026-04-09 12:15:00-04:00,131.38499450683594,131.8498992919922,131.05499267578125,131.05499267578125,312435,0.0,0.0
2026-04-09 12:30:00-04:00,131.11000061035156,131.1439971923828,130.0,130.27999877929688,402306,0.0,0.0
2026-04-09 12:45:00-04:00,130.3199005126953,130.38999938964844,129.6999969482422,130.22999572753906,336982,0.0,0.0
2026-04-09 13:00:00-04:00,130.22999572753906,131.52999877929688,130.1699981689453,131.52999877929688,369010,0.0,0.0
2026-04-09 13:15:00-04:00,131.5500030517578,131.72000122070312,130.7100067138672,130.80999755859375,336809,0.0,0.0
2026-04-09 13:30:00-04:00,130.82000732421875,131.73910522460938,130.25999450683594,131.57000732421875,277369,0.0,0.0
2026-04-09 13:45:00-04:00,131.57000732421875,131.6699981689453,130.83999633789062,131.07000732421875,246532,0.0,0.0
2026-04-09 14:00:00-04:00,131.0749969482422,131.1300048828125,128.96189880371094,129.0399932861328,411423,0.0,0.0
2026-04-09 14:15:00-04:00,129.00999450683594,129.44000244140625,128.74000549316406,129.0299072265625,351548,0.0,0.0
2026-04-09 14:30:00-04:00,128.95950317382812,129.25999450683594,128.6999969482422,128.82000732421875,254813,0.0,0.0
2026-04-09 14:45:00-04:00,128.75,128.9499053955078,128.29100036621094,128.772705078125,229766,0.0,0.0
2026-04-09 15:00:00-04:00,128.78990173339844,129.6199951171875,128.51010131835938,129.4499969482422,333248,0.0,0.0
2026-04-09 15:15:00-04:00,129.44000244140625,129.52999877929688,128.10009765625,128.27000427246094,350098,0.0,0.0
2026-04-09 15:30:00-04:00,128.2550048828125,128.62939453125,127.70999908447266,128.11000061035156,530641,0.0,0.0
2026-04-09 15:45:00-04:00,128.1387939453125,129.16000366210938,128.1387939453125,128.97000122070312,1060919,0.0,0.0
2026-04-10 09:30:00-04:00,130.06500244140625,132.27999877929688,128.50999450683594,129.0399932861328,1225119,0.0,0.0
2026-04-10 09:45:00-04:00,129.0800018310547,130.1999969482422,128.42999267578125,129.89999389648438,696543,0.0,0.0
2026-04-10 10:00:00-04:00,129.80999755859375,130.1999969482422,128.80999755859375,129.5399932861328,601478,0.0,0.0
2026-04-10 10:15:00-04:00,129.57000732421875,130.47000122070312,129.0500030517578,130.27999877929688,585166,0.0,0.0
2026-04-10 10:30:00-04:00,130.3000030517578,131.1999969482422,130.00999450683594,130.27999877929688,842273,0.0,0.0
2026-04-10 10:45:00-04:00,130.22000122070312,130.82899475097656,129.76600646972656,130.58999633789062,425839,0.0,0.0
2026-04-10 11:00:00-04:00,130.52999877929688,131.5800018310547,130.19000244140625,131.3300018310547,536361,0.0,0.0
2026-04-10 11:15:00-04:00,131.32000732421875,131.32000732421875,129.88009643554688,130.0,446418,0.0,0.0
2026-04-10 11:30:00-04:00,129.9954071044922,130.16000366210938,128.42999267578125,128.8199005126953,518512,0.0,0.0
2026-04-10 11:45:00-04:00,128.7550048828125,129.0699005126953,127.4000015258789,127.62999725341795,567485,0.0,0.0
2026-04-10 12:00:00-04:00,127.66999816894533,128.3800048828125,127.43499755859376,128.27000427246094,369550,0.0,0.0
2026-04-10 12:15:00-04:00,128.24000549316406,128.90789794921875,128.17999267578125,128.52000427246094,412876,0.0,0.0
2026-04-10 12:30:00-04:00,128.51499938964844,128.5500030517578,127.59500122070312,127.87000274658205,318085,0.0,0.0
2026-04-10 12:45:00-04:00,127.87000274658205,129.1300048828125,127.68000030517578,129.0399932861328,394721,0.0,0.0
2026-04-10 13:00:00-04:00,129.02000427246094,129.02999877929688,128.34030151367188,128.69000244140625,246801,0.0,0.0
2026-04-10 13:15:00-04:00,128.72999572753906,129.3885040283203,128.60000610351562,128.89999389648438,300333,0.0,0.0
2026-04-10 13:30:00-04:00,128.8699951171875,129.0500030517578,128.3000030517578,128.57989501953125,249289,0.0,0.0
2026-04-10 13:45:00-04:00,128.52679443359375,129.0500030517578,128.49009704589844,128.9600067138672,246979,0.0,0.0
2026-04-10 14:00:00-04:00,128.94500732421875,129.10000610351562,128.10000610351562,128.57000732421875,313213,0.0,0.0
2026-04-10 14:15:00-04:00,128.5800018310547,128.8249969482422,128.1999969482422,128.50999450683594,255508,0.0,0.0
2026-04-10 14:30:00-04:00,128.5399932861328,128.59970092773438,127.87000274658205,127.91000366210938,206724,0.0,0.0
2026-04-10 14:45:00-04:00,127.9250030517578,128.27000427246094,127.69000244140624,128.22000122070312,263267,0.0,0.0
2026-04-10 15:00:00-04:00,128.24940490722656,129.02999877929688,128.24110412597656,128.99000549316406,348877,0.0,0.0
2026-04-10 15:15:00-04:00,128.98500061035156,129.02789306640625,128.5399932861328,128.83999633789062,234598,0.0,0.0
2026-04-10 15:30:00-04:00,128.82000732421875,128.9600067138672,128.27000427246094,128.5449981689453,360933,0.0,0.0
2026-04-10 15:45:00-04:00,128.52999877929688,129.10000610351562,128.27000427246094,128.6300048828125,1138455,0.0,0.0
2026-04-13 09:30:00-04:00,125.99500274658205,126.79000091552734,125.04000091552734,126.02899932861328,1537843,0.0,0.0
2026-04-13 09:45:00-04:00,126.01000213623048,129.67999267578125,125.74500274658205,129.5500030517578,969242,0.0,0.0
2026-04-13 10:00:00-04:00,129.49000549316406,130.0800018310547,128.5,128.92999267578125,1008452,0.0,0.0
2026-04-13 10:15:00-04:00,128.92999267578125,130.4199981689453,128.35000610351562,130.2050018310547,769500,0.0,0.0
2026-04-13 10:30:00-04:00,130.22000122070312,131.14500427246094,129.8699951171875,131.09500122070312,601912,0.0,0.0
2026-04-13 10:45:00-04:00,131.09500122070312,131.61990356445312,130.36000061035156,131.30499267578125,530347,0.0,0.0
2026-04-13 11:00:00-04:00,131.33999633789062,131.47999572753906,129.52999877929688,129.84719848632812,425605,0.0,0.0
2026-04-13 11:15:00-04:00,129.88999938964844,130.1750030517578,129.72000122070312,129.82000732421875,249890,0.0,0.0
2026-04-13 11:30:00-04:00,129.82000732421875,129.82000732421875,128.88999938964844,129.4550018310547,328689,0.0,0.0
2026-04-13 11:45:00-04:00,129.39500427246094,130.0,129.32009887695312,129.8000030517578,181297,0.0,0.0
2026-04-13 12:00:00-04:00,129.77999877929688,130.397705078125,129.58999633789062,130.22999572753906,319830,0.0,0.0
2026-04-13 12:15:00-04:00,130.30999755859375,130.5,129.80999755859375,130.41000366210938,216267,0.0,0.0
2026-04-13 12:30:00-04:00,130.43499755859375,130.6365966796875,129.73219299316406,130.02000427246094,248841,0.0,0.0
2026-04-13 12:45:00-04:00,130.0399932861328,130.92999267578125,129.9600067138672,130.47999572753906,239023,0.0,0.0
2026-04-13 13:00:00-04:00,130.4600067138672,131.0,130.2100067138672,130.80999755859375,201095,0.0,0.0
2026-04-13 13:15:00-04:00,130.7899932861328,131.10000610351562,130.7100067138672,130.99000549316406,157783,0.0,0.0
2026-04-13 13:30:00-04:00,131.02999877929688,131.25,130.5399932861328,130.6199951171875,218431,0.0,0.0
2026-04-13 13:45:00-04:00,130.65499877929688,130.69000244140625,129.60000610351562,129.75999450683594,235920,0.0,0.0
2026-04-13 14:00:00-04:00,129.80999755859375,130.52499389648438,129.75,130.4600067138672,236128,0.0,0.0
2026-04-13 14:15:00-04:00,130.44500732421875,130.5399932861328,130.05780029296875,130.3000030517578,181459,0.0,0.0
2026-04-13 14:30:00-04:00,130.27000427246094,130.69000244140625,130.14300537109375,130.5399932861328,151531,0.0,0.0
2026-04-13 14:45:00-04:00,130.52000427246094,130.94000244140625,130.4600067138672,130.8699951171875,163110,0.0,0.0
2026-04-13 15:00:00-04:00,130.8800048828125,131.11000061035156,130.49000549316406,130.6199951171875,188797,0.0,0.0
2026-04-13 15:15:00-04:00,130.6300048828125,131.3300018310547,130.6300048828125,131.30499267578125,243469,0.0,0.0
2026-04-13 15:30:00-04:00,131.3000030517578,132.00999450683594,131.25,131.5800018310547,540564,0.0,0.0
2026-04-13 15:45:00-04:00,131.52999877929688,132.49000549316406,131.52999877929688,132.3699951171875,1107931,0.0,0.0
2026-04-14 09:30:00-04:00,137.99000549316406,141.55999755859375,137.3699951171875,141.49000549316406,3043217,0.0,0.0
2026-04-14 09:45:00-04:00,141.47000122070312,142.6199951171875,141.1199951171875,142.5500030517578,1599040,0.0,0.0
2026-04-14 10:00:00-04:00,142.60000610351562,142.78160095214844,141.0,141.75,1222841,0.0,0.0
2026-04-14 10:15:00-04:00,141.77999877929688,143.47000122070312,141.35009765625,143.3350067138672,1102710,0.0,0.0
2026-04-14 10:30:00-04:00,143.33999633789062,143.69000244140625,141.23899841308594,141.52000427246094,987858,0.0,0.0
2026-04-14 10:45:00-04:00,141.5041046142578,141.78660583496094,140.6300048828125,140.77000427246094,576344,0.0,0.0
2026-04-14 11:00:00-04:00,140.76499938964844,140.76499938964844,139.24009704589844,139.80999755859375,845334,0.0,0.0
2026-04-14 11:15:00-04:00,139.8000030517578,140.38870239257812,139.44000244140625,139.82000732421875,540260,0.0,0.0
2026-04-14 11:30:00-04:00,139.75999450683594,140.94960021972656,139.75,140.72999572753906,439585,0.0,0.0
2026-04-14 11:45:00-04:00,140.69009399414062,140.91990661621094,140.25,140.4199981689453,316245,0.0,0.0
2026-04-14 12:00:00-04:00,140.3300018310547,141.1199951171875,140.27999877929688,140.75999450683594,400962,0.0,0.0
2026-04-14 12:15:00-04:00,140.8000030517578,140.82000732421875,139.85000610351562,140.32000732421875,340862,0.0,0.0
2026-04-14 12:30:00-04:00,140.25,140.4698944091797,139.5500030517578,139.88999938964844,230428,0.0,0.0
2026-04-14 12:45:00-04:00,139.8730926513672,139.9199981689453,138.75,138.88499450683594,388746,0.0,0.0
2026-04-14 13:00:00-04:00,138.92999267578125,139.27000427246094,138.61000061035156,139.15199279785156,327715,0.0,0.0
2026-04-14 13:15:00-04:00,139.16000366210938,139.42999267578125,138.66200256347656,138.68499755859375,365652,0.0,0.0
2026-04-14 13:30:00-04:00,138.68499755859375,138.97999572753906,137.9600067138672,138.351806640625,424502,0.0,0.0
2026-04-14 13:45:00-04:00,138.375,138.40809631347656,137.985107421875,138.00999450683594,250159,0.0,0.0
2026-04-14 14:00:00-04:00,138.0500030517578,138.10000610351562,137.4199981689453,137.5124053955078,357646,0.0,0.0
2026-04-14 14:15:00-04:00,137.52999877929688,137.8011932373047,136.80999755859375,137.22999572753906,379112,0.0,0.0
2026-04-14 14:30:00-04:00,137.22999572753906,137.7899932861328,136.9600067138672,137.0050048828125,328932,0.0,0.0
2026-04-14 14:45:00-04:00,137.0,137.22999572753906,136.32000732421875,137.1800994873047,427391,0.0,0.0
2026-04-14 15:00:00-04:00,137.16000366210938,138.1199951171875,137.02999877929688,137.66990661621094,480669,0.0,0.0
2026-04-14 15:15:00-04:00,137.6699981689453,137.77999877929688,136.85000610351562,137.1699981689453,425305,0.0,0.0
2026-04-14 15:30:00-04:00,137.17999267578125,137.32000732421875,136.55140686035156,136.78500366210938,550846,0.0,0.0
2026-04-14 15:45:00-04:00,136.7949981689453,137.52000427246094,136.7949981689453,137.42999267578125,1290924,0.0,0.0
2026-04-15 09:30:00-04:00,139.77000427246094,140.22000122070312,137.04010009765625,137.08999633789062,1601337,0.0,0.0
2026-04-15 09:45:00-04:00,137.0850067138672,139.1999053955078,137.0850067138672,139.08999633789062,635691,0.0,0.0
2026-04-15 10:00:00-04:00,139.0500030517578,139.5399932861328,137.66000366210938,139.5399932861328,475760,0.0,0.0
2026-04-15 10:15:00-04:00,139.57000732421875,139.9499969482422,138.72999572753906,139.79930114746094,522622,0.0,0.0
2026-04-15 10:30:00-04:00,139.80999755859375,140.2194061279297,138.6300048828125,139.00999450683594,444686,0.0,0.0
2026-04-15 10:45:00-04:00,139.00999450683594,139.8699951171875,138.77000427246094,139.4600067138672,350568,0.0,0.0
2026-04-15 11:00:00-04:00,139.4499969482422,139.9709930419922,138.89999389648438,139.7949981689453,351225,0.0,0.0
2026-04-15 11:15:00-04:00,139.77000427246094,139.9199981689453,139.3000030517578,139.43499755859375,311417,0.0,0.0
2026-04-15 11:30:00-04:00,139.4149932861328,139.4149932861328,138.1300048828125,138.8800048828125,421961,0.0,0.0
2026-04-15 11:45:00-04:00,138.91000366210938,139.14999389648438,138.0449981689453,138.39999389648438,268655,0.0,0.0
2026-04-15 12:00:00-04:00,138.3800048828125,139.19000244140625,138.2550048828125,139.03500366210938,230801,0.0,0.0
2026-04-15 12:15:00-04:00,139.1199951171875,139.75,139.0,139.55999755859375,253094,0.0,0.0
2026-04-15 12:30:00-04:00,139.57000732421875,139.60000610351562,138.14500427246094,138.1999969482422,373429,0.0,0.0
2026-04-15 12:45:00-04:00,138.2100067138672,138.38999938964844,137.24000549316406,137.77999877929688,367539,0.0,0.0
2026-04-15 13:00:00-04:00,137.8350067138672,138.35499572753906,137.62210083007812,137.6999969482422,231356,0.0,0.0
2026-04-15 13:15:00-04:00,137.6649932861328,138.41000366210938,137.39999389648438,138.24000549316406,335770,0.0,0.0
2026-04-15 13:30:00-04:00,138.22999572753906,138.6396026611328,137.875,137.99000549316406,234143,0.0,0.0
2026-04-15 13:45:00-04:00,138.00010681152344,138.375,137.88999938964844,138.1300048828125,182266,0.0,0.0
2026-04-15 14:00:00-04:00,138.11000061035156,139.44000244140625,137.88999938964844,139.33999633789062,252325,0.0,0.0
2026-04-15 14:15:00-04:00,139.35000610351562,139.6199951171875,138.72000122070312,138.89500427246094,187002,0.0,0.0
2026-04-15 14:30:00-04:00,138.89999389648438,139.52999877929688,138.8699951171875,139.27499389648438,212143,0.0,0.0
2026-04-15 14:45:00-04:00,139.2899932861328,140.1999053955078,139.25,140.10499572753906,287561,0.0,0.0
2026-04-15 15:00:00-04:00,140.10499572753906,141.24940490722656,139.96009826660156,140.94830322265625,494099,0.0,0.0
2026-04-15 15:15:00-04:00,140.89999389648438,141.0399932861328,140.14999389648438,140.97000122070312,407510,0.0,0.0
2026-04-15 15:30:00-04:00,140.94000244140625,142.4499053955078,140.9199981689453,142.27000427246094,808238,0.0,0.0
2026-04-15 15:45:00-04:00,142.3000030517578,143.6300048828125,142.14999389648438,143.52000427246094,1662123,0.0,0.0
2026-04-16 09:30:00-04:00,143.25,143.4199981689453,141.27499389648438,142.3800048828125,1702806,0.0,0.0
2026-04-16 09:45:00-04:00,142.4199981689453,142.4199981689453,139.3300018310547,140.60499572753906,985258,0.0,0.0
2026-04-16 10:00:00-04:00,140.6300048828125,141.49000549316406,139.8800048828125,141.1999969482422,729713,0.0,0.0
2026-04-16 10:15:00-04:00,141.1999969482422,141.35000610351562,139.44000244140625,140.57000732421875,625907,0.0,0.0
2026-04-16 10:30:00-04:00,140.5500030517578,141.41000366210938,140.4001007080078,141.10000610351562,421148,0.0,0.0
2026-04-16 10:45:00-04:00,141.0800018310547,142.0,141.0399932861328,141.3800048828125,417037,0.0,0.0
2026-04-16 11:00:00-04:00,141.42999267578125,142.5399932861328,141.22000122070312,142.38499450683594,375007,0.0,0.0
2026-04-16 11:15:00-04:00,142.41839599609375,143.35000610351562,142.21499633789062,142.5,442460,0.0,0.0
2026-04-16 11:30:00-04:00,142.49000549316406,144.19000244140625,142.43499755859375,143.5500030517578,457791,0.0,0.0
2026-04-16 11:45:00-04:00,143.55499267578125,144.8699951171875,143.1999969482422,144.75,519245,0.0,0.0
2026-04-16 12:00:00-04:00,144.75,145.89999389648438,144.7100067138672,144.97000122070312,718893,0.0,0.0
2026-04-16 12:15:00-04:00,144.97999572753906,145.63499450683594,144.3699951171875,144.4199981689453,360412,0.0,0.0
2026-04-16 12:30:00-04:00,144.47999572753906,144.74989318847656,143.4600067138672,143.94119262695312,456724,0.0,0.0
2026-04-16 12:45:00-04:00,143.89500427246094,144.0800018310547,143.24000549316406,143.47999572753906,234524,0.0,0.0
2026-04-16 13:00:00-04:00,143.49000549316406,143.67999267578125,142.9600067138672,143.04989624023438,394357,0.0,0.0
2026-04-16 13:15:00-04:00,143.00999450683594,144.17709350585938,142.89999389648438,143.85499572753906,282727,0.0,0.0
2026-04-16 13:30:00-04:00,143.85499572753906,144.90499877929688,143.80999755859375,144.8000030517578,337934,0.0,0.0
2026-04-16 13:45:00-04:00,144.80999755859375,145.1199951171875,144.1300048828125,144.64500427246094,337256,0.0,0.0
2026-04-16 14:00:00-04:00,144.67999267578125,145.1300048828125,143.9600067138672,144.5,332107,0.0,0.0
2026-04-16 14:15:00-04:00,144.55230712890625,144.77999877929688,143.66000366210938,143.90769958496094,280018,0.0,0.0
2026-04-16 14:30:00-04:00,144.02000427246094,145.07000732421875,143.98500061035156,144.97000122070312,348792,0.0,0.0
2026-04-16 14:45:00-04:00,144.9425048828125,146.50999450683594,144.93499755859375,146.32000732421875,674312,0.0,0.0
2026-04-16 15:00:00-04:00,146.3300018310547,146.5399932861328,145.52999877929688,145.80430603027344,374362,0.0,0.0
2026-04-16 15:15:00-04:00,145.74000549316406,146.8199005126953,145.72000122070312,146.72000122070312,496603,0.0,0.0
2026-04-16 15:30:00-04:00,146.67999267578125,148.0,146.55999755859375,147.77999877929688,778663,0.0,0.0
2026-04-16 15:45:00-04:00,147.77999877929688,149.16000366210938,147.72000122070312,149.05999755859375,2352660,0.0,0.0
2026-04-17 09:30:00-04:00,154.61000061035156,159.67999267578125,153.77000427246094,159.36500549316406,5632559,0.0,0.0
2026-04-17 09:45:00-04:00,160.58999633789062,165.4499969482422,159.25259399414062,165.36000061035156,4048993,0.0,0.0
2026-04-17 10:00:00-04:00,165.41000366210938,166.85000610351562,164.27000427246094,165.58999633789062,2911653,0.0,0.0
2026-04-17 10:15:00-04:00,165.57000732421875,168.6699981689453,165.57000732421875,167.47500610351562,3281234,0.0,0.0
2026-04-17 10:30:00-04:00,167.5,170.67999267578125,167.4550018310547,170.27000427246094,2783964,0.0,0.0
2026-04-17 10:45:00-04:00,170.25,173.14990234375,170.18499755859375,171.39999389648438,3282321,0.0,0.0
2026-04-17 11:00:00-04:00,171.4250030517578,171.89999389648438,168.11000061035156,168.36500549316406,2701673,0.0,0.0
2026-04-17 11:15:00-04:00,168.35499572753906,169.3343963623047,166.66000366210938,168.05999755859375,2343614,0.0,0.0
2026-04-17 11:30:00-04:00,168.0800018310547,168.60000610351562,166.2100067138672,166.33999633789062,1299751,0.0,0.0
2026-04-17 11:45:00-04:00,166.33999633789062,169.42999267578125,166.27999877929688,168.9597930908203,1237518,0.0,0.0
2026-04-17 12:00:00-04:00,168.97999572753906,171.33999633789062,167.89999389648438,170.18380737304688,1646029,0.0,0.0
2026-04-17 12:15:00-04:00,170.1699981689453,170.47000122070312,168.75999450683594,170.2541961669922,953353,0.0,0.0
2026-04-17 12:30:00-04:00,170.25,170.82000732421875,168.44000244140625,168.89990234375,1069967,0.0,0.0
2026-04-17 12:45:00-04:00,168.89990234375,169.39999389648438,167.17999267578125,167.57000732421875,792637,0.0,0.0
2026-04-17 13:00:00-04:00,167.60000610351562,168.15989685058594,164.55999755859375,165.39999389648438,1260257,0.0,0.0
2026-04-17 13:15:00-04:00,165.44000244140625,166.1300048828125,163.4532012939453,163.9001007080078,1346834,0.0,0.0
2026-04-17 13:30:00-04:00,163.88999938964844,165.57000732421875,163.8300018310547,165.33999633789062,1106053,0.0,0.0
2026-04-17 13:45:00-04:00,165.27999877929688,166.8300018310547,165.27999877929688,165.4199981689453,1012866,0.0,0.0
2026-04-17 14:00:00-04:00,165.4351043701172,165.7498016357422,164.27000427246094,164.47000122070312,814640,0.0,0.0
2026-04-17 14:15:00-04:00,164.42999267578125,165.58990478515625,163.75999450683594,163.83999633789062,824155,0.0,0.0
2026-04-17 14:30:00-04:00,163.86000061035156,165.8699951171875,163.05999755859375,165.85000610351562,975241,0.0,0.0
2026-04-17 14:45:00-04:00,165.8699951171875,166.0,164.22000122070312,164.55999755859375,809815,0.0,0.0
2026-04-17 15:00:00-04:00,164.60009765625,165.2987060546875,163.99000549316406,165.19000244140625,815739,0.0,0.0
2026-04-17 15:15:00-04:00,165.25,166.4600067138672,165.14500427246094,165.46499633789062,1103777,0.0,0.0
2026-04-17 15:30:00-04:00,165.44500732421875,166.55999755859375,164.2949981689453,165.94000244140625,1207621,0.0,0.0
2026-04-17 15:45:00-04:00,165.9600067138672,167.24000549316406,165.375,166.52000427246094,2777113,0.0,0.0
2026-04-20 09:30:00-04:00,162.14100646972656,166.05999755859375,160.63499450683594,164.6199951171875,3240812,0.0,0.0
2026-04-20 09:45:00-04:00,164.6999969482422,166.7899932861328,164.3000030517578,164.65989685058594,1220399,0.0,0.0
2026-04-20 10:00:00-04:00,164.6300048828125,166.33999633789062,164.1999969482422,164.59500122070312,924267,0.0,0.0
2026-04-20 10:15:00-04:00,164.57000732421875,167.1999969482422,164.23500061035156,165.82000732421875,998854,0.0,0.0
2026-04-20 10:30:00-04:00,165.83999633789062,166.38999938964844,163.66000366210938,164.1909942626953,800378,0.0,0.0
2026-04-20 10:45:00-04:00,164.13999938964844,164.5,161.64999389648438,162.14999389648438,909151,0.0,0.0
2026-04-20 11:00:00-04:00,162.1699981689453,162.76510620117188,160.77000427246094,162.72999572753906,831161,0.0,0.0
2026-04-20 11:15:00-04:00,162.73519897460938,165.61000061035156,162.6699981689453,165.50999450683594,672840,0.0,0.0
2026-04-20 11:30:00-04:00,165.5,165.93600463867188,164.27499389648438,165.27000427246094,512530,0.0,0.0
2026-04-20 11:45:00-04:00,165.3686065673828,165.75,165.0,165.44000244140625,362179,0.0,0.0
2026-04-20 12:00:00-04:00,165.4600067138672,165.52000427246094,164.72000122070312,165.05999755859375,329386,0.0,0.0
2026-04-20 12:15:00-04:00,165.05499267578125,165.67999267578125,164.75669860839844,165.10000610351562,290345,0.0,0.0
2026-04-20 12:30:00-04:00,165.16000366210938,165.72000122070312,164.8000946044922,165.4550018310547,253293,0.0,0.0
2026-04-20 12:45:00-04:00,165.4499969482422,165.67999267578125,164.8701934814453,165.07000732421875,272388,0.0,0.0
2026-04-20 13:00:00-04:00,165.11000061035156,166.49000549316406,164.97999572753906,166.11000061035156,386022,0.0,0.0
2026-04-20 13:15:00-04:00,166.07000732421875,167.32989501953125,165.99000549316406,166.92010498046875,573821,0.0,0.0
2026-04-20 13:30:00-04:00,166.9499969482422,168.0,166.60000610351562,167.5,534331,0.0,0.0
2026-04-20 13:45:00-04:00,167.52999877929688,168.47479248046875,167.24000549316406,168.14500427246094,572295,0.0,0.0
2026-04-20 14:00:00-04:00,168.16000366210938,169.6699981689453,168.16000366210938,169.58999633789062,785233,0.0,0.0
2026-04-20 14:15:00-04:00,169.61000061035156,170.0500030517578,169.3701934814453,169.7899932861328,915790,0.0,0.0
2026-04-20 14:30:00-04:00,169.84829711914062,170.33999633789062,169.22000122070312,169.69000244140625,687855,0.0,0.0
2026-04-20 14:45:00-04:00,169.6800994873047,169.69000244140625,168.47000122070312,168.65499877929688,806180,0.0,0.0
2026-04-20 15:00:00-04:00,168.67999267578125,169.50999450683594,168.50999450683594,169.05999755859375,537720,0.0,0.0
2026-04-20 15:15:00-04:00,169.0800018310547,169.5399932861328,168.6199951171875,169.4600067138672,528797,0.0,0.0
2026-04-20 15:30:00-04:00,169.45899963378906,170.25990295410156,169.30999755859375,170.1199951171875,767061,0.0,0.0
2026-04-20 15:45:00-04:00,170.13999938964844,171.05999755859375,170.08999633789062,170.77000427246094,1724998,0.0,0.0
2026-04-21 09:30:00-04:00,170.61000061035156,171.1699981689453,167.36000061035156,170.24009704589844,3061290,0.0,0.0
2026-04-21 09:45:00-04:00,170.24000549316406,170.9600067138672,169.61000061035156,170.61000061035156,912992,0.0,0.0
2026-04-21 10:00:00-04:00,170.84500122070312,171.0,168.94009399414062,170.58999633789062,832923,0.0,0.0
2026-04-21 10:15:00-04:00,170.6199951171875,171.89999389648438,170.17999267578125,170.27000427246094,950404,0.0,0.0
2026-04-21 10:30:00-04:00,170.1999969482422,172.89999389648438,170.0,172.25,980905,0.0,0.0
2026-04-21 10:45:00-04:00,172.2449951171875,172.3800048828125,167.89500427246094,168.21499633789062,1152385,0.0,0.0
2026-04-21 11:00:00-04:00,168.2100067138672,169.42999267578125,166.38999938964844,169.3800048828125,1086135,0.0,0.0
2026-04-21 11:15:00-04:00,169.3800048828125,170.3000030517578,167.4499969482422,168.10000610351562,745720,0.0,0.0
2026-04-21 11:30:00-04:00,168.0500030517578,168.82000732421875,166.61000061035156,167.56500244140625,549227,0.0,0.0
2026-04-21 11:45:00-04:00,167.63999938964844,168.25450134277344,166.98199462890625,167.96499633789062,579390,0.0,0.0
2026-04-21 12:00:00-04:00,167.99000549316406,168.9499969482422,167.99000549316406,168.22000122070312,406617,0.0,0.0
2026-04-21 12:15:00-04:00,168.25999450683594,168.4022979736328,166.70840454101562,166.9550018310547,340356,0.0,0.0
2026-04-21 12:30:00-04:00,166.94500732421875,168.47000122070312,166.91000366210938,167.3300018310547,369989,0.0,0.0
2026-04-21 12:45:00-04:00,167.39500427246094,168.85499572753906,166.89999389648438,167.30999755859375,354955,0.0,0.0
2026-04-21 13:00:00-04:00,167.2449951171875,168.14999389648438,165.1811981201172,165.61000061035156,580707,0.0,0.0
2026-04-21 13:15:00-04:00,165.64999389648438,165.69000244140625,163.94000244140625,164.92999267578125,849268,0.0,0.0
2026-04-21 13:30:00-04:00,164.91000366210938,167.54910278320312,164.57510375976562,166.97000122070312,556794,0.0,0.0
2026-04-21 13:45:00-04:00,166.9199981689453,167.74000549316406,166.25999450683594,166.85499572753906,380212,0.0,0.0
2026-04-21 14:00:00-04:00,166.88999938964844,167.72999572753906,166.6800994873047,167.41000366210938,254599,0.0,0.0
2026-04-21 14:15:00-04:00,167.4199981689453,167.75999450683594,166.05999755859375,166.6199951171875,407602,0.0,0.0
2026-04-21 14:30:00-04:00,166.6300048828125,167.5,166.5500030517578,166.80999755859375,265183,0.0,0.0
2026-04-21 14:45:00-04:00,166.85499572753906,168.27000427246094,166.33999633789062,167.90499877929688,387375,0.0,0.0
2026-04-21 15:00:00-04:00,167.9600067138672,168.4499969482422,167.3000030517578,167.5749969482422,402374,0.0,0.0
2026-04-21 15:15:00-04:00,167.75,169.5,166.99000549316406,169.38250732421875,527824,0.0,0.0
2026-04-21 15:30:00-04:00,169.39999389648438,169.47999572753906,164.468994140625,164.72000122070312,675481,0.0,0.0
2026-04-21 15:45:00-04:00,164.75999450683594,165.35000610351562,163.75,163.9600067138672,1850723,0.0,0.0
2026-04-22 09:30:00-04:00,175.08999633789062,179.49000549316406,174.5500030517578,178.7050018310547,4512751,0.0,0.0
2026-04-22 09:45:00-04:00,178.64999389648438,181.97000122070312,177.83999633789062,181.81500244140625,2661679,0.0,0.0
2026-04-22 10:00:00-04:00,181.8500061035156,183.25,179.87010192871094,181.57470703125,2557435,0.0,0.0
2026-04-22 10:15:00-04:00,181.5850067138672,181.68960571289065,179.11000061035156,180.17950439453125,1450587,0.0,0.0
2026-04-22 10:30:00-04:00,180.25880432128903,180.41000366210935,177.63999938964844,178.63499450683594,1286050,0.0,0.0
2026-04-22 10:45:00-04:00,178.63499450683594,180.11990356445312,178.1699981689453,179.55999755859375,885723,0.0,0.0
2026-04-22 11:00:00-04:00,179.5749969482422,180.5399932861328,179.0,179.82000732421875,877887,0.0,0.0
2026-04-22 11:15:00-04:00,179.8249969482422,180.00999450683594,178.0,179.71249389648438,812455,0.0,0.0
2026-04-22 11:30:00-04:00,179.68499755859375,180.0998992919922,178.5,178.77999877929688,715450,0.0,0.0
2026-04-22 11:45:00-04:00,178.83030700683594,180.5800018310547,178.5500030517578,179.66000366210938,719049,0.0,0.0
2026-04-22 12:00:00-04:00,179.6999969482422,181.0,179.02000427246094,179.89500427246094,730653,0.0,0.0
2026-04-22 12:15:00-04:00,179.88999938964844,180.5395965576172,178.6916961669922,179.05999755859375,672677,0.0,0.0
2026-04-22 12:30:00-04:00,179.05999755859375,179.69000244140625,177.7100067138672,178.05499267578125,703058,0.0,0.0
2026-04-22 12:45:00-04:00,178.02999877929688,178.1999969482422,176.6999969482422,177.4600067138672,1013763,0.0,0.0
2026-04-22 13:00:00-04:00,177.50999450683594,178.63999938964844,176.85150146484375,177.86000061035156,689953,0.0,0.0
2026-04-22 13:15:00-04:00,177.8800048828125,178.11000061035156,176.625,177.14669799804688,557113,0.0,0.0
2026-04-22 13:30:00-04:00,177.1699981689453,177.6699981689453,176.66000366210938,177.3699951171875,473313,0.0,0.0
2026-04-22 13:45:00-04:00,177.375,178.2747039794922,176.8800048828125,177.3800048828125,404434,0.0,0.0
2026-04-22 14:00:00-04:00,177.39999389648438,178.0399932861328,176.77000427246094,177.35000610351562,380779,0.0,0.0
2026-04-22 14:15:00-04:00,177.33999633789062,177.52000427246094,176.6649932861328,177.10000610351562,371341,0.0,0.0
2026-04-22 14:30:00-04:00,177.10000610351562,178.16000366210938,177.02000427246094,177.8094940185547,1686023,0.0,0.0
2026-04-22 14:45:00-04:00,177.84849548339844,179.9499969482422,177.7100067138672,179.22999572753906,709481,0.0,0.0
2026-04-22 15:00:00-04:00,179.1999969482422,179.3000030517578,178.3000030517578,179.14999389648438,501235,0.0,0.0
2026-04-22 15:15:00-04:00,179.25,179.72999572753906,178.5500946044922,178.87989807128906,584342,0.0,0.0
2026-04-22 15:30:00-04:00,178.8800048828125,179.22000122070312,178.36000061035156,178.68760681152344,707997,0.0,0.0
2026-04-22 15:45:00-04:00,178.66000366210938,179.6699981689453,178.38999938964844,179.25,1936454,0.0,0.0
2026-04-23 09:30:00-04:00,175.81500244140625,178.4799041748047,175.1999969482422,175.94000244140625,2159887,0.0,0.0
2026-04-23 09:45:00-04:00,176.00999450683594,177.88999938964844,174.60000610351562,174.8426971435547,913539,0.0,0.0
2026-04-23 10:00:00-04:00,174.875,175.63999938964844,173.8000030517578,174.25999450683594,998710,0.0,0.0
2026-04-23 10:15:00-04:00,174.23500061035156,177.3699951171875,174.23500061035156,176.4199981689453,694327,0.0,0.0
2026-04-23 10:30:00-04:00,176.4600067138672,178.6107940673828,176.39500427246094,177.97999572753906,651680,0.0,0.0
2026-04-23 10:45:00-04:00,178.0500030517578,179.85000610351562,177.49000549316406,179.6999969482422,714703,0.0,0.0
2026-04-23 11:00:00-04:00,179.72000122070312,180.0,178.4949951171875,179.02999877929688,667840,0.0,0.0
2026-04-23 11:15:00-04:00,179.05999755859375,180.8999938964844,178.6199951171875,179.81500244140625,691132,0.0,0.0
2026-04-23 11:30:00-04:00,179.8000030517578,180.5099945068359,179.2899932861328,180.05239868164062,442985,0.0,0.0
2026-04-23 11:45:00-04:00,180.08999633789062,180.11500549316406,178.8000030517578,179.6199951171875,533280,0.0,0.0
2026-04-23 12:00:00-04:00,179.5933074951172,180.2250061035156,178.94000244140625,180.0,324036,0.0,0.0
2026-04-23 12:15:00-04:00,179.99000549316406,180.61000061035156,179.2259979248047,179.2969970703125,412869,0.0,0.0
2026-04-23 12:30:00-04:00,179.25,180.0449981689453,178.9600067138672,179.80999755859375,254285,0.0,0.0
2026-04-23 12:45:00-04:00,179.7949981689453,180.14990234375,178.22000122070312,178.65499877929688,386053,0.0,0.0
2026-04-23 13:00:00-04:00,178.61000061035156,179.0,175.5800018310547,176.09500122070312,713987,0.0,0.0
2026-04-23 13:15:00-04:00,176.08999633789062,176.60000610351562,175.0561981201172,175.67999267578125,517835,0.0,0.0
2026-04-23 13:30:00-04:00,175.60000610351562,176.6750030517578,172.64999389648438,172.88540649414062,880704,0.0,0.0
2026-04-23 13:45:00-04:00,172.88499450683594,174.94000244140625,171.54010009765625,174.6999969482422,1229355,0.0,0.0
2026-04-23 14:00:00-04:00,174.72999572753906,175.9600067138672,174.60000610351562,175.49000549316406,483053,0.0,0.0
2026-04-23 14:15:00-04:00,175.52999877929688,175.58999633789062,174.6699981689453,174.97000122070312,320337,0.0,0.0
2026-04-23 14:30:00-04:00,174.94000244140625,175.69000244140625,174.80499267578125,175.0399932861328,332651,0.0,0.0
2026-04-23 14:45:00-04:00,175.0500030517578,175.1300048828125,172.63999938964844,172.99000549316406,445656,0.0,0.0
2026-04-23 15:00:00-04:00,172.97999572753906,173.94000244140625,172.91000366210938,173.7050018310547,516095,0.0,0.0
2026-04-23 15:15:00-04:00,173.74000549316406,174.12750244140625,173.14999389648438,173.47999572753906,491074,0.0,0.0
2026-04-23 15:30:00-04:00,173.4499969482422,173.6699981689453,172.3699951171875,172.52999877929688,653909,0.0,0.0
2026-04-23 15:45:00-04:00,172.52000427246094,172.85000610351562,171.92999267578125,172.47999572753906,1319957,0.0,0.0
2026-04-24 09:30:00-04:00,176.89500427246094,177.27999877929688,174.72999572753906,175.30999755859375,1838690,0.0,0.0
2026-04-24 09:45:00-04:00,175.38999938964844,175.47999572753906,172.42999267578125,173.58999633789062,866425,0.0,0.0
2026-04-24 10:00:00-04:00,173.47000122070312,173.58999633789062,170.68499755859375,171.99000549316406,927061,0.0,0.0
2026-04-24 10:15:00-04:00,172.02499389648438,172.6529998779297,169.41000366210938,169.84620666503906,751016,0.0,0.0
2026-04-24 10:30:00-04:00,169.9199981689453,172.08590698242188,169.01010131835938,171.98500061035156,762134,0.0,0.0
2026-04-24 10:45:00-04:00,172.0,172.1699981689453,170.8699951171875,171.3000030517578,475043,0.0,0.0
2026-04-24 11:00:00-04:00,171.1699981689453,171.44000244140625,169.77000427246094,170.22999572753906,526798,0.0,0.0
2026-04-24 11:15:00-04:00,170.31500244140625,171.22999572753906,170.1999969482422,170.49000549316406,347655,0.0,0.0
2026-04-24 11:30:00-04:00,170.49000549316406,171.8489990234375,170.00999450683594,171.72000122070312,304003,0.0,0.0
2026-04-24 11:45:00-04:00,171.74000549316406,172.72999572753906,171.2899932861328,171.6300048828125,404602,0.0,0.0
2026-04-24 12:00:00-04:00,171.5850067138672,171.64999389648438,170.1999969482422,170.30059814453125,304673,0.0,0.0
2026-04-24 12:15:00-04:00,170.31500244140625,170.3300018310547,169.3000030517578,169.93499755859375,398273,0.0,0.0
2026-04-24 12:30:00-04:00,169.97999572753906,171.11000061035156,169.97999572753906,170.61990356445312,328731,0.0,0.0
2026-04-24 12:45:00-04:00,170.55999755859375,171.05499267578125,170.14999389648438,170.7949981689453,246388,0.0,0.0
2026-04-24 13:00:00-04:00,170.78500366210938,171.1898956298828,170.4801025390625,171.03500366210938,275987,0.0,0.0
2026-04-24 13:15:00-04:00,171.0623016357422,171.5,170.55999755859375,171.3699951171875,238111,0.0,0.0
2026-04-24 13:30:00-04:00,171.35000610351562,171.41000366210938,170.50120544433594,170.97000122070312,311235,0.0,0.0
2026-04-24 13:45:00-04:00,171.0,172.01499938964844,170.75,171.39999389648438,287147,0.0,0.0
2026-04-24 14:00:00-04:00,171.42250061035156,171.5800018310547,170.74229431152344,170.7830047607422,221219,0.0,0.0
2026-04-24 14:15:00-04:00,170.75,170.875,170.00180053710938,170.51010131835938,253989,0.0,0.0
2026-04-24 14:30:00-04:00,170.52999877929688,171.36000061035156,170.47000122070312,171.24000549316406,191383,0.0,0.0
2026-04-24 14:45:00-04:00,171.25999450683594,171.54159545898438,171.0500030517578,171.4600067138672,247370,0.0,0.0
2026-04-24 15:00:00-04:00,171.5399932861328,172.66000366210938,171.49000549316406,172.2050018310547,482828,0.0,0.0
2026-04-24 15:15:00-04:00,172.1999969482422,172.3300018310547,171.63999938964844,171.8249969482422,305486,0.0,0.0
2026-04-24 15:30:00-04:00,171.82000732421875,172.11500549316406,170.8699951171875,171.67999267578125,507146,0.0,0.0
2026-04-24 15:45:00-04:00,171.66000366210938,171.66000366210938,170.50999450683594,171.02000427246094,1054909,0.0,0.0
