Datetime,Open,High,Low,Close,Volume,Dividends,Stock Splits
2026-02-25 00:00:00+00:00,64051.15625,64077.23828125,63997.28515625,64012.44921875,0,0.0,0.0
2026-02-25 00:15:00+00:00,63946.1796875,64053.6484375,63946.1796875,63963.109375,0,0.0,0.0
2026-02-25 00:30:00+00:00,64009.51171875,64194.4921875,64009.51171875,64194.4921875,64040960,0.0,0.0
2026-02-25 00:45:00+00:00,64262.81640625,64298.78515625,64151.36328125,64236.2734375,211369984,0.0,0.0
2026-02-25 01:00:00+00:00,64209.01171875,65777.28125,64209.01171875,65708.6484375,112508928,0.0,0.0
2026-02-25 01:15:00+00:00,65483.41015625,66247.15625,65483.41015625,66157.828125,1875775488,0.0,0.0
2026-02-25 01:30:00+00:00,66022.5546875,66171.71875,65951.203125,65951.203125,194211840,0.0,0.0
2026-02-25 01:45:00+00:00,65827.6484375,66040.328125,65827.6484375,65926.2578125,331665408,0.0,0.0
2026-02-25 02:00:00+00:00,65914.9375,66254.109375,65914.9375,66241.1796875,157065216,0.0,0.0
2026-02-25 02:15:00+00:00,66247.453125,66247.453125,66077.265625,66146.75,463380480,0.0,0.0
2026-02-25 02:30:00+00:00,66120.390625,66144.9140625,65906.2109375,65935.3046875,95141888,0.0,0.0
2026-02-25 02:45:00+00:00,65934.671875,65988.09375,65898.5078125,65898.5078125,52658176,0.0,0.0
2026-02-25 03:00:00+00:00,65913.1015625,65933.09375,65826.7109375,65828.453125,154775552,0.0,0.0
2026-02-25 03:15:00+00:00,65835.125,65835.125,65521.95703125,65610.9140625,103751680,0.0,0.0
2026-02-25 03:30:00+00:00,65595.203125,65596.2421875,65415.71484375,65466.14453125,215937024,0.0,0.0
2026-02-25 03:45:00+00:00,65456.0,65492.91015625,65408.60546875,65408.60546875,0,0.0,0.0
2026-02-25 04:00:00+00:00,65399.640625,65484.1484375,65230.22265625,65435.328125,147906560,0.0,0.0
2026-02-25 04:15:00+00:00,65439.24609375,65592.234375,65372.5390625,65557.328125,0,0.0,0.0
2026-02-25 04:30:00+00:00,65581.4453125,65619.375,65550.4375,65618.7421875,91340800,0.0,0.0
2026-02-25 04:45:00+00:00,65623.171875,65623.171875,65428.08984375,65447.0625,0,0.0,0.0
2026-02-25 05:00:00+00:00,65452.21875,65488.21875,65392.78515625,65392.78515625,134610944,0.0,0.0
2026-02-25 05:15:00+00:00,65334.95703125,65347.66015625,65205.91796875,65210.0625,0,0.0,0.0
2026-02-25 05:30:00+00:00,65188.34765625,65215.453125,64800.80078125,64843.9375,151760896,0.0,0.0
2026-02-25 05:45:00+00:00,64847.6796875,64972.671875,64832.421875,64880.109375,56696832,0.0,0.0
2026-02-25 06:00:00+00:00,64892.1640625,65001.7578125,64892.1640625,64966.078125,79122432,0.0,0.0
2026-02-25 06:15:00+00:00,64935.0546875,65090.2734375,64920.63671875,65045.08984375,0,0.0,0.0
2026-02-25 06:30:00+00:00,64998.28125,65104.5078125,64998.28125,65094.26171875,116965376,0.0,0.0
2026-02-25 06:45:00+00:00,65075.9765625,65075.9765625,64881.859375,64881.859375,48537600,0.0,0.0
2026-02-25 07:00:00+00:00,64881.31640625,65030.44140625,64791.31640625,65030.44140625,0,0.0,0.0
2026-02-25 07:15:00+00:00,65021.98828125,65161.66796875,65021.98828125,65097.18359375,91205632,0.0,0.0
2026-02-25 07:30:00+00:00,65169.77734375,65169.77734375,64945.69921875,64946.1484375,92921856,0.0,0.0
2026-02-25 07:45:00+00:00,64918.6640625,65021.8671875,64918.6640625,65021.8671875,847069184,0.0,0.0
2026-02-25 08:00:00+00:00,65025.28515625,65046.61328125,64975.15625,64994.03515625,123527168,0.0,0.0
2026-02-25 08:15:00+00:00,65007.5625,65221.703125,65007.5625,65194.55859375,0,0.0,0.0
2026-02-25 08:30:00+00:00,65185.05859375,65456.90234375,65185.05859375,65456.90234375,349396992,0.0,0.0
2026-02-25 08:45:00+00:00,65423.296875,65542.46875,65381.66796875,65525.97265625,374370304,0.0,0.0
2026-02-25 09:00:00+00:00,65515.85546875,65638.8984375,65473.953125,65581.7890625,57503744,0.0,0.0
2026-02-25 09:15:00+00:00,65554.90625,65622.3125,65517.1875,65527.2265625,97566720,0.0,0.0
2026-02-25 09:30:00+00:00,65499.96875,65520.09375,65447.3046875,65470.7890625,272347136,0.0,0.0
2026-02-25 09:45:00+00:00,65455.73828125,65559.4921875,65455.73828125,65559.4921875,138653696,0.0,0.0
2026-02-25 10:00:00+00:00,65552.953125,65561.609375,65479.13671875,65532.1796875,13144064,0.0,0.0
2026-02-25 10:15:00+00:00,65565.90625,65565.90625,65380.6171875,65388.74609375,70922240,0.0,0.0
2026-02-25 10:30:00+00:00,65368.68359375,65409.53125,65354.796875,65409.53125,126976000,0.0,0.0
2026-02-25 10:45:00+00:00,65424.55078125,65484.5390625,65365.82421875,65365.82421875,630784,0.0,0.0
2026-02-25 11:00:00+00:00,65395.83984375,65395.83984375,65254.48046875,65319.49609375,820441088,0.0,0.0
2026-02-25 11:15:00+00:00,65245.25,65362.77734375,65199.22265625,65362.77734375,26771456,0.0,0.0
2026-02-25 11:30:00+00:00,65364.44921875,65466.21484375,65336.4609375,65391.36328125,111828992,0.0,0.0
2026-02-25 11:45:00+00:00,65407.10546875,65413.76953125,65386.45703125,65386.45703125,149200896,0.0,0.0
2026-02-25 12:00:00+00:00,65432.7890625,65491.7578125,65337.83203125,65490.4140625,79093760,0.0,0.0
2026-02-25 12:15:00+00:00,65494.9765625,65904.0234375,65494.9765625,65792.3359375,163438592,0.0,0.0
2026-02-25 12:30:00+00:00,65766.4453125,65869.6875,65748.8125,65840.6015625,256839680,0.0,0.0
2026-02-25 12:45:00+00:00,65840.0546875,66199.8671875,65834.71875,66031.09375,606842880,0.0,0.0
2026-02-25 13:00:00+00:00,66106.515625,66242.234375,66076.7109375,66076.7109375,79224832,0.0,0.0
2026-02-25 13:15:00+00:00,66066.859375,66176.9609375,66022.0234375,66153.2890625,222978048,0.0,0.0
2026-02-25 13:30:00+00:00,66182.7890625,66294.4453125,66153.9453125,66294.4453125,126566400,0.0,0.0
2026-02-25 13:45:00+00:00,66325.0,66530.1875,66241.3125,66241.3125,484974592,0.0,0.0
2026-02-25 14:00:00+00:00,66256.5234375,66476.75,66242.5859375,66476.75,122249216,0.0,0.0
2026-02-25 14:15:00+00:00,66473.6953125,66612.640625,66461.578125,66584.0390625,77635584,0.0,0.0
2026-02-25 14:30:00+00:00,66594.7421875,66594.7421875,66240.09375,66240.09375,540209152,0.0,0.0
2026-02-25 14:45:00+00:00,66254.09375,66909.9296875,66254.09375,66909.9296875,611405824,0.0,0.0
2026-02-25 15:00:00+00:00,66969.59375,67214.6875,66841.0703125,66857.71875,495910912,0.0,0.0
2026-02-25 15:15:00+00:00,66856.390625,67016.8515625,66743.1953125,67016.8515625,292929536,0.0,0.0
2026-02-25 15:30:00+00:00,67017.9765625,67443.5625,67017.9765625,67431.84375,465526784,0.0,0.0
2026-02-25 15:45:00+00:00,67482.5390625,67482.5390625,67273.5234375,67273.5234375,782790656,0.0,0.0
2026-02-25 16:00:00+00:00,67489.59375,67677.546875,67466.546875,67677.546875,0,0.0,0.0
2026-02-25 16:15:00+00:00,67696.015625,68003.9453125,67696.015625,67983.96875,605753344,0.0,0.0
2026-02-25 16:30:00+00:00,67890.734375,67999.7578125,67869.203125,67982.1875,470200320,0.0,0.0
2026-02-25 16:45:00+00:00,68091.4921875,68298.890625,68064.875,68298.890625,99467264,0.0,0.0
2026-02-25 17:00:00+00:00,68294.4375,68603.140625,68093.578125,68528.8046875,787742720,0.0,0.0
2026-02-25 17:15:00+00:00,68527.9453125,68682.6484375,68333.75,68602.1640625,635039744,0.0,0.0
2026-02-25 17:30:00+00:00,68576.53125,68750.6328125,68461.8828125,68750.6328125,529022976,0.0,0.0
2026-02-25 17:45:00+00:00,68723.3203125,68857.921875,68626.4140625,68626.4140625,610525184,0.0,0.0
2026-02-25 18:00:00+00:00,68699.96875,68888.546875,68429.453125,68888.546875,531996672,0.0,0.0
2026-02-25 18:15:00+00:00,68887.8828125,69218.890625,68794.828125,69218.890625,237248512,0.0,0.0
2026-02-25 18:30:00+00:00,69328.5546875,69531.609375,69306.515625,69483.8671875,1614483456,0.0,0.0
2026-02-25 18:45:00+00:00,69504.3671875,69504.3671875,69311.328125,69373.6328125,834236416,0.0,0.0
2026-02-25 19:00:00+00:00,69359.015625,69359.015625,68832.765625,68866.515625,245035008,0.0,0.0
2026-02-25 19:15:00+00:00,68931.890625,69117.78125,68912.8125,69025.0390625,679985152,0.0,0.0
2026-02-25 19:30:00+00:00,68993.65625,68993.65625,68838.5078125,68908.9609375,60628992,0.0,0.0
2026-02-25 19:45:00+00:00,68916.5,69094.953125,68886.2265625,69070.765625,1177669632,0.0,0.0
2026-02-25 20:00:00+00:00,69053.46875,69083.390625,68688.1953125,68688.1953125,38871040,0.0,0.0
2026-02-25 20:15:00+00:00,68671.1953125,68857.5546875,68671.1953125,68840.328125,322592768,0.0,0.0
2026-02-25 20:30:00+00:00,68829.1328125,69157.5546875,68829.1328125,69152.0,315523072,0.0,0.0
2026-02-25 20:45:00+00:00,69140.234375,69376.1484375,69140.234375,69219.953125,1350475776,0.0,0.0
2026-02-25 21:00:00+00:00,69195.2421875,69223.96875,69099.1796875,69099.1796875,52232192,0.0,0.0
2026-02-25 21:15:00+00:00,69018.703125,69053.171875,68953.75,68953.75,68886528,0.0,0.0
2026-02-25 21:30:00+00:00,68846.5234375,69953.53125,68833.6796875,69192.6640625,888995840,0.0,0.0
2026-02-25 21:45:00+00:00,69259.0390625,69259.0390625,68876.9765625,68883.7109375,753475584,0.0,0.0
2026-02-25 22:00:00+00:00,68956.046875,69166.4375,68956.046875,69122.0078125,339427328,0.0,0.0
2026-02-25 22:15:00+00:00,69093.8515625,69093.8515625,68905.90625,68924.8046875,370143232,0.0,0.0
2026-02-25 22:30:00+00:00,68888.8828125,68888.8828125,68375.765625,68505.7421875,340107264,0.0,0.0
2026-02-25 22:45:00+00:00,68420.375,68514.0859375,68122.4140625,68304.9453125,297213952,0.0,0.0
2026-02-25 23:00:00+00:00,68458.0546875,68648.2734375,68268.7109375,68541.4375,669589504,0.0,0.0
2026-02-25 23:15:00+00:00,68532.0234375,68532.0234375,68285.421875,68337.015625,344440832,0.0,0.0
2026-02-25 23:30:00+00:00,68340.8671875,68340.8671875,67680.640625,67680.640625,23912448,0.0,0.0
2026-02-25 23:45:00+00:00,67697.328125,67993.96875,67697.328125,67954.8671875,791408640,0.0,0.0
2026-02-26 00:00:00+00:00,67982.34375,68131.828125,67769.15625,68131.828125,28127232,0.0,0.0
2026-02-26 00:15:00+00:00,68154.8359375,68420.3125,68154.8359375,68339.9453125,2406088704,0.0,0.0
2026-02-26 00:30:00+00:00,68319.1328125,68480.671875,68080.4921875,68228.0859375,810680320,0.0,0.0
2026-02-26 00:45:00+00:00,68208.0546875,68354.0390625,68175.3125,68336.0703125,245895168,0.0,0.0
2026-02-26 01:00:00+00:00,68347.3984375,68666.40625,68297.125,68547.4765625,0,0.0,0.0
2026-02-26 01:15:00+00:00,68571.7890625,68571.7890625,68438.109375,68438.109375,0,0.0,0.0
2026-02-26 01:30:00+00:00,68393.5234375,68527.34375,68249.6796875,68499.765625,120160256,0.0,0.0
2026-02-26 01:45:00+00:00,68465.75,68465.75,68265.5234375,68287.078125,0,0.0,0.0
2026-02-26 02:00:00+00:00,68216.375,68216.375,67836.8671875,67836.8671875,68456448,0.0,0.0
2026-02-26 02:15:00+00:00,67859.0625,68082.75,67859.0625,67969.0078125,108748800,0.0,0.0
2026-02-26 02:30:00+00:00,67984.1640625,68073.0546875,67981.6171875,68068.5625,261357568,0.0,0.0
2026-02-26 02:45:00+00:00,68201.6875,68296.6015625,68136.9296875,68278.4921875,3895296,0.0,0.0
2026-02-26 03:00:00+00:00,68250.375,68294.0390625,68063.6484375,68105.0,61829120,0.0,0.0
2026-02-26 03:15:00+00:00,68150.1484375,68167.078125,68095.2421875,68112.3984375,108863488,0.0,0.0
2026-02-26 03:30:00+00:00,68073.3125,68276.5859375,68073.3125,68269.5625,0,0.0,0.0
2026-02-26 03:45:00+00:00,68254.3125,68296.5546875,68193.25,68193.25,0,0.0,0.0
2026-02-26 04:00:00+00:00,68201.1328125,68574.828125,68201.1328125,68552.421875,666898432,0.0,0.0
2026-02-26 04:15:00+00:00,68511.6328125,68660.7578125,68464.1953125,68607.3359375,55812096,0.0,0.0
2026-02-26 04:30:00+00:00,68578.53125,68816.8984375,68578.53125,68739.5859375,33538048,0.0,0.0
2026-02-26 04:45:00+00:00,68740.3046875,68740.3046875,68588.71875,68588.71875,331218944,0.0,0.0
2026-02-26 05:00:00+00:00,68561.859375,68562.1796875,68282.234375,68303.3359375,54939648,0.0,0.0
2026-02-26 05:15:00+00:00,68233.078125,68395.046875,68168.703125,68395.046875,232366080,0.0,0.0
2026-02-26 05:30:00+00:00,68381.484375,68429.7109375,68321.1875,68429.7109375,942346240,0.0,0.0
2026-02-26 05:45:00+00:00,68423.015625,68485.578125,68411.921875,68429.953125,0,0.0,0.0
2026-02-26 06:00:00+00:00,68435.0546875,68519.0,68318.6953125,68447.640625,3176480768,0.0,0.0
2026-02-26 06:15:00+00:00,68461.1328125,68461.1328125,68330.6328125,68339.21875,245575680,0.0,0.0
2026-02-26 06:30:00+00:00,68269.765625,68269.765625,68163.6953125,68170.484375,308641792,0.0,0.0
2026-02-26 06:45:00+00:00,68135.7421875,68212.28125,68105.03125,68190.3203125,110546944,0.0,0.0
2026-02-26 07:00:00+00:00,68175.6484375,68260.6328125,68175.6484375,68239.40625,16179200,0.0,0.0
2026-02-26 07:15:00+00:00,68213.1328125,68242.875,68131.984375,68197.375,171966464,0.0,0.0
2026-02-26 07:30:00+00:00,68180.9375,68189.8359375,68027.375,68027.375,208334848,0.0,0.0
2026-02-26 07:45:00+00:00,68010.84375,68010.84375,67843.3046875,67876.796875,262639616,0.0,0.0
2026-02-26 08:00:00+00:00,67851.234375,68034.75,67840.4609375,68010.953125,248274944,0.0,0.0
2026-02-26 08:15:00+00:00,68047.0390625,68191.09375,68016.9765625,68016.9765625,275673088,0.0,0.0
2026-02-26 08:30:00+00:00,68027.734375,68137.015625,67970.1015625,67970.1015625,238440448,0.0,0.0
2026-02-26 08:45:00+00:00,67984.1953125,68098.921875,67954.359375,67954.359375,289931264,0.0,0.0
2026-02-26 09:00:00+00:00,67953.5390625,68360.921875,67953.5390625,68360.921875,20918272,0.0,0.0
2026-02-26 09:15:00+00:00,68349.6015625,68349.6015625,68173.8359375,68173.8359375,314679296,0.0,0.0
2026-02-26 09:30:00+00:00,68182.6328125,68450.59375,68162.7109375,68444.15625,159350784,0.0,0.0
2026-02-26 09:45:00+00:00,68405.359375,68617.859375,68405.359375,68553.5625,584355840,0.0,0.0
2026-02-26 10:00:00+00:00,68582.4140625,68704.484375,68516.75,68517.2890625,361013248,0.0,0.0
2026-02-26 10:15:00+00:00,68509.8984375,68509.8984375,68411.234375,68411.234375,194740224,0.0,0.0
2026-02-26 10:30:00+00:00,68340.46875,68454.1640625,68330.90625,68418.6796875,103444480,0.0,0.0
2026-02-26 10:45:00+00:00,68430.390625,68445.8984375,68270.6796875,68298.1171875,1020661760,0.0,0.0
2026-02-26 11:00:00+00:00,68292.0625,68364.7890625,68292.0625,68344.9375,349089792,0.0,0.0
2026-02-26 11:15:00+00:00,68343.90625,68343.90625,68203.6015625,68228.453125,255348736,0.0,0.0
2026-02-26 11:30:00+00:00,68157.09375,68203.171875,68076.5703125,68076.5703125,48037888,0.0,0.0
2026-02-26 11:45:00+00:00,68084.8203125,68084.8203125,67987.203125,68018.875,332623872,0.0,0.0
2026-02-26 12:00:00+00:00,68037.1171875,68228.1796875,68037.1171875,68219.0703125,0,0.0,0.0
2026-02-26 12:15:00+00:00,68200.6171875,68285.3515625,68175.78125,68205.78125,1275822080,0.0,0.0
2026-02-26 12:30:00+00:00,68152.140625,68265.5859375,68141.546875,68230.9609375,0,0.0,0.0
2026-02-26 12:45:00+00:00,68097.78125,68197.4609375,68067.5859375,68175.6015625,0,0.0,0.0
2026-02-26 13:00:00+00:00,68162.046875,68201.8203125,68014.7421875,68014.7421875,0,0.0,0.0
2026-02-26 13:15:00+00:00,68019.703125,68139.9453125,67975.265625,68139.9453125,0,0.0,0.0
2026-02-26 13:30:00+00:00,68157.75,68162.03125,68017.5703125,68046.7265625,182063104,0.0,0.0
2026-02-26 13:45:00+00:00,68067.859375,68157.5859375,67870.9375,67926.7265625,0,0.0,0.0
2026-02-26 14:00:00+00:00,67912.2421875,68015.5,67720.40625,67984.0703125,70639616,0.0,0.0
2026-02-26 14:15:00+00:00,67977.6875,68117.1875,67849.6328125,68109.171875,1752412160,0.0,0.0
2026-02-26 14:30:00+00:00,68117.4296875,68205.3671875,67871.7421875,67871.7421875,232706048,0.0,0.0
2026-02-26 14:45:00+00:00,67844.1640625,67844.1640625,67309.359375,67680.6875,1908736,0.0,0.0
2026-02-26 15:00:00+00:00,67658.1171875,67658.1171875,67324.578125,67348.6015625,632430592,0.0,0.0
2026-02-26 15:15:00+00:00,67312.7421875,67312.7421875,66879.7734375,66879.7734375,640184320,0.0,0.0
2026-02-26 15:30:00+00:00,67076.1953125,67426.71875,66810.84375,67426.71875,664248320,0.0,0.0
2026-02-26 15:45:00+00:00,67402.7265625,67478.515625,67308.421875,67410.421875,0,0.0,0.0
2026-02-26 16:00:00+00:00,67383.7421875,67424.1875,67111.4453125,67111.4453125,0,0.0,0.0
2026-02-26 16:15:00+00:00,67137.6640625,67514.53125,67137.6640625,67514.53125,0,0.0,0.0
2026-02-26 16:30:00+00:00,67449.859375,67449.859375,67009.5859375,67092.78125,118124544,0.0,0.0
2026-02-26 16:45:00+00:00,67035.84375,67035.84375,66596.4921875,66596.4921875,692731904,0.0,0.0
2026-02-26 17:00:00+00:00,66637.3046875,66982.5078125,66637.3046875,66929.5390625,104140800,0.0,0.0
2026-02-26 17:15:00+00:00,66899.5703125,66987.2734375,66792.6875,66934.796875,16764928,0.0,0.0
2026-02-26 17:30:00+00:00,66953.3671875,66978.0546875,66762.0,66762.0,0,0.0,0.0
2026-02-26 17:45:00+00:00,66740.828125,66837.5390625,66636.5546875,66826.6328125,0,0.0,0.0
2026-02-26 18:00:00+00:00,66824.1796875,66877.9609375,66587.921875,66695.3984375,222474240,0.0,0.0
2026-02-26 18:15:00+00:00,66751.65625,67008.8515625,66751.65625,66830.53125,124399616,0.0,0.0
2026-02-26 18:30:00+00:00,66858.8671875,67344.71875,66858.8671875,67256.59375,133013504,0.0,0.0
2026-02-26 18:45:00+00:00,67276.4609375,67336.1875,67185.890625,67336.1875,129572864,0.0,0.0
2026-02-26 19:00:00+00:00,67296.6328125,67653.890625,67296.6328125,67584.0546875,286277632,0.0,0.0
2026-02-26 19:15:00+00:00,67539.6796875,67743.3671875,67505.9609375,67599.2421875,0,0.0,0.0
2026-02-26 19:30:00+00:00,67559.203125,67693.9921875,67438.8515625,67479.109375,690573312,0.0,0.0
2026-02-26 19:45:00+00:00,67468.4375,67642.1640625,67468.4375,67557.1796875,0,0.0,0.0
2026-02-26 20:00:00+00:00,67635.0546875,67803.75,67635.0546875,67731.328125,162435072,0.0,0.0
2026-02-26 20:15:00+00:00,67710.8359375,67780.890625,67607.859375,67613.6953125,52555776,0.0,0.0
2026-02-26 20:30:00+00:00,67555.390625,67555.390625,67386.46875,67470.703125,818081792,0.0,0.0
2026-02-26 20:45:00+00:00,67475.4921875,67475.4921875,67296.234375,67423.90625,93102080,0.0,0.0
2026-02-26 21:00:00+00:00,67369.703125,67442.8046875,67208.703125,67291.96875,0,0.0,0.0
2026-02-26 21:15:00+00:00,67360.2109375,67494.6015625,67351.8359375,67494.6015625,573210624,0.0,0.0
2026-02-26 21:30:00+00:00,67489.84375,67489.84375,67378.75,67441.8125,0,0.0,0.0
2026-02-26 21:45:00+00:00,67454.234375,67563.6015625,67451.40625,67459.8203125,0,0.0,0.0
2026-02-26 22:00:00+00:00,67459.6796875,67549.546875,67424.4921875,67549.546875,0,0.0,0.0
2026-02-26 22:15:00+00:00,67551.515625,67551.515625,67364.921875,67395.375,0,0.0,0.0
2026-02-26 22:30:00+00:00,67417.8203125,67569.2734375,67417.5390625,67552.8203125,179257344,0.0,0.0
2026-02-26 22:45:00+00:00,67601.4765625,67623.953125,67544.796875,67544.796875,0,0.0,0.0
2026-02-26 23:00:00+00:00,67513.4609375,67567.3359375,67417.0390625,67567.3359375,36995072,0.0,0.0
2026-02-26 23:15:00+00:00,67522.8984375,67617.0546875,67469.34375,67617.0546875,114589696,0.0,0.0
2026-02-26 23:30:00+00:00,67588.90625,67621.21875,67514.5234375,67514.5234375,32653312,0.0,0.0
2026-02-26 23:45:00+00:00,67509.9921875,67510.0078125,67430.640625,67456.515625,0,0.0,0.0
2026-02-27 00:00:00+00:00,67476.703125,67536.28125,67327.9921875,67338.09375,0,0.0,0.0
2026-02-27 00:15:00+00:00,67357.3984375,67385.9609375,67203.53125,67249.8828125,83718144,0.0,0.0
2026-02-27 00:30:00+00:00,67304.1875,67311.046875,67068.6796875,67157.453125,34287616,0.0,0.0
2026-02-27 00:45:00+00:00,67142.8828125,67253.390625,67049.78125,67210.71875,264589312,0.0,0.0
2026-02-27 01:00:00+00:00,67228.7890625,67228.7890625,66907.7265625,66994.2890625,0,0.0,0.0
2026-02-27 01:15:00+00:00,67006.703125,67147.828125,67001.921875,67059.1328125,960806912,0.0,0.0
2026-02-27 01:30:00+00:00,67074.84375,67289.3125,67074.84375,67230.3515625,4464640,0.0,0.0
2026-02-27 01:45:00+00:00,67192.6953125,67309.984375,67192.6953125,67286.1484375,1018617856,0.0,0.0
2026-02-27 02:00:00+00:00,67362.796875,67470.1875,67361.1640625,67361.1640625,0,0.0,0.0
2026-02-27 02:15:00+00:00,67327.9609375,67525.6796875,67306.8515625,67400.2265625,256552960,0.0,0.0
2026-02-27 02:30:00+00:00,67440.828125,67520.984375,67403.234375,67403.234375,4870144,0.0,0.0
2026-02-27 02:45:00+00:00,67436.7890625,67462.3671875,67300.921875,67362.4765625,9035776,0.0,0.0
2026-02-27 03:00:00+00:00,67295.7421875,67295.7421875,67137.4453125,67143.5703125,1104818176,0.0,0.0
2026-02-27 03:15:00+00:00,67167.078125,67214.5390625,67110.3125,67126.7578125,26484736,0.0,0.0
2026-02-27 03:30:00+00:00,67122.796875,67353.328125,67122.796875,67350.6953125,106541056,0.0,0.0
2026-02-27 03:45:00+00:00,67394.9453125,67679.5390625,67355.8359375,67641.2578125,58163200,0.0,0.0
2026-02-27 04:00:00+00:00,67614.078125,67955.2421875,67614.078125,67930.328125,325767168,0.0,0.0
2026-02-27 04:15:00+00:00,67935.578125,68220.40625,67934.6640625,67934.6640625,241233920,0.0,0.0
2026-02-27 04:30:00+00:00,67824.109375,67865.5390625,67731.875,67771.109375,82075648,0.0,0.0
2026-02-27 04:45:00+00:00,67765.2578125,67924.2578125,67750.015625,67750.015625,379052032,0.0,0.0
2026-02-27 05:00:00+00:00,67737.1328125,67905.53125,67737.1328125,67866.9765625,67657728,0.0,0.0
2026-02-27 05:15:00+00:00,67865.40625,67880.921875,67723.3046875,67797.109375,56090624,0.0,0.0
2026-02-27 05:30:00+00:00,67806.8046875,67860.3515625,67806.8046875,67857.3359375,113504256,0.0,0.0
2026-02-27 05:45:00+00:00,67849.2734375,67849.2734375,67699.2890625,67699.2890625,0,0.0,0.0
2026-02-27 06:00:00+00:00,67708.671875,67772.59375,67682.8046875,67682.8046875,166576128,0.0,0.0
2026-02-27 06:15:00+00:00,67667.6796875,67689.578125,67545.1640625,67564.1328125,0,0.0,0.0
2026-02-27 06:30:00+00:00,67608.171875,67766.265625,67608.171875,67761.5703125,833179648,0.0,0.0
2026-02-27 06:45:00+00:00,67750.453125,67816.0546875,67665.2265625,67665.2265625,0,0.0,0.0
2026-02-27 07:00:00+00:00,67680.2578125,67708.75,67589.7265625,67659.609375,0,0.0,0.0
2026-02-27 07:15:00+00:00,67657.4609375,67657.4609375,67548.9453125,67548.9453125,118964224,0.0,0.0
2026-02-27 07:30:00+00:00,67498.7890625,67612.8828125,67474.1953125,67531.6796875,109740032,0.0,0.0
2026-02-27 07:45:00+00:00,67539.3984375,67731.8203125,67530.3203125,67696.2578125,536788992,0.0,0.0
2026-02-27 08:00:00+00:00,67696.1953125,68008.8828125,67696.1953125,67962.8984375,21200896,0.0,0.0
2026-02-27 08:15:00+00:00,67916.203125,67965.75,67884.5625,67912.9765625,186781696,0.0,0.0
2026-02-27 08:30:00+00:00,67956.421875,67994.0703125,67800.1015625,67855.90625,138551296,0.0,0.0
2026-02-27 08:45:00+00:00,67927.9140625,68059.9140625,67915.1796875,67982.375,90800128,0.0,0.0
2026-02-27 09:00:00+00:00,67954.6875,67994.6953125,67881.4765625,67949.390625,538054656,0.0,0.0
2026-02-27 09:15:00+00:00,67971.9921875,68012.2109375,67937.53125,68012.109375,152702976,0.0,0.0
2026-02-27 09:30:00+00:00,68026.46875,68026.46875,67747.015625,67747.015625,28901376,0.0,0.0
2026-02-27 09:45:00+00:00,67632.4453125,67632.4453125,67331.7578125,67388.1484375,52199424,0.0,0.0
2026-02-27 10:00:00+00:00,67384.828125,67384.828125,66985.09375,66991.5,775221248,0.0,0.0
2026-02-27 10:15:00+00:00,66898.6953125,67044.5546875,66777.0078125,66777.0078125,273489920,0.0,0.0
2026-02-27 10:30:00+00:00,66868.484375,66884.0703125,66726.9375,66783.1796875,1051439104,0.0,0.0
2026-02-27 10:45:00+00:00,66789.9140625,66789.9140625,66610.03125,66645.5546875,317812736,0.0,0.0
2026-02-27 11:00:00+00:00,66696.5625,66767.8125,66667.03125,66745.0859375,1101303808,0.0,0.0
2026-02-27 11:15:00+00:00,66646.234375,66661.703125,66411.28125,66605.015625,319434752,0.0,0.0
2026-02-27 11:30:00+00:00,66537.359375,66537.359375,66031.7734375,66043.2890625,84611072,0.0,0.0
2026-02-27 11:45:00+00:00,66028.4921875,66158.15625,66027.4921875,66110.796875,802250752,0.0,0.0
2026-02-27 12:00:00+00:00,66133.5390625,66188.7578125,65983.140625,66021.140625,80269312,0.0,0.0
2026-02-27 12:15:00+00:00,66005.375,66098.3203125,65923.8125,66011.34375,1236434944,0.0,0.0
2026-02-27 12:30:00+00:00,65930.1796875,66039.59375,65909.8828125,65931.3203125,156217344,0.0,0.0
2026-02-27 12:45:00+00:00,65943.8203125,65943.8203125,65765.1015625,65805.46875,1109692416,0.0,0.0
2026-02-27 13:00:00+00:00,65916.296875,66084.8203125,65916.296875,66012.9765625,194355200,0.0,0.0
2026-02-27 13:15:00+00:00,66051.6484375,66148.3359375,66014.75,66014.75,90267648,0.0,0.0
2026-02-27 13:30:00+00:00,65928.2578125,66032.3203125,65682.15625,66032.3203125,494669824,0.0,0.0
2026-02-27 13:45:00+00:00,66083.234375,66277.125,66059.8984375,66173.640625,112463872,0.0,0.0
2026-02-27 14:00:00+00:00,66285.390625,66285.390625,66204.9140625,66261.359375,28082176,0.0,0.0
2026-02-27 14:15:00+00:00,66330.2109375,66330.2109375,66055.0390625,66055.0390625,61591552,0.0,0.0
2026-02-27 14:30:00+00:00,66148.2109375,66286.6796875,65812.8125,65812.8125,119394304,0.0,0.0
2026-02-27 14:45:00+00:00,65934.9609375,65960.265625,65754.3515625,65862.6015625,657866752,0.0,0.0
2026-02-27 15:00:00+00:00,65901.0546875,66176.5234375,65901.0546875,66047.046875,268922880,0.0,0.0
2026-02-27 15:15:00+00:00,66193.2109375,66193.2109375,66021.1796875,66146.1484375,0,0.0,0.0
2026-02-27 15:30:00+00:00,66100.5078125,66114.078125,65890.546875,66030.6015625,695205888,0.0,0.0
2026-02-27 15:45:00+00:00,66066.953125,66253.375,66066.953125,66120.5546875,0,0.0,0.0
2026-02-27 16:00:00+00:00,66095.578125,66111.265625,65852.9453125,65886.8671875,0,0.0,0.0
2026-02-27 16:15:00+00:00,65920.5,66029.5,65870.1875,66012.765625,163069952,0.0,0.0
2026-02-27 16:30:00+00:00,66008.0234375,66046.6875,65753.5546875,65753.5546875,0,0.0,0.0
2026-02-27 16:45:00+00:00,65726.1328125,65783.9453125,65493.80078125,65505.83984375,186990592,0.0,0.0
2026-02-27 17:00:00+00:00,65486.2109375,65658.6640625,65475.97265625,65475.97265625,0,0.0,0.0
2026-02-27 17:15:00+00:00,65435.44921875,65510.61328125,65222.37890625,65236.20703125,75636736,0.0,0.0
2026-02-27 17:30:00+00:00,65206.88671875,65459.23828125,65183.421875,65401.125,596672512,0.0,0.0
2026-02-27 17:45:00+00:00,65416.234375,65659.328125,65404.29296875,65659.328125,263831552,0.0,0.0
2026-02-27 18:00:00+00:00,65695.625,65731.8984375,65539.7421875,65542.875,41672704,0.0,0.0
2026-02-27 18:15:00+00:00,65547.1796875,65590.2109375,65402.15625,65536.3984375,94810112,0.0,0.0
2026-02-27 18:30:00+00:00,65583.0546875,65653.5859375,65532.01171875,65562.828125,641171456,0.0,0.0
2026-02-27 18:45:00+00:00,65571.71875,65571.71875,65247.95703125,65299.4375,20025344,0.0,0.0
2026-02-27 19:00:00+00:00,65304.4609375,65418.203125,65186.44921875,65310.234375,0,0.0,0.0
2026-02-27 19:15:00+00:00,65282.98046875,65389.69140625,65218.32421875,65378.44140625,0,0.0,0.0
2026-02-27 19:30:00+00:00,65337.40625,65398.48828125,65329.9609375,65348.0390625,169316352,0.0,0.0
2026-02-27 19:45:00+00:00,65266.73828125,65439.8046875,65266.73828125,65419.8515625,44568576,0.0,0.0
2026-02-27 20:00:00+00:00,65400.1015625,65578.4453125,65400.1015625,65578.4453125,13688832,0.0,0.0
2026-02-27 20:15:00+00:00,65571.0,65622.2890625,65566.2265625,65608.15625,0,0.0,0.0
2026-02-27 20:30:00+00:00,65568.4296875,65634.1953125,65472.90625,65589.046875,0,0.0,0.0
2026-02-27 20:45:00+00:00,65606.71875,65628.3203125,65576.59375,65576.59375,129966080,0.0,0.0
2026-02-27 21:00:00+00:00,65590.0625,65696.75,65522.16015625,65567.984375,46104576,0.0,0.0
2026-02-27 21:15:00+00:00,65581.5859375,65729.765625,65581.5859375,65713.3359375,146173952,0.0,0.0
2026-02-27 21:30:00+00:00,65707.8125,65707.8125,65593.8046875,65626.4609375,197775360,0.0,0.0
2026-02-27 21:45:00+00:00,65620.671875,65620.671875,65407.9375,65518.3984375,18149376,0.0,0.0
2026-02-27 22:00:00+00:00,65550.421875,65550.421875,65460.87109375,65522.734375,125767680,0.0,0.0
2026-02-27 22:15:00+00:00,65528.49609375,65606.3203125,65456.0625,65492.9765625,96595968,0.0,0.0
2026-02-27 22:30:00+00:00,65468.6640625,65558.890625,64946.03515625,65558.890625,575709184,0.0,0.0
2026-02-27 22:45:00+00:00,65599.1171875,65651.59375,65546.515625,65595.28125,301699072,0.0,0.0
2026-02-27 23:00:00+00:00,65576.3125,65827.9765625,65572.21875,65761.8125,240013312,0.0,0.0
2026-02-27 23:15:00+00:00,65722.3359375,65889.4140625,65722.3359375,65849.046875,224350208,0.0,0.0
2026-02-27 23:30:00+00:00,65876.171875,65946.171875,65844.625,65844.625,108892160,0.0,0.0
2026-02-27 23:45:00+00:00,65833.6640625,65891.9765625,65833.6640625,65878.9296875,589447168,0.0,0.0
2026-02-28 00:00:00+00:00,65869.328125,66003.1328125,65846.2109375,66003.1328125,24543232,0.0,0.0
2026-02-28 00:15:00+00:00,65992.6015625,65992.6015625,65761.4375,65761.4375,61812736,0.0,0.0
2026-02-28 00:30:00+00:00,65770.640625,65948.7109375,65757.53125,65948.7109375,24743936,0.0,0.0
2026-02-28 00:45:00+00:00,65949.6796875,65972.1796875,65903.234375,65946.0078125,134901760,0.0,0.0
2026-02-28 01:00:00+00:00,65938.5625,65961.859375,65833.859375,65847.6015625,0,0.0,0.0
2026-02-28 01:15:00+00:00,65860.9453125,65953.0390625,65832.0234375,65846.6953125,220405760,0.0,0.0
2026-02-28 01:30:00+00:00,65825.46875,65836.4609375,65771.2734375,65779.9375,14147584,0.0,0.0
2026-02-28 01:45:00+00:00,65784.75,65839.8125,65775.046875,65811.4375,624394240,0.0,0.0
2026-02-28 02:00:00+00:00,65803.46875,65925.578125,65766.2578125,65904.7578125,0,0.0,0.0
2026-02-28 02:15:00+00:00,65901.4140625,65953.046875,65900.3203125,65921.7109375,140537856,0.0,0.0
2026-02-28 02:30:00+00:00,65936.15625,65968.734375,65919.2890625,65951.2734375,0,0.0,0.0
2026-02-28 02:45:00+00:00,65963.6015625,65993.96875,65963.6015625,65983.046875,97910784,0.0,0.0
2026-02-28 03:00:00+00:00,65977.078125,65977.078125,65872.421875,65912.5859375,14397440,0.0,0.0
2026-02-28 03:15:00+00:00,65893.703125,65964.625,65891.125,65951.09375,26521600,0.0,0.0
2026-02-28 03:30:00+00:00,65887.6171875,65888.203125,65769.28125,65791.6171875,35635200,0.0,0.0
2026-02-28 03:45:00+00:00,65787.5078125,65839.734375,65787.5078125,65798.34375,112734208,0.0,0.0
2026-02-28 04:00:00+00:00,65788.953125,65807.4375,65740.2890625,65740.2890625,0,0.0,0.0
2026-02-28 04:15:00+00:00,65746.140625,65777.796875,65699.421875,65745.6875,0,0.0,0.0
2026-02-28 04:30:00+00:00,65692.0859375,65692.0859375,65509.7265625,65632.328125,20963328,0.0,0.0
2026-02-28 04:45:00+00:00,65643.8125,65693.359375,65623.9375,65664.78125,15691776,0.0,0.0
2026-02-28 05:00:00+00:00,65667.609375,65701.6875,65628.90625,65701.6875,0,0.0,0.0
2026-02-28 05:15:00+00:00,65716.5390625,65716.5390625,65666.8359375,65685.90625,0,0.0,0.0
2026-02-28 05:30:00+00:00,65643.359375,65643.359375,65523.484375,65564.4453125,53870592,0.0,0.0
2026-02-28 05:45:00+00:00,65569.484375,65569.484375,65504.71484375,65529.15625,46661632,0.0,0.0
2026-02-28 06:00:00+00:00,65570.578125,65585.109375,65525.375,65578.0859375,0,0.0,0.0
2026-02-28 06:15:00+00:00,65497.41796875,65497.41796875,64459.921875,64459.921875,742780928,0.0,0.0
2026-02-28 06:30:00+00:00,64583.43359375,64583.43359375,63644.2734375,63974.53125,1240264704,0.0,0.0
2026-02-28 06:45:00+00:00,64022.0,64022.0,63106.07421875,63106.07421875,1113444352,0.0,0.0
2026-02-28 07:00:00+00:00,63245.12890625,63795.1015625,63245.12890625,63795.1015625,1065119744,0.0,0.0
2026-02-28 07:15:00+00:00,63766.03515625,63820.8828125,63385.28125,63518.12890625,850161664,0.0,0.0
2026-02-28 07:30:00+00:00,63518.62109375,64262.75390625,63503.7578125,64087.28125,451203072,0.0,0.0
2026-02-28 07:45:00+00:00,64103.44921875,64103.44921875,63842.453125,63853.66796875,489349120,0.0,0.0
2026-02-28 08:00:00+00:00,63841.03515625,63841.03515625,63586.6484375,63698.65234375,139730944,0.0,0.0
2026-02-28 08:15:00+00:00,63706.26171875,63799.1484375,63541.578125,63664.53125,131911680,0.0,0.0
2026-02-28 08:30:00+00:00,63658.515625,63724.6484375,63562.625,63724.6484375,933732352,0.0,0.0
2026-02-28 08:45:00+00:00,63616.86328125,63658.8046875,63426.86328125,63426.86328125,0,0.0,0.0
2026-02-28 09:00:00+00:00,63463.44140625,63654.37109375,63392.8203125,63654.37109375,1007091712,0.0,0.0
2026-02-28 09:15:00+00:00,63705.35546875,63918.9609375,63615.30859375,63810.94921875,47181824,0.0,0.0
2026-02-28 09:30:00+00:00,63864.1640625,63864.1640625,63590.30859375,63642.67578125,0,0.0,0.0
2026-02-28 09:45:00+00:00,63621.94140625,63702.609375,63572.25,63688.921875,1462218752,0.0,0.0
2026-02-28 10:00:00+00:00,63627.47265625,63627.47265625,63501.015625,63556.15625,86761472,0.0,0.0
2026-02-28 10:15:00+00:00,63570.32421875,63925.8984375,63570.32421875,63857.96484375,413540352,0.0,0.0
2026-02-28 10:30:00+00:00,63837.76171875,64012.69921875,63837.76171875,63967.140625,726601728,0.0,0.0
2026-02-28 10:45:00+00:00,63964.4296875,64008.3984375,63899.53515625,64001.16015625,582918144,0.0,0.0
2026-02-28 11:00:00+00:00,63995.890625,64212.15625,63995.890625,64069.28125,686157824,0.0,0.0
2026-02-28 11:15:00+00:00,64101.90234375,64284.11328125,64054.109375,64284.11328125,85876736,0.0,0.0
2026-02-28 11:30:00+00:00,64267.15234375,64296.6484375,64005.8984375,64005.8984375,246517760,0.0,0.0
2026-02-28 11:45:00+00:00,64021.90625,64070.6875,63833.8828125,63836.734375,91295744,0.0,0.0
2026-02-28 12:00:00+00:00,63844.67578125,63948.6875,63844.67578125,63944.7421875,28266496,0.0,0.0
2026-02-28 12:15:00+00:00,63984.3046875,64076.26171875,63968.94140625,63989.7265625,0,0.0,0.0
2026-02-28 12:30:00+00:00,63994.76953125,64063.37890625,63990.51953125,64063.37890625,45441024,0.0,0.0
2026-02-28 12:45:00+00:00,64041.6640625,64041.6640625,63904.71484375,64032.43359375,0,0.0,0.0
2026-02-28 13:00:00+00:00,64012.40625,64087.515625,63937.28125,64056.96484375,0,0.0,0.0
2026-02-28 13:15:00+00:00,64075.57421875,64167.84765625,64011.5625,64040.23046875,203689984,0.0,0.0
2026-02-28 13:30:00+00:00,64042.97265625,64093.0546875,63929.5078125,64007.5390625,0,0.0,0.0
2026-02-28 13:45:00+00:00,64063.59765625,64996.7265625,64063.59765625,64996.7265625,435613696,0.0,0.0
2026-02-28 14:00:00+00:00,65164.80078125,65345.70703125,64809.35546875,64837.92578125,1500684288,0.0,0.0
2026-02-28 14:15:00+00:00,64826.5234375,64902.18359375,64692.85546875,64800.94140625,86515712,0.0,0.0
2026-02-28 14:30:00+00:00,64800.16796875,65117.15625,64725.22265625,64954.5,25042944,0.0,0.0
2026-02-28 14:45:00+00:00,64923.171875,64985.4453125,64378.50390625,64490.59765625,895107072,0.0,0.0
2026-02-28 15:00:00+00:00,64449.14453125,64567.0859375,64330.71484375,64391.28125,0,0.0,0.0
2026-02-28 15:15:00+00:00,64352.07421875,64821.3203125,64330.0078125,64821.3203125,111599616,0.0,0.0
2026-02-28 15:30:00+00:00,64798.21875,64999.91015625,64670.0234375,64829.83203125,184320000,0.0,0.0
2026-02-28 15:45:00+00:00,64841.6484375,64866.13671875,64777.421875,64862.44140625,175276032,0.0,0.0
2026-02-28 16:00:00+00:00,64847.68359375,64950.04296875,64686.76171875,64910.15625,0,0.0,0.0
2026-02-28 16:15:00+00:00,64887.90234375,64994.734375,64788.9921875,64970.4765625,0,0.0,0.0
2026-02-28 16:30:00+00:00,64952.640625,65129.48828125,64912.33984375,65129.48828125,183603200,0.0,0.0
2026-02-28 16:45:00+00:00,65174.91015625,65174.91015625,65033.9921875,65147.98046875,0,0.0,0.0
2026-02-28 17:00:00+00:00,65108.390625,65108.390625,65006.96484375,65018.1484375,82018304,0.0,0.0
2026-02-28 17:15:00+00:00,64946.25,65100.80078125,64900.86328125,65042.85546875,0,0.0,0.0
2026-02-28 17:30:00+00:00,65108.12109375,65144.7109375,64953.03125,64953.03125,176128,0.0,0.0
2026-02-28 17:45:00+00:00,64956.4140625,65421.79296875,64922.7734375,65421.79296875,39473152,0.0,0.0
2026-02-28 18:00:00+00:00,65430.328125,65430.328125,65326.984375,65326.984375,32149504,0.0,0.0
2026-02-28 18:15:00+00:00,65303.88671875,65327.109375,65205.1484375,65258.66796875,0,0.0,0.0
2026-02-28 18:30:00+00:00,65239.28125,65768.84375,65239.28125,65655.6171875,544083968,0.0,0.0
2026-02-28 18:45:00+00:00,65677.6328125,66093.296875,65658.1640625,65889.9765625,128077824,0.0,0.0
2026-02-28 19:00:00+00:00,65905.859375,65906.7265625,65667.5234375,65826.84375,699891712,0.0,0.0
2026-02-28 19:15:00+00:00,65773.7265625,65818.6640625,65683.4765625,65743.0546875,126308352,0.0,0.0
2026-02-28 19:30:00+00:00,65781.1171875,66578.09375,65755.1015625,66378.171875,294395904,0.0,0.0
2026-02-28 19:45:00+00:00,66364.984375,66638.265625,66319.015625,66335.4375,984285184,0.0,0.0
2026-02-28 20:00:00+00:00,66390.0546875,66607.765625,66230.0546875,66607.765625,113442816,0.0,0.0
2026-02-28 20:15:00+00:00,66584.4453125,66982.0,66520.3828125,66844.5,197869568,0.0,0.0
2026-02-28 20:30:00+00:00,66777.3203125,66914.9765625,66647.6328125,66741.9765625,650686464,0.0,0.0
2026-02-28 20:45:00+00:00,66777.8203125,67126.859375,66777.8203125,66903.65625,308482048,0.0,0.0
2026-02-28 21:00:00+00:00,66959.65625,66959.65625,66442.9296875,66611.2734375,137125888,0.0,0.0
2026-02-28 21:15:00+00:00,66592.515625,66592.515625,66472.125,66475.078125,262840320,0.0,0.0
2026-02-28 21:30:00+00:00,66479.7734375,66921.953125,66451.984375,66869.0546875,298078208,0.0,0.0
2026-02-28 21:45:00+00:00,66852.859375,66940.0859375,66571.4921875,66758.203125,367988736,0.0,0.0
2026-02-28 22:00:00+00:00,66723.3671875,66965.984375,66692.09375,66884.5078125,168288256,0.0,0.0
2026-02-28 22:15:00+00:00,66926.9921875,67100.671875,66926.9921875,67044.734375,419287040,0.0,0.0
2026-02-28 22:30:00+00:00,66991.6015625,67606.5546875,66991.6015625,67394.640625,372523008,0.0,0.0
2026-02-28 22:45:00+00:00,67357.9140625,67595.84375,67193.140625,67276.6796875,260149248,0.0,0.0
2026-02-28 23:00:00+00:00,67116.9921875,67196.2109375,67089.625,67100.0546875,136871936,0.0,0.0
2026-02-28 23:15:00+00:00,66965.890625,67039.5390625,66902.84375,66902.84375,209580032,0.0,0.0
2026-02-28 23:30:00+00:00,66906.4453125,66992.5546875,66773.25,66910.0,138199040,0.0,0.0
2026-02-28 23:45:00+00:00,66894.421875,67048.1875,66894.421875,67005.8828125,220413952,0.0,0.0
2026-03-01 00:00:00+00:00,66997.25,67039.0546875,66842.3828125,66856.8203125,18370560,0.0,0.0
2026-03-01 00:15:00+00:00,66897.296875,67021.0859375,66842.6953125,66842.6953125,497995776,0.0,0.0
2026-03-01 00:30:00+00:00,66796.265625,66834.296875,66663.9296875,66667.78125,341630976,0.0,0.0
2026-03-01 00:45:00+00:00,66663.75,66869.171875,66663.75,66821.7734375,196636672,0.0,0.0
2026-03-01 01:00:00+00:00,66680.6640625,66758.3359375,66237.0390625,66301.84375,415920128,0.0,0.0
2026-03-01 01:15:00+00:00,66311.625,66460.15625,66115.8828125,66348.6796875,2224676864,0.0,0.0
2026-03-01 01:30:00+00:00,66361.1796875,66719.0703125,66332.7578125,66683.4140625,108347392,0.0,0.0
2026-03-01 01:45:00+00:00,66639.1015625,67577.9375,66639.1015625,67271.4453125,1186045952,0.0,0.0
2026-03-01 02:00:00+00:00,67334.71875,68143.15625,67334.71875,67917.1328125,1139183616,0.0,0.0
2026-03-01 02:15:00+00:00,67974.09375,67974.09375,67686.546875,67787.4296875,260440064,0.0,0.0
2026-03-01 02:30:00+00:00,67786.796875,68053.8671875,67714.296875,68053.8671875,740380672,0.0,0.0
2026-03-01 02:45:00+00:00,68088.3359375,68134.0078125,67666.421875,67667.5390625,788799488,0.0,0.0
2026-03-01 03:00:00+00:00,67647.1015625,67805.3046875,67641.3203125,67744.2109375,98488320,0.0,0.0
2026-03-01 03:15:00+00:00,67719.453125,67741.1015625,67435.140625,67590.1171875,946663424,0.0,0.0
2026-03-01 03:30:00+00:00,67568.4296875,67602.953125,67482.90625,67602.953125,237387776,0.0,0.0
2026-03-01 03:45:00+00:00,67633.2265625,67665.6484375,67487.265625,67487.265625,102727680,0.0,0.0
2026-03-01 04:00:00+00:00,67574.7109375,67592.6796875,67369.3828125,67387.046875,1031643136,0.0,0.0
2026-03-01 04:15:00+00:00,67314.0078125,67339.4375,67103.2421875,67339.4375,221048832,0.0,0.0
2026-03-01 04:30:00+00:00,67330.9609375,67427.765625,67282.5078125,67427.765625,776757248,0.0,0.0
2026-03-01 04:45:00+00:00,67415.734375,67415.734375,67314.8828125,67314.8828125,221245440,0.0,0.0
2026-03-01 05:00:00+00:00,67341.25,67431.8359375,67239.46875,67410.6875,592183296,0.0,0.0
2026-03-01 05:15:00+00:00,67342.6796875,67546.90625,67342.6796875,67464.046875,311324672,0.0,0.0
2026-03-01 05:30:00+00:00,67455.3515625,67547.921875,67455.3515625,67458.59375,947679232,0.0,0.0
2026-03-01 05:45:00+00:00,67397.984375,67417.25,67311.234375,67322.9296875,29949952,0.0,0.0
2026-03-01 06:00:00+00:00,67311.671875,67322.359375,66991.46875,67064.0078125,27197440,0.0,0.0
2026-03-01 06:15:00+00:00,67092.71875,67141.5390625,66998.4765625,67141.5390625,743006208,0.0,0.0
2026-03-01 06:30:00+00:00,67056.09375,67071.7421875,66833.4140625,66833.4140625,0,0.0,0.0
2026-03-01 06:45:00+00:00,66927.7734375,66953.0625,66842.2890625,66941.3515625,0,0.0,0.0
2026-03-01 07:00:00+00:00,66935.0703125,67038.2734375,66793.0625,67026.78125,0,0.0,0.0
2026-03-01 07:15:00+00:00,67033.515625,67081.078125,66982.2109375,66990.71875,0,0.0,0.0
2026-03-01 07:30:00+00:00,66988.3984375,67206.7734375,66926.5625,67105.515625,282161152,0.0,0.0
2026-03-01 07:45:00+00:00,67140.078125,67161.890625,67103.0859375,67120.640625,0,0.0,0.0
2026-03-01 08:00:00+00:00,67143.484375,67259.2421875,66935.078125,67259.2421875,429420544,0.0,0.0
2026-03-01 08:15:00+00:00,67262.1171875,67279.4765625,67146.8359375,67279.4765625,43143168,0.0,0.0
2026-03-01 08:30:00+00:00,67227.203125,67238.8359375,67166.90625,67181.984375,90824704,0.0,0.0
2026-03-01 08:45:00+00:00,67163.46875,67163.46875,66528.609375,66539.4453125,401223680,0.0,0.0
2026-03-01 09:00:00+00:00,66554.5234375,66673.7109375,66489.3828125,66610.65625,375689216,0.0,0.0
2026-03-01 09:15:00+00:00,66578.828125,66724.671875,66570.0078125,66614.640625,21024768,0.0,0.0
2026-03-01 09:30:00+00:00,66629.5390625,66629.5390625,66322.1015625,66322.1015625,69218304,0.0,0.0
2026-03-01 09:45:00+00:00,66308.765625,66417.140625,66305.125,66373.390625,794202112,0.0,0.0
2026-03-01 10:00:00+00:00,66458.4609375,66516.8828125,66299.078125,66516.8828125,516849664,0.0,0.0
2026-03-01 10:15:00+00:00,66527.875,66594.15625,66462.6015625,66575.140625,0,0.0,0.0
2026-03-01 10:30:00+00:00,66580.265625,66727.0,66472.140625,66510.5078125,29675520,0.0,0.0
2026-03-01 10:45:00+00:00,66400.2265625,66522.203125,66400.2265625,66472.515625,613920768,0.0,0.0
2026-03-01 11:00:00+00:00,66491.125,66518.875,66453.8515625,66504.796875,0,0.0,0.0
2026-03-01 11:15:00+00:00,66512.5703125,66631.5546875,66512.5703125,66571.015625,0,0.0,0.0
2026-03-01 11:30:00+00:00,66560.984375,66568.15625,66461.1875,66495.484375,6750208,0.0,0.0
2026-03-01 11:45:00+00:00,66465.265625,66489.484375,66401.1875,66468.6328125,368668672,0.0,0.0
2026-03-01 12:00:00+00:00,66467.8359375,66537.9609375,66449.7578125,66513.8046875,0,0.0,0.0
2026-03-01 12:15:00+00:00,66507.6015625,66534.359375,66438.3515625,66438.3515625,0,0.0,0.0
2026-03-01 12:30:00+00:00,66421.90625,66509.0390625,66254.0859375,66509.0390625,0,0.0,0.0
2026-03-01 12:45:00+00:00,66487.3671875,66487.3671875,66325.9609375,66342.71875,123359232,0.0,0.0
2026-03-01 13:00:00+00:00,66313.9296875,66388.25,66313.9296875,66369.4375,42999808,0.0,0.0
2026-03-01 13:15:00+00:00,66359.9375,66393.6640625,66168.3359375,66332.1015625,0,0.0,0.0
2026-03-01 13:30:00+00:00,66325.515625,66364.5546875,66283.71875,66364.5546875,162885632,0.0,0.0
2026-03-01 13:45:00+00:00,66359.0390625,67175.6640625,66359.0390625,66990.5078125,0,0.0,0.0
2026-03-01 14:00:00+00:00,66947.65625,67292.4140625,66883.21875,67141.3515625,538329088,0.0,0.0
2026-03-01 14:15:00+00:00,67024.5078125,67076.2109375,66803.53125,66939.7734375,72413184,0.0,0.0
2026-03-01 14:30:00+00:00,66915.96875,66989.8359375,66790.4296875,66820.546875,147296256,0.0,0.0
2026-03-01 14:45:00+00:00,66831.515625,66940.6484375,66799.453125,66875.765625,91279360,0.0,0.0
2026-03-01 15:00:00+00:00,66852.8203125,67048.9765625,66852.8203125,67048.9765625,165568512,0.0,0.0
2026-03-01 15:15:00+00:00,67088.265625,67221.40625,67039.3828125,67176.78125,57495552,0.0,0.0
2026-03-01 15:30:00+00:00,67134.2578125,67206.96875,67103.5078125,67178.9296875,9617408,0.0,0.0
2026-03-01 15:45:00+00:00,67202.890625,67234.2578125,66880.40625,66880.40625,534413312,0.0,0.0
2026-03-01 16:00:00+00:00,66834.2734375,67006.09375,66834.2734375,67006.09375,349032448,0.0,0.0
2026-03-01 16:15:00+00:00,66957.765625,67071.46875,66853.8671875,67055.5859375,153321472,0.0,0.0
2026-03-01 16:30:00+00:00,67040.515625,67050.890625,66898.1875,66898.1875,62476288,0.0,0.0
2026-03-01 16:45:00+00:00,66759.9296875,66759.9296875,66030.953125,66168.8828125,751001600,0.0,0.0
2026-03-01 17:00:00+00:00,66168.1875,66208.25,66109.0546875,66109.0546875,256512000,0.0,0.0
2026-03-01 17:15:00+00:00,66123.7265625,66123.7265625,65762.59375,66004.0390625,217862144,0.0,0.0
2026-03-01 17:30:00+00:00,66003.234375,66096.7421875,65949.8828125,66064.578125,239681536,0.0,0.0
2026-03-01 17:45:00+00:00,66039.1328125,66104.9375,65967.453125,66061.0078125,187449344,0.0,0.0
2026-03-01 18:00:00+00:00,66000.0078125,66540.5703125,66000.0078125,66427.34375,88645632,0.0,0.0
2026-03-01 18:15:00+00:00,66487.359375,66602.0078125,66392.96875,66410.015625,390807552,0.0,0.0
2026-03-01 18:30:00+00:00,66420.2421875,66425.3828125,66274.484375,66402.7421875,544260096,0.0,0.0
2026-03-01 18:45:00+00:00,66374.65625,66401.1875,66297.5,66302.34375,0,0.0,0.0
2026-03-01 19:00:00+00:00,66313.4453125,66342.96875,66182.578125,66182.578125,0,0.0,0.0
2026-03-01 19:15:00+00:00,66046.4453125,66067.484375,65978.2265625,66025.1796875,0,0.0,0.0
2026-03-01 19:30:00+00:00,66016.7734375,66055.6796875,65920.7734375,65920.7734375,131940352,0.0,0.0
2026-03-01 19:45:00+00:00,65811.1875,65963.5390625,65811.1875,65957.3046875,0,0.0,0.0
2026-03-01 20:00:00+00:00,65962.25,65962.25,65459.47265625,65459.47265625,164638720,0.0,0.0
2026-03-01 20:15:00+00:00,65483.59375,65545.2421875,65401.265625,65401.265625,105234432,0.0,0.0
2026-03-01 20:30:00+00:00,65408.02734375,65408.02734375,65114.421875,65184.38671875,1404735488,0.0,0.0
2026-03-01 20:45:00+00:00,65245.375,65386.8828125,65218.15234375,65328.14453125,47054848,0.0,0.0
2026-03-01 21:00:00+00:00,65330.88671875,65522.0,65329.12109375,65522.0,0,0.0,0.0
2026-03-01 21:15:00+00:00,65530.78515625,65669.546875,65505.61328125,65560.171875,42430464,0.0,0.0
2026-03-01 21:30:00+00:00,65604.796875,65686.6796875,65555.078125,65610.1328125,394907648,0.0,0.0
2026-03-01 21:45:00+00:00,65676.359375,65743.03125,65601.640625,65743.03125,0,0.0,0.0
2026-03-01 22:00:00+00:00,65692.3515625,66327.6328125,65562.2265625,66327.6328125,107778048,0.0,0.0
2026-03-01 22:15:00+00:00,66058.6875,66141.4296875,65789.5546875,65839.53125,272920576,0.0,0.0
2026-03-01 22:30:00+00:00,65877.859375,65898.96875,65175.421875,65423.41796875,71512064,0.0,0.0
2026-03-01 22:45:00+00:00,65309.59765625,65352.94140625,65123.96484375,65249.9296875,620662784,0.0,0.0
2026-03-01 23:00:00+00:00,65230.65625,66023.015625,65230.65625,65833.34375,881762304,0.0,0.0
2026-03-01 23:15:00+00:00,65836.3984375,65836.3984375,65650.0859375,65650.0859375,388730880,0.0,0.0
2026-03-01 23:30:00+00:00,65643.8984375,65825.59375,65640.03125,65732.046875,257482752,0.0,0.0
2026-03-01 23:45:00+00:00,65709.3203125,65840.4921875,65696.296875,65734.078125,234598400,0.0,0.0
2026-03-02 00:00:00+00:00,65758.1015625,66170.28125,65758.1015625,66049.046875,67973120,0.0,0.0
2026-03-02 00:15:00+00:00,66013.984375,66038.6953125,65849.5078125,65893.484375,240754688,0.0,0.0
2026-03-02 00:30:00+00:00,65957.6796875,66246.0546875,65957.6796875,66246.0546875,15917056,0.0,0.0
2026-03-02 00:45:00+00:00,66486.8671875,66667.203125,66486.8671875,66532.3828125,960430080,0.0,0.0
2026-03-02 01:00:00+00:00,66503.2890625,66998.765625,66422.015625,66967.7109375,58892288,0.0,0.0
2026-03-02 01:15:00+00:00,66918.4140625,66981.328125,66593.2421875,66631.5234375,1000271872,0.0,0.0
2026-03-02 01:30:00+00:00,66604.2890625,66698.8203125,66544.640625,66632.578125,1249456128,0.0,0.0
2026-03-02 01:45:00+00:00,66599.5390625,66654.6171875,66493.5390625,66532.8046875,0,0.0,0.0
2026-03-02 02:00:00+00:00,66538.0234375,66583.21875,65946.2890625,66065.5859375,265453568,0.0,0.0
2026-03-02 02:15:00+00:00,66108.0234375,66252.109375,66095.3203125,66219.5859375,73973760,0.0,0.0
2026-03-02 02:30:00+00:00,66215.328125,66425.625,66200.5078125,66318.2265625,0,0.0,0.0
2026-03-02 02:45:00+00:00,66324.0546875,66381.2890625,66253.9453125,66341.1875,0,0.0,0.0
2026-03-02 03:00:00+00:00,66289.5390625,66543.515625,66164.34375,66543.515625,0,0.0,0.0
2026-03-02 03:15:00+00:00,66508.53125,66820.296875,66508.53125,66820.296875,766976000,0.0,0.0
2026-03-02 03:30:00+00:00,66787.84375,66956.546875,66752.765625,66922.453125,230461440,0.0,0.0
2026-03-02 03:45:00+00:00,66898.703125,66977.2578125,66826.21875,66826.21875,83316736,0.0,0.0
2026-03-02 04:00:00+00:00,66820.390625,66820.390625,66697.8125,66749.7109375,23638016,0.0,0.0
2026-03-02 04:15:00+00:00,66723.1875,66916.015625,66722.640625,66911.4453125,0,0.0,0.0
2026-03-02 04:30:00+00:00,66942.625,66962.8359375,66784.078125,66811.078125,75673600,0.0,0.0
2026-03-02 04:45:00+00:00,66822.125,66822.125,66657.203125,66791.6953125,116539392,0.0,0.0
2026-03-02 05:00:00+00:00,66841.4296875,66841.4296875,66609.2578125,66715.6015625,300441600,0.0,0.0
2026-03-02 05:15:00+00:00,66718.0,66807.0859375,66633.796875,66694.46875,50102272,0.0,0.0
2026-03-02 05:30:00+00:00,66676.7421875,66855.03125,66676.7421875,66855.03125,77467648,0.0,0.0
2026-03-02 05:45:00+00:00,66972.796875,66972.796875,66779.3671875,66789.375,177917952,0.0,0.0
2026-03-02 06:00:00+00:00,66712.28125,66712.28125,66540.1796875,66602.890625,96038912,0.0,0.0
2026-03-02 06:15:00+00:00,66607.28125,66607.28125,66145.0625,66220.5234375,116486144,0.0,0.0
2026-03-02 06:30:00+00:00,66285.1796875,66312.6484375,66204.4921875,66277.2734375,165498880,0.0,0.0
2026-03-02 06:45:00+00:00,66266.3125,66266.3125,66103.8046875,66230.34375,196784128,0.0,0.0
2026-03-02 07:00:00+00:00,66211.453125,66211.453125,65711.734375,65756.171875,0,0.0,0.0
2026-03-02 07:15:00+00:00,65698.0,65801.6640625,65567.609375,65798.6953125,1139236864,0.0,0.0
2026-03-02 07:30:00+00:00,65820.0546875,65966.1015625,65784.4140625,65945.7109375,288829440,0.0,0.0
2026-03-02 07:45:00+00:00,65964.390625,65982.9609375,65927.09375,65960.0234375,48062464,0.0,0.0
2026-03-02 08:00:00+00:00,65977.1953125,65977.1953125,65751.8359375,65875.03125,94728192,0.0,0.0
2026-03-02 08:15:00+00:00,66053.1015625,66053.1015625,65695.4375,65695.4375,211542016,0.0,0.0
2026-03-02 08:30:00+00:00,65713.09375,65997.4375,65713.09375,65997.4375,249257984,0.0,0.0
2026-03-02 08:45:00+00:00,65983.4140625,66291.421875,65983.4140625,66252.703125,0,0.0,0.0
2026-03-02 09:00:00+00:00,66274.4453125,66440.0390625,66218.4609375,66417.640625,21110784,0.0,0.0
2026-03-02 09:15:00+00:00,66399.9765625,66577.0703125,66399.9765625,66452.25,31641600,0.0,0.0
2026-03-02 09:30:00+00:00,66425.1171875,66506.875,66351.3125,66351.3125,1148248064,0.0,0.0
2026-03-02 09:45:00+00:00,66407.2109375,66407.2109375,66237.2890625,66237.2890625,585580544,0.0,0.0
2026-03-02 10:00:00+00:00,66162.609375,66340.4609375,66118.3671875,66122.6484375,95076352,0.0,0.0
2026-03-02 10:15:00+00:00,66138.125,66228.796875,66138.125,66224.5390625,782458880,0.0,0.0
2026-03-02 10:30:00+00:00,66259.5390625,66315.9296875,66197.0625,66259.453125,393449472,0.0,0.0
2026-03-02 10:45:00+00:00,66254.46875,66262.90625,66187.2578125,66262.90625,134782976,0.0,0.0
2026-03-02 11:00:00+00:00,66301.546875,66301.546875,66080.40625,66157.0859375,155111424,0.0,0.0
2026-03-02 11:15:00+00:00,66119.1640625,66193.984375,66063.90625,66124.7421875,549871616,0.0,0.0
2026-03-02 11:30:00+00:00,66077.90625,66324.6171875,66077.4296875,66324.6171875,535035904,0.0,0.0
2026-03-02 11:45:00+00:00,66336.703125,66439.4375,66271.9765625,66305.390625,957677568,0.0,0.0
2026-03-02 12:00:00+00:00,66339.2109375,66388.640625,66268.8515625,66321.4609375,0,0.0,0.0
2026-03-02 12:15:00+00:00,66322.796875,66322.796875,66122.140625,66135.09375,59985920,0.0,0.0
2026-03-02 12:30:00+00:00,66133.5078125,66133.5078125,65986.578125,65997.1484375,223014912,0.0,0.0
2026-03-02 12:45:00+00:00,65986.0,66041.9140625,65928.59375,65961.5625,410812416,0.0,0.0
2026-03-02 13:00:00+00:00,65962.65625,65972.90625,65845.6640625,65883.9375,164978688,0.0,0.0
2026-03-02 13:15:00+00:00,65832.4453125,66103.5,65821.25,65821.25,1004584960,0.0,0.0
2026-03-02 13:30:00+00:00,65799.125,65903.7578125,65550.5703125,65558.1953125,250449920,0.0,0.0
2026-03-02 13:45:00+00:00,65569.7578125,65575.9453125,65370.5,65444.7578125,911970304,0.0,0.0
2026-03-02 14:00:00+00:00,65452.21875,65568.046875,65309.109375,65568.046875,107790336,0.0,0.0
2026-03-02 14:15:00+00:00,65601.7109375,65626.3828125,65412.328125,65626.3828125,26603520,0.0,0.0
2026-03-02 14:30:00+00:00,65586.046875,66500.1796875,65586.046875,66500.1796875,1119772672,0.0,0.0
2026-03-02 14:45:00+00:00,66624.1953125,67189.2890625,66531.9140625,67064.1328125,1252884480,0.0,0.0
2026-03-02 15:00:00+00:00,67106.796875,68321.84375,67076.1953125,68321.84375,1488789504,0.0,0.0
2026-03-02 15:15:00+00:00,68364.9375,68727.9921875,68364.9375,68576.1015625,1793261568,0.0,0.0
2026-03-02 15:30:00+00:00,68508.5546875,69516.6953125,68479.390625,69516.6953125,1451646976,0.0,0.0
2026-03-02 15:45:00+00:00,69532.4140625,69532.4140625,68960.5234375,69062.390625,1265512448,0.0,0.0
2026-03-02 16:00:00+00:00,69127.8203125,69761.90625,69022.0234375,69625.5546875,1003393024,0.0,0.0
2026-03-02 16:15:00+00:00,69642.9765625,69642.9765625,69382.6953125,69382.6953125,1353330688,0.0,0.0
2026-03-02 16:30:00+00:00,69374.4296875,69655.90625,69109.484375,69655.90625,829014016,0.0,0.0
2026-03-02 16:45:00+00:00,69882.3359375,70024.0625,69511.75,69511.75,1693368320,0.0,0.0
2026-03-02 17:00:00+00:00,69455.71875,69491.5625,69331.1015625,69417.3828125,132317184,0.0,0.0
2026-03-02 17:15:00+00:00,69449.703125,69491.8828125,69219.703125,69371.46875,425123840,0.0,0.0
2026-03-02 17:30:00+00:00,69415.0390625,69431.8203125,68874.625,68874.625,190922752,0.0,0.0
2026-03-02 17:45:00+00:00,68857.4453125,69190.3984375,68857.4453125,69117.0234375,572702720,0.0,0.0
2026-03-02 18:00:00+00:00,69182.984375,69182.984375,68829.765625,69094.3046875,193212416,0.0,0.0
2026-03-02 18:15:00+00:00,69175.2265625,69176.125,69022.5078125,69171.328125,314605568,0.0,0.0
2026-03-02 18:30:00+00:00,69100.9765625,69227.859375,68986.6796875,69105.53125,38780928,0.0,0.0
2026-03-02 18:45:00+00:00,69090.3359375,69151.6328125,68984.875,68984.875,543096832,0.0,0.0
2026-03-02 19:00:00+00:00,68891.8046875,68919.84375,68620.5,68711.53125,387698688,0.0,0.0
2026-03-02 19:15:00+00:00,68751.0,68947.7421875,68751.0,68829.1328125,411705344,0.0,0.0
2026-03-02 19:30:00+00:00,68834.5546875,69030.9140625,68785.90625,68852.1484375,245391360,0.0,0.0
2026-03-02 19:45:00+00:00,68801.953125,68977.3203125,68787.125,68949.6328125,163659776,0.0,0.0
2026-03-02 20:00:00+00:00,68963.578125,69186.7734375,68676.7734375,68711.7265625,135258112,0.0,0.0
2026-03-02 20:15:00+00:00,68741.4453125,69047.515625,68741.4453125,69047.515625,279736320,0.0,0.0
2026-03-02 20:30:00+00:00,69009.609375,69200.53125,69003.0703125,69200.53125,224808960,0.0,0.0
2026-03-02 20:45:00+00:00,69232.8828125,69450.2265625,69232.8828125,69291.546875,202645504,0.0,0.0
2026-03-02 21:00:00+00:00,69171.9765625,69233.8125,69052.0859375,69189.3671875,207208448,0.0,0.0
2026-03-02 21:15:00+00:00,69304.671875,69402.0546875,69218.3515625,69358.65625,136548352,0.0,0.0
2026-03-02 21:30:00+00:00,69433.5390625,69452.671875,69388.4375,69440.0625,10588160,0.0,0.0
2026-03-02 21:45:00+00:00,69460.2734375,69525.984375,69415.15625,69425.90625,31600640,0.0,0.0
2026-03-02 22:00:00+00:00,69429.8828125,69497.6640625,69333.8671875,69333.8671875,1169637376,0.0,0.0
2026-03-02 22:15:00+00:00,69262.953125,69372.3046875,69187.3359375,69372.3046875,0,0.0,0.0
2026-03-02 22:30:00+00:00,69375.921875,69409.75,69322.2890625,69368.96875,424382464,0.0,0.0
2026-03-02 22:45:00+00:00,69383.90625,69426.0078125,69287.0390625,69370.515625,229883904,0.0,0.0
2026-03-02 23:00:00+00:00,69395.6796875,69449.265625,69279.4765625,69279.4765625,0,0.0,0.0
2026-03-02 23:15:00+00:00,69234.2109375,69258.09375,69030.8984375,69030.8984375,69943296,0.0,0.0
2026-03-02 23:30:00+00:00,69029.890625,69029.890625,68816.0390625,68839.0859375,312745984,0.0,0.0
2026-03-02 23:45:00+00:00,68789.625,68941.0546875,68785.078125,68785.078125,279187456,0.0,0.0
2026-03-03 00:00:00+00:00,68804.5859375,68978.0546875,68804.3515625,68812.5859375,100139008,0.0,0.0
2026-03-03 00:15:00+00:00,68800.3984375,68865.4453125,68701.4375,68767.8671875,267177984,0.0,0.0
2026-03-03 00:30:00+00:00,68800.3125,69151.0859375,68746.40625,69149.15625,169967616,0.0,0.0
2026-03-03 00:45:00+00:00,69111.640625,69137.015625,68931.1796875,69013.921875,935219200,0.0,0.0
2026-03-03 01:00:00+00:00,69103.2265625,69220.9921875,68977.7421875,69175.6640625,156106752,0.0,0.0
2026-03-03 01:15:00+00:00,69158.9921875,69158.9921875,68899.4921875,68981.625,99700736,0.0,0.0
2026-03-03 01:30:00+00:00,68915.1875,68999.375,68805.8046875,68990.21875,194826240,0.0,0.0
2026-03-03 01:45:00+00:00,69020.0546875,69023.5390625,68799.0078125,68807.1796875,0,0.0,0.0
2026-03-03 02:00:00+00:00,68753.421875,68753.421875,68497.0546875,68648.8515625,1142468608,0.0,0.0
2026-03-03 02:15:00+00:00,68617.8359375,68620.0625,68266.515625,68440.671875,331051008,0.0,0.0
2026-03-03 02:30:00+00:00,68432.1640625,68500.796875,68377.1953125,68436.625,346718208,0.0,0.0
2026-03-03 02:45:00+00:00,68448.6875,68592.265625,68448.6875,68532.8984375,143159296,0.0,0.0
2026-03-03 03:00:00+00:00,68524.828125,68524.828125,68336.15625,68445.34375,184029184,0.0,0.0
2026-03-03 03:15:00+00:00,68452.8984375,68457.9921875,68250.2578125,68389.5625,262963200,0.0,0.0
2026-03-03 03:30:00+00:00,68405.84375,68484.265625,68344.9140625,68411.9453125,18812928,0.0,0.0
2026-03-03 03:45:00+00:00,68407.5234375,68407.5234375,68319.546875,68360.0859375,192102400,0.0,0.0
2026-03-03 04:00:00+00:00,68364.46875,68429.125,68328.328125,68426.8125,0,0.0,0.0
2026-03-03 04:15:00+00:00,68356.6953125,68368.5546875,68288.125,68315.578125,223092736,0.0,0.0
2026-03-03 04:30:00+00:00,68309.6328125,68368.5859375,68183.7421875,68183.7421875,0,0.0,0.0
2026-03-03 04:45:00+00:00,68183.9609375,68185.7421875,68053.5078125,68106.1875,304685056,0.0,0.0
2026-03-03 05:00:00+00:00,68111.9296875,68304.5,68096.703125,68261.7421875,12201984,0.0,0.0
2026-03-03 05:15:00+00:00,68364.046875,68525.1953125,68328.78125,68416.9921875,79634432,0.0,0.0
2026-03-03 05:30:00+00:00,68403.96875,68403.96875,68098.6875,68122.9921875,352649216,0.0,0.0
2026-03-03 05:45:00+00:00,68088.9921875,68096.546875,67864.109375,67875.953125,343093248,0.0,0.0
2026-03-03 06:00:00+00:00,67938.8359375,67992.65625,67854.296875,67873.4296875,263045120,0.0,0.0
2026-03-03 06:15:00+00:00,67943.5859375,67981.703125,67881.4296875,67933.390625,503808,0.0,0.0
2026-03-03 06:30:00+00:00,67898.8046875,67955.8515625,67873.4765625,67955.8515625,292601856,0.0,0.0
2026-03-03 06:45:00+00:00,67984.7890625,68093.921875,67834.8125,68093.921875,52760576,0.0,0.0
2026-03-03 07:00:00+00:00,68125.5,68125.5,67954.1875,68034.9609375,410677248,0.0,0.0
2026-03-03 07:15:00+00:00,68145.375,68228.6640625,68120.1640625,68208.9140625,145985536,0.0,0.0
2026-03-03 07:30:00+00:00,68232.953125,68232.953125,68068.0,68172.453125,151429120,0.0,0.0
2026-03-03 07:45:00+00:00,68205.546875,68240.46875,68157.3515625,68182.3203125,462344192,0.0,0.0
2026-03-03 08:00:00+00:00,68172.9140625,68248.921875,68144.6484375,68191.71875,10899456,0.0,0.0
2026-03-03 08:15:00+00:00,67982.125,68062.078125,67768.03125,67798.5,148549632,0.0,0.0
2026-03-03 08:30:00+00:00,67755.5625,67755.5625,67360.7734375,67360.7734375,377876480,0.0,0.0
2026-03-03 08:45:00+00:00,67332.4609375,67332.4609375,66930.7265625,66989.2109375,342220800,0.0,0.0
2026-03-03 09:00:00+00:00,66983.265625,67107.046875,66983.265625,67067.1953125,739123200,0.0,0.0
2026-03-03 09:15:00+00:00,67099.828125,67101.90625,66607.359375,66607.359375,158498816,0.0,0.0
2026-03-03 09:30:00+00:00,66623.5703125,66663.4140625,66401.0546875,66544.4375,551206912,0.0,0.0
2026-03-03 09:45:00+00:00,66543.640625,66648.625,66409.625,66648.625,221184,0.0,0.0
2026-03-03 10:00:00+00:00,66641.0,66641.0,66487.8984375,66521.7578125,446369792,0.0,0.0
2026-03-03 10:15:00+00:00,66485.703125,66671.6796875,66451.46875,66520.15625,622714880,0.0,0.0
2026-03-03 10:30:00+00:00,66502.6640625,66647.4453125,66491.9921875,66640.9453125,146948096,0.0,0.0
2026-03-03 10:45:00+00:00,66684.640625,66879.2890625,66684.640625,66712.203125,159748096,0.0,0.0
2026-03-03 11:00:00+00:00,66834.5703125,66997.8125,66826.53125,66954.6171875,499613696,0.0,0.0
2026-03-03 11:15:00+00:00,66920.40625,66954.84375,66774.7109375,66876.953125,4947968,0.0,0.0
2026-03-03 11:30:00+00:00,66842.0625,67060.7890625,66842.0625,67029.75,392167424,0.0,0.0
2026-03-03 11:45:00+00:00,67067.671875,67145.9609375,66964.3046875,67054.8515625,165273600,0.0,0.0
2026-03-03 12:00:00+00:00,67075.09375,67754.734375,67075.09375,67754.734375,404713472,0.0,0.0
2026-03-03 12:15:00+00:00,67715.640625,67715.640625,67426.5,67548.5546875,777277440,0.0,0.0
2026-03-03 12:30:00+00:00,67575.34375,67575.34375,67322.2890625,67338.046875,55635968,0.0,0.0
2026-03-03 12:45:00+00:00,67347.75,67427.0390625,67268.515625,67396.375,244428800,0.0,0.0
2026-03-03 13:00:00+00:00,67390.3828125,67390.3828125,67049.8359375,67049.8359375,147562496,0.0,0.0
2026-03-03 13:15:00+00:00,67110.6328125,67146.8125,67047.703125,67116.3671875,0,0.0,0.0
2026-03-03 13:30:00+00:00,67054.0078125,67054.0078125,66889.8984375,66889.8984375,185155584,0.0,0.0
2026-03-03 13:45:00+00:00,66701.734375,66931.0,66688.3203125,66931.0,0,0.0,0.0
2026-03-03 14:00:00+00:00,66893.0078125,67209.765625,66893.0078125,67160.234375,0,0.0,0.0
2026-03-03 14:15:00+00:00,67145.0546875,67316.59375,67095.2265625,67123.140625,220143616,0.0,0.0
2026-03-03 14:30:00+00:00,67112.859375,67264.328125,66629.0234375,66629.0234375,0,0.0,0.0
2026-03-03 14:45:00+00:00,66462.140625,66776.5390625,66317.4453125,66571.3359375,110854144,0.0,0.0
2026-03-03 15:00:00+00:00,66565.7734375,66737.5234375,66565.7734375,66728.0390625,724467712,0.0,0.0
2026-03-03 15:15:00+00:00,66840.484375,66997.7421875,66577.421875,66820.46875,0,0.0,0.0
2026-03-03 15:30:00+00:00,66819.2265625,67701.859375,66819.2265625,67660.1171875,0,0.0,0.0
2026-03-03 15:45:00+00:00,67510.6796875,67766.3203125,67510.6796875,67582.1015625,59482112,0.0,0.0
2026-03-03 16:00:00+00:00,67747.265625,68549.4140625,67703.359375,68356.90625,0,0.0,0.0
2026-03-03 16:15:00+00:00,68414.2109375,68938.3828125,68371.234375,68869.2890625,301735936,0.0,0.0
2026-03-03 16:30:00+00:00,68833.71875,68833.71875,67617.75,67617.75,0,0.0,0.0
2026-03-03 16:45:00+00:00,67712.2578125,68444.4296875,67712.2578125,68285.9375,108421120,0.0,0.0
2026-03-03 17:00:00+00:00,68121.453125,68121.453125,67760.21875,67760.21875,44285952,0.0,0.0
2026-03-03 17:15:00+00:00,67923.6640625,68253.0703125,67907.5546875,68195.0234375,315576320,0.0,0.0
2026-03-03 17:30:00+00:00,68153.8046875,68154.078125,67829.4140625,68154.078125,0,0.0,0.0
2026-03-03 17:45:00+00:00,68157.5390625,68354.9296875,68049.640625,68309.140625,1312751616,0.0,0.0
2026-03-03 18:00:00+00:00,68316.7890625,68428.9765625,68010.4296875,68010.4296875,31363072,0.0,0.0
2026-03-03 18:15:00+00:00,68100.84375,68575.8828125,68100.84375,68566.4453125,257163264,0.0,0.0
2026-03-03 18:30:00+00:00,68511.828125,68828.2734375,68492.890625,68736.8125,390369280,0.0,0.0
2026-03-03 18:45:00+00:00,68680.65625,68751.8984375,68587.640625,68679.78125,161230848,0.0,0.0
2026-03-03 19:00:00+00:00,68634.2734375,68689.515625,68385.25,68587.8359375,0,0.0,0.0
2026-03-03 19:15:00+00:00,68654.71875,68887.421875,68526.625,68655.859375,345690112,0.0,0.0
2026-03-03 19:30:00+00:00,68675.1953125,68737.4375,68375.7734375,68645.015625,137461760,0.0,0.0
2026-03-03 19:45:00+00:00,68703.3359375,68720.6015625,68455.4296875,68455.4296875,256180224,0.0,0.0
2026-03-03 20:00:00+00:00,68455.8125,68487.5546875,68260.2734375,68260.2734375,22917120,0.0,0.0
2026-03-03 20:15:00+00:00,68251.0625,68410.3125,68241.2265625,68409.546875,1002180608,0.0,0.0
2026-03-03 20:30:00+00:00,68400.9609375,68514.34375,68375.6875,68440.8125,992628736,0.0,0.0
2026-03-03 20:45:00+00:00,68465.9609375,68465.9609375,68119.0859375,68213.5546875,0,0.0,0.0
2026-03-03 21:00:00+00:00,68225.578125,68225.578125,67924.5625,68043.4921875,334807040,0.0,0.0
2026-03-03 21:15:00+00:00,68038.3671875,68106.6640625,67858.7109375,67930.375,29171712,0.0,0.0
2026-03-03 21:30:00+00:00,67927.859375,68043.7109375,67912.859375,68043.7109375,944541696,0.0,0.0
2026-03-03 21:45:00+00:00,68003.5234375,68074.015625,68003.5234375,68064.7890625,1068548096,0.0,0.0
2026-03-03 22:00:00+00:00,68059.0234375,68502.46875,68059.0234375,68327.5625,328740864,0.0,0.0
2026-03-03 22:15:00+00:00,68316.625,68370.9296875,68224.2578125,68272.7578125,55058432,0.0,0.0
2026-03-03 22:30:00+00:00,68228.421875,68368.296875,68228.421875,68331.375,23023616,0.0,0.0
2026-03-03 22:45:00+00:00,68384.25,68384.25,68271.6015625,68271.6015625,0,0.0,0.0
2026-03-03 23:00:00+00:00,68314.2421875,68728.7890625,68308.546875,68728.7890625,0,0.0,0.0
2026-03-03 23:15:00+00:00,68694.609375,68694.609375,68519.9921875,68524.9921875,468631552,0.0,0.0
2026-03-03 23:30:00+00:00,68511.2578125,68574.75,68455.2421875,68497.4140625,0,0.0,0.0
2026-03-03 23:45:00+00:00,68446.5,68448.0234375,68281.9375,68300.28125,0,0.0,0.0
2026-03-04 00:00:00+00:00,68317.765625,68317.765625,68117.4296875,68117.4296875,819822592,0.0,0.0
2026-03-04 00:15:00+00:00,68118.078125,68397.90625,68118.078125,68328.1953125,61919232,0.0,0.0
2026-03-04 00:30:00+00:00,68302.7109375,68302.7109375,67934.5078125,67948.9296875,206520320,0.0,0.0
2026-03-04 00:45:00+00:00,68039.53125,68239.8828125,68038.71875,68185.59375,213159936,0.0,0.0
2026-03-04 01:00:00+00:00,68120.4921875,68245.671875,68068.546875,68225.7890625,221421568,0.0,0.0
2026-03-04 01:15:00+00:00,68147.921875,68173.1953125,68003.03125,68161.96875,307941376,0.0,0.0
2026-03-04 01:30:00+00:00,68279.1875,68881.15625,68279.1875,68825.0546875,424890368,0.0,0.0
2026-03-04 01:45:00+00:00,68713.671875,68713.671875,68400.671875,68423.7578125,465805312,0.0,0.0
2026-03-04 02:00:00+00:00,68417.7890625,68417.7890625,68220.6484375,68306.625,0,0.0,0.0
2026-03-04 02:15:00+00:00,68246.4453125,68287.796875,68082.1640625,68082.1640625,28938240,0.0,0.0
2026-03-04 02:30:00+00:00,68073.921875,68115.3203125,68030.9375,68107.2421875,103137280,0.0,0.0
2026-03-04 02:45:00+00:00,68135.75,68367.6328125,68122.9375,68309.296875,38912000,0.0,0.0
2026-03-04 03:00:00+00:00,68316.03125,68316.03125,68127.890625,68304.7109375,300388352,0.0,0.0
2026-03-04 03:15:00+00:00,68307.9921875,68326.6796875,68012.6015625,68012.6015625,38588416,0.0,0.0
2026-03-04 03:30:00+00:00,67935.765625,67935.765625,67449.2734375,67494.8828125,380133376,0.0,0.0
2026-03-04 03:45:00+00:00,67579.2890625,67669.0625,67577.4609375,67669.0625,500178944,0.0,0.0
2026-03-04 04:00:00+00:00,67778.3828125,67911.5859375,67655.7421875,67831.4609375,65351680,0.0,0.0
2026-03-04 04:15:00+00:00,67832.8203125,67832.8203125,67604.4765625,67641.140625,227893248,0.0,0.0
2026-03-04 04:30:00+00:00,67626.09375,67632.6171875,67496.234375,67576.515625,331190272,0.0,0.0
2026-03-04 04:45:00+00:00,67655.1953125,67833.15625,67616.7421875,67811.9609375,262254592,0.0,0.0
2026-03-04 05:00:00+00:00,67813.625,67865.9609375,67732.5234375,67862.6328125,140984320,0.0,0.0
2026-03-04 05:15:00+00:00,67855.1875,67930.2578125,67743.8046875,67779.7265625,169816064,0.0,0.0
2026-03-04 05:30:00+00:00,67824.1875,68282.609375,67739.1171875,68282.609375,166641664,0.0,0.0
2026-03-04 05:45:00+00:00,68218.828125,68357.0546875,68160.1875,68270.9296875,502104064,0.0,0.0
2026-03-04 06:00:00+00:00,68209.109375,68216.7578125,68103.3046875,68103.3046875,859987968,0.0,0.0
2026-03-04 06:15:00+00:00,68176.59375,68184.875,68099.5859375,68113.75,35430400,0.0,0.0
2026-03-04 06:30:00+00:00,68114.96875,68591.3984375,68114.96875,68580.1953125,26521600,0.0,0.0
2026-03-04 06:45:00+00:00,68597.109375,68650.125,68483.3515625,68486.2421875,606982144,0.0,0.0
2026-03-04 07:00:00+00:00,68513.90625,68601.2265625,68418.0078125,68418.0078125,114597888,0.0,0.0
2026-03-04 07:15:00+00:00,68408.3828125,68666.7421875,68390.5390625,68666.7421875,115052544,0.0,0.0
2026-03-04 07:30:00+00:00,68731.671875,68875.4140625,68658.953125,68875.4140625,169902080,0.0,0.0
2026-03-04 07:45:00+00:00,68958.171875,69556.46875,68927.9765625,69556.46875,896090112,0.0,0.0
2026-03-04 08:00:00+00:00,69513.703125,69694.640625,69403.4765625,69421.3515625,868868096,0.0,0.0
2026-03-04 08:15:00+00:00,69439.015625,69439.015625,69193.3671875,69292.4921875,430804992,0.0,0.0
2026-03-04 08:30:00+00:00,69318.5703125,69868.2734375,69318.5703125,69868.2734375,51073024,0.0,0.0
2026-03-04 08:45:00+00:00,69913.203125,71028.4296875,69913.203125,71028.4296875,1902649344,0.0,0.0
2026-03-04 09:00:00+00:00,71002.8828125,71230.6640625,70788.203125,71018.0546875,1325301760,0.0,0.0
2026-03-04 09:15:00+00:00,71070.3125,71366.703125,71070.3125,71366.703125,1126174720,0.0,0.0
2026-03-04 09:30:00+00:00,71305.78125,71856.53125,71271.0390625,71855.5625,675151872,0.0,0.0
2026-03-04 09:45:00+00:00,71768.453125,71841.4296875,71398.9140625,71472.7109375,880857088,0.0,0.0
2026-03-04 10:00:00+00:00,71472.7109375,71812.625,71464.15625,71711.6875,465526784,0.0,0.0
2026-03-04 10:15:00+00:00,71653.390625,71673.4375,71402.671875,71484.828125,909631488,0.0,0.0
2026-03-04 10:30:00+00:00,71519.7578125,71519.7578125,71344.859375,71362.15625,240713728,0.0,0.0
2026-03-04 10:45:00+00:00,71325.7734375,71436.546875,71219.5390625,71260.1640625,510087168,0.0,0.0
2026-03-04 11:00:00+00:00,71297.5859375,71426.1328125,71234.4453125,71426.1328125,158248960,0.0,0.0
2026-03-04 11:15:00+00:00,71433.15625,71439.3125,71222.8515625,71222.8515625,11272192,0.0,0.0
2026-03-04 11:30:00+00:00,71239.4453125,71302.4453125,70952.9375,71081.6171875,357777408,0.0,0.0
2026-03-04 11:45:00+00:00,71085.078125,71200.0625,71049.1953125,71131.1171875,1400086528,0.0,0.0
2026-03-04 12:00:00+00:00,71115.9140625,71115.9140625,70855.3359375,70899.3515625,160751616,0.0,0.0
2026-03-04 12:15:00+00:00,70890.2890625,70897.8046875,70673.734375,70709.1640625,113139712,0.0,0.0
2026-03-04 12:30:00+00:00,70634.890625,71026.2109375,70634.0859375,71026.2109375,78794752,0.0,0.0
2026-03-04 12:45:00+00:00,70983.7109375,71339.9921875,70907.5,71339.9921875,644190208,0.0,0.0
2026-03-04 13:00:00+00:00,71340.7265625,71594.09375,71297.953125,71334.4921875,217804800,0.0,0.0
2026-03-04 13:15:00+00:00,71309.6171875,71380.703125,71247.890625,71379.046875,184397824,0.0,0.0
2026-03-04 13:30:00+00:00,71319.296875,71518.484375,71285.203125,71518.484375,2692988928,0.0,0.0
2026-03-04 13:45:00+00:00,71452.0546875,71499.515625,71342.53125,71486.8828125,703037440,0.0,0.0
2026-03-04 14:00:00+00:00,71488.296875,71685.0859375,71451.921875,71685.0859375,170115072,0.0,0.0
2026-03-04 14:15:00+00:00,71804.015625,71970.796875,71603.4453125,71637.9765625,803635200,0.0,0.0
2026-03-04 14:30:00+00:00,71749.671875,72458.796875,71591.3125,71591.3125,965787648,0.0,0.0
2026-03-04 14:45:00+00:00,71434.359375,71767.78125,71370.5390625,71628.4609375,587390976,0.0,0.0
2026-03-04 15:00:00+00:00,71604.0390625,72227.0078125,71604.0390625,72227.0078125,423497728,0.0,0.0
2026-03-04 15:15:00+00:00,72031.984375,72789.4140625,72031.984375,72789.4140625,633532416,0.0,0.0
2026-03-04 15:30:00+00:00,72862.578125,73084.7890625,72689.40625,72743.1796875,1359314944,0.0,0.0
2026-03-04 15:45:00+00:00,72735.7578125,73245.125,72735.7578125,73245.125,551456768,0.0,0.0
2026-03-04 16:00:00+00:00,73404.96875,73417.75,72795.6484375,72795.6484375,309424128,0.0,0.0
2026-03-04 16:15:00+00:00,72861.0703125,73005.3359375,72606.3125,72982.734375,1959526400,0.0,0.0
2026-03-04 16:30:00+00:00,72953.65625,73290.078125,72953.65625,73267.90625,69246976,0.0,0.0
2026-03-04 16:45:00+00:00,73217.4453125,73410.8125,73188.2421875,73410.8125,90710016,0.0,0.0
2026-03-04 17:00:00+00:00,73324.921875,73695.2890625,73251.5,73695.2890625,105525248,0.0,0.0
2026-03-04 17:15:00+00:00,73599.453125,73764.4453125,72999.3125,73004.4140625,402604032,0.0,0.0
2026-03-04 17:30:00+00:00,73166.84375,73260.90625,73121.3984375,73132.1640625,1759715328,0.0,0.0
2026-03-04 17:45:00+00:00,73155.0390625,73382.078125,73155.0390625,73251.6796875,216948736,0.0,0.0
2026-03-04 18:00:00+00:00,73243.8515625,73409.453125,73004.0,73091.546875,1568694272,0.0,0.0
2026-03-04 18:15:00+00:00,73065.7734375,73430.0703125,73065.7734375,73430.0703125,586260480,0.0,0.0
2026-03-04 18:30:00+00:00,73439.578125,73499.0390625,73186.546875,73499.0390625,11665408,0.0,0.0
2026-03-04 18:45:00+00:00,73550.9765625,73695.265625,73462.1875,73596.3359375,393756672,0.0,0.0
2026-03-04 19:00:00+00:00,73645.7421875,73990.390625,73645.7421875,73973.2578125,370524160,0.0,0.0
2026-03-04 19:15:00+00:00,73888.5546875,74041.8125,73625.78125,73625.78125,1054597120,0.0,0.0
2026-03-04 19:30:00+00:00,73570.1953125,73872.1015625,73568.6953125,73756.6875,377864192,0.0,0.0
2026-03-04 19:45:00+00:00,73760.03125,73765.5,73657.3984375,73717.9375,789323776,0.0,0.0
2026-03-04 20:00:00+00:00,73669.5703125,73674.078125,73352.140625,73478.7890625,71835648,0.0,0.0
2026-03-04 20:15:00+00:00,73468.234375,73579.1796875,73347.3828125,73541.7109375,445808640,0.0,0.0
2026-03-04 20:30:00+00:00,73476.40625,73588.1796875,73365.40625,73513.3828125,170246144,0.0,0.0
2026-03-04 20:45:00+00:00,73535.3984375,73535.3984375,73156.828125,73156.828125,168239104,0.0,0.0
2026-03-04 21:00:00+00:00,73110.6328125,73126.203125,72915.9296875,73034.609375,769318912,0.0,0.0
2026-03-04 21:15:00+00:00,73094.953125,73239.5234375,73028.7109375,73239.5234375,118390784,0.0,0.0
2026-03-04 21:30:00+00:00,73183.921875,73323.40625,73138.2578125,73273.4140625,503963648,0.0,0.0
2026-03-04 21:45:00+00:00,73264.890625,73330.890625,73230.3359375,73318.4609375,136028160,0.0,0.0
2026-03-04 22:00:00+00:00,73334.5234375,73524.5,73334.5234375,73335.1640625,344104960,0.0,0.0
2026-03-04 22:15:00+00:00,73276.3203125,73367.546875,73230.4140625,73335.6015625,124952576,0.0,0.0
2026-03-04 22:30:00+00:00,73307.9296875,73307.9296875,72926.546875,72926.546875,58564608,0.0,0.0
2026-03-04 22:45:00+00:00,72929.6875,72929.6875,72665.984375,72755.4453125,267370496,0.0,0.0
2026-03-04 23:00:00+00:00,72710.6875,72811.9375,72691.4765625,72691.4765625,310820864,0.0,0.0
2026-03-04 23:15:00+00:00,72720.8671875,72829.3203125,72539.7265625,72576.90625,276848640,0.0,0.0
2026-03-04 23:30:00+00:00,72538.71875,72716.8515625,72336.9921875,72716.8515625,504324096,0.0,0.0
2026-03-04 23:45:00+00:00,72752.4296875,72815.90625,72633.9375,72670.125,2244976640,0.0,0.0
2026-03-05 00:00:00+00:00,72729.2734375,72817.7578125,72574.9609375,72708.734375,207167488,0.0,0.0
2026-03-05 00:15:00+00:00,72711.4609375,72952.515625,72711.4609375,72846.8125,383213568,0.0,0.0
2026-03-05 00:30:00+00:00,72847.4375,72990.6015625,72797.03125,72909.0234375,66338816,0.0,0.0
2026-03-05 00:45:00+00:00,72905.9921875,72972.6484375,72772.6328125,72822.90625,413007872,0.0,0.0
2026-03-05 01:00:00+00:00,72815.109375,73261.5859375,72734.40625,73261.5859375,470630400,0.0,0.0
2026-03-05 01:15:00+00:00,73166.5703125,73203.5234375,72825.03125,72981.5,497778688,0.0,0.0
2026-03-05 01:30:00+00:00,72951.875,72951.875,72668.9921875,72668.9921875,328179712,0.0,0.0
2026-03-05 01:45:00+00:00,72636.234375,72670.3203125,72462.2578125,72492.8828125,423559168,0.0,0.0
2026-03-05 02:00:00+00:00,72530.8984375,72818.8671875,72530.8984375,72818.8671875,219217920,0.0,0.0
2026-03-05 02:15:00+00:00,72823.9609375,72858.359375,72685.78125,72685.78125,338624512,0.0,0.0
2026-03-05 02:30:00+00:00,72729.25,72729.25,72369.4609375,72390.1640625,10829824,0.0,0.0
2026-03-05 02:45:00+00:00,72368.5546875,72568.09375,72368.5546875,72449.1015625,747094016,0.0,0.0
2026-03-05 03:00:00+00:00,72510.953125,72735.3046875,72510.953125,72597.046875,67297280,0.0,0.0
2026-03-05 03:15:00+00:00,72657.8828125,72675.7265625,72537.1953125,72607.140625,0,0.0,0.0
2026-03-05 03:30:00+00:00,72528.9296875,72528.9296875,72404.421875,72418.125,1195728896,0.0,0.0
2026-03-05 03:45:00+00:00,72373.5625,72540.15625,72373.5625,72513.1328125,270262272,0.0,0.0
2026-03-05 04:00:00+00:00,72502.0625,72698.6640625,72478.2578125,72651.8515625,211099648,0.0,0.0
2026-03-05 04:15:00+00:00,72668.359375,72807.0234375,72628.0078125,72807.0234375,318414848,0.0,0.0
2026-03-05 04:30:00+00:00,72802.875,72872.484375,72617.2890625,72872.484375,325836800,0.0,0.0
2026-03-05 04:45:00+00:00,72940.2734375,73056.2578125,72735.234375,72823.25,444162048,0.0,0.0
2026-03-05 05:00:00+00:00,72847.9296875,72887.84375,72742.5625,72797.4609375,398532608,0.0,0.0
2026-03-05 05:15:00+00:00,72822.1953125,72822.1953125,72480.5234375,72507.3515625,41484288,0.0,0.0
2026-03-05 05:30:00+00:00,72473.25,72547.0390625,72380.1953125,72380.1953125,1000677376,0.0,0.0
2026-03-05 05:45:00+00:00,72423.7578125,72474.015625,72287.265625,72287.265625,291766272,0.0,0.0
2026-03-05 06:00:00+00:00,72412.0390625,72438.359375,72066.6953125,72125.984375,265347072,0.0,0.0
2026-03-05 06:15:00+00:00,72172.078125,72502.75,72100.6171875,72373.265625,634216448,0.0,0.0
2026-03-05 06:30:00+00:00,72397.7734375,72485.3046875,72312.921875,72449.5625,23363584,0.0,0.0
2026-03-05 06:45:00+00:00,72429.0,72642.375,72417.7265625,72560.7109375,207650816,0.0,0.0
2026-03-05 07:00:00+00:00,72560.75,72606.1640625,72452.7265625,72606.1640625,16515072,0.0,0.0
2026-03-05 07:15:00+00:00,72657.8515625,72660.1171875,72559.296875,72559.296875,139616256,0.0,0.0
2026-03-05 07:30:00+00:00,72544.171875,72544.171875,72217.6484375,72217.6484375,0,0.0,0.0
2026-03-05 07:45:00+00:00,72199.671875,72221.9296875,71833.234375,71994.4453125,437248000,0.0,0.0
2026-03-05 08:00:00+00:00,72075.7265625,72075.7265625,71849.9453125,71849.9453125,269197312,0.0,0.0
2026-03-05 08:15:00+00:00,71851.984375,72039.3359375,71794.0078125,71837.9765625,27336704,0.0,0.0
2026-03-05 08:30:00+00:00,71823.6484375,72143.015625,71823.6484375,72036.4921875,1347174400,0.0,0.0
2026-03-05 08:45:00+00:00,72204.7578125,72374.171875,72148.9765625,72374.171875,0,0.0,0.0
2026-03-05 09:00:00+00:00,72350.8984375,72684.7109375,72350.8984375,72658.1640625,1615908864,0.0,0.0
2026-03-05 09:15:00+00:00,72633.3984375,72655.6328125,72519.1796875,72644.40625,0,0.0,0.0
2026-03-05 09:30:00+00:00,72702.1328125,72844.15625,72514.171875,72514.171875,0,0.0,0.0
2026-03-05 09:45:00+00:00,72545.4375,72599.0,72496.6953125,72599.0,0,0.0,0.0
2026-03-05 10:00:00+00:00,72595.625,72752.109375,72585.34375,72749.03125,53178368,0.0,0.0
2026-03-05 10:15:00+00:00,72732.25,73296.8671875,72689.015625,73264.5546875,216399872,0.0,0.0
2026-03-05 10:30:00+00:00,73207.8046875,73521.203125,73207.8046875,73336.4921875,145186816,0.0,0.0
2026-03-05 10:45:00+00:00,73337.09375,73527.2890625,73294.8125,73390.0703125,419708928,0.0,0.0
2026-03-05 11:00:00+00:00,73415.9375,73433.3125,73112.984375,73217.8671875,559878144,0.0,0.0
2026-03-05 11:15:00+00:00,73169.953125,73190.40625,72947.5234375,73121.1328125,80072704,0.0,0.0
2026-03-05 11:30:00+00:00,73136.1328125,73136.1328125,72822.6328125,72852.640625,54181888,0.0,0.0
2026-03-05 11:45:00+00:00,72856.9921875,72939.546875,72838.0,72876.4453125,645898240,0.0,0.0
2026-03-05 12:00:00+00:00,72928.21875,72998.671875,72700.9609375,72991.3515625,0,0.0,0.0
2026-03-05 12:15:00+00:00,72974.8046875,72974.8046875,72745.28125,72777.65625,174854144,0.0,0.0
2026-03-05 12:30:00+00:00,72800.578125,72929.0625,72733.3984375,72925.1171875,0,0.0,0.0
2026-03-05 12:45:00+00:00,72915.140625,73047.9296875,72915.140625,72960.703125,171831296,0.0,0.0
2026-03-05 13:00:00+00:00,72925.5390625,72925.5390625,72617.78125,72625.828125,0,0.0,0.0
2026-03-05 13:15:00+00:00,72687.140625,72740.03125,72397.890625,72486.1640625,239689728,0.0,0.0
2026-03-05 13:30:00+00:00,72508.015625,72514.3359375,72278.421875,72511.3125,45830144,0.0,0.0
2026-03-05 13:45:00+00:00,72509.5546875,72664.5078125,72484.328125,72484.328125,22577152,0.0,0.0
2026-03-05 14:00:00+00:00,72466.4453125,72599.0859375,72365.578125,72579.7734375,0,0.0,0.0
2026-03-05 14:15:00+00:00,72624.484375,72624.484375,72470.8828125,72534.890625,0,0.0,0.0
2026-03-05 14:30:00+00:00,72562.59375,72695.2109375,72170.671875,72170.671875,851140608,0.0,0.0
2026-03-05 14:45:00+00:00,72023.9453125,72711.2890625,72013.484375,72711.2890625,1219424256,0.0,0.0
2026-03-05 15:00:00+00:00,72677.2265625,72677.2265625,71673.671875,71685.5,46145536,0.0,0.0
2026-03-05 15:15:00+00:00,71844.3203125,71844.3203125,71276.078125,71276.078125,789327872,0.0,0.0
2026-03-05 15:30:00+00:00,71289.1328125,71503.9296875,71200.6796875,71438.3359375,206069760,0.0,0.0
2026-03-05 15:45:00+00:00,71454.53125,71715.390625,71383.6953125,71481.0078125,0,0.0,0.0
2026-03-05 16:00:00+00:00,71642.875,71642.875,70829.8984375,71071.0859375,0,0.0,0.0
2026-03-05 16:15:00+00:00,71011.6328125,71100.703125,70911.5390625,71084.1484375,762920960,0.0,0.0
2026-03-05 16:30:00+00:00,71033.3359375,71616.421875,71033.3359375,71373.8359375,98385920,0.0,0.0
2026-03-05 16:45:00+00:00,71372.0390625,71381.609375,71237.125,71318.9765625,121901056,0.0,0.0
2026-03-05 17:00:00+00:00,71329.6015625,71569.1171875,71101.2109375,71141.3984375,0,0.0,0.0
2026-03-05 17:15:00+00:00,71130.53125,71130.53125,70956.5625,71065.6953125,49311744,0.0,0.0
2026-03-05 17:30:00+00:00,70992.65625,70992.65625,70758.6875,70904.703125,85307392,0.0,0.0
2026-03-05 17:45:00+00:00,70874.3515625,70895.5078125,70663.078125,70837.2890625,20946944,0.0,0.0
2026-03-05 18:00:00+00:00,70711.3203125,71032.828125,70711.3203125,71018.0859375,0,0.0,0.0
2026-03-05 18:15:00+00:00,71009.28125,71027.8671875,70819.046875,70853.0859375,637845504,0.0,0.0
2026-03-05 18:30:00+00:00,70823.921875,70980.4921875,70823.921875,70953.8046875,139214848,0.0,0.0
2026-03-05 18:45:00+00:00,70949.203125,70999.6015625,70831.0078125,70981.2734375,0,0.0,0.0
2026-03-05 19:00:00+00:00,70995.1015625,71325.21875,70995.1015625,71325.21875,0,0.0,0.0
2026-03-05 19:15:00+00:00,71322.4921875,71337.2734375,71082.0,71107.75,0,0.0,0.0
2026-03-05 19:30:00+00:00,71029.984375,71132.0,70952.234375,71113.9921875,0,0.0,0.0
2026-03-05 19:45:00+00:00,71037.6015625,71072.8515625,70913.6484375,70952.4609375,0,0.0,0.0
2026-03-05 20:00:00+00:00,70945.5703125,71049.8515625,70893.375,71049.1640625,0,0.0,0.0
2026-03-05 20:15:00+00:00,71079.734375,71309.6796875,71079.734375,71185.890625,6787072,0.0,0.0
2026-03-05 20:30:00+00:00,71200.5859375,71336.046875,71184.4453125,71184.4453125,50548736,0.0,0.0
2026-03-05 20:45:00+00:00,71141.0859375,71259.5859375,71054.34375,71259.5859375,0,0.0,0.0
2026-03-05 21:00:00+00:00,71248.1171875,71327.90625,71248.1171875,71305.953125,32677888,0.0,0.0
2026-03-05 21:15:00+00:00,71313.640625,71507.4296875,71313.640625,71507.4296875,122216448,0.0,0.0
2026-03-05 21:30:00+00:00,71518.8359375,71542.8203125,71113.8984375,71185.5859375,0,0.0,0.0
2026-03-05 21:45:00+00:00,71194.125,71295.8046875,71038.296875,71139.5390625,81399808,0.0,0.0
2026-03-05 22:00:00+00:00,71139.7578125,71226.2265625,71099.875,71099.875,69701632,0.0,0.0
2026-03-05 22:15:00+00:00,71138.40625,71260.4765625,71126.9453125,71126.9453125,85323776,0.0,0.0
2026-03-05 22:30:00+00:00,71136.71875,71269.6640625,71136.71875,71251.2265625,8867840,0.0,0.0
2026-03-05 22:45:00+00:00,71252.078125,71321.265625,71242.0859375,71246.0078125,112091136,0.0,0.0
2026-03-05 23:00:00+00:00,71221.84375,71256.671875,71197.2109375,71197.265625,147849216,0.0,0.0
2026-03-05 23:15:00+00:00,71200.9296875,71273.109375,71179.421875,71259.0703125,0,0.0,0.0
2026-03-05 23:30:00+00:00,71257.4296875,71257.4296875,70883.671875,70925.0625,810364928,0.0,0.0
2026-03-05 23:45:00+00:00,70924.078125,70924.078125,70790.78125,70842.15625,134381568,0.0,0.0
2026-03-06 00:00:00+00:00,70878.65625,71030.078125,70853.5625,71030.078125,0,0.0,0.0
2026-03-06 00:15:00+00:00,71020.5546875,71020.5546875,70892.421875,70939.0,129998848,0.0,0.0
2026-03-06 00:30:00+00:00,70903.6171875,70953.375,70903.6171875,70933.8515625,38137856,0.0,0.0
2026-03-06 00:45:00+00:00,70930.578125,70985.15625,70856.6640625,70928.421875,0,0.0,0.0
2026-03-06 01:00:00+00:00,70938.90625,70976.796875,70885.1875,70885.1875,31457280,0.0,0.0
2026-03-06 01:15:00+00:00,70796.6796875,70874.359375,70420.71875,70420.71875,0,0.0,0.0
2026-03-06 01:30:00+00:00,70459.3671875,71111.453125,70459.3671875,71111.453125,676958208,0.0,0.0
2026-03-06 01:45:00+00:00,71163.203125,71265.875,71138.7109375,71244.7890625,92897280,0.0,0.0
2026-03-06 02:00:00+00:00,71254.7265625,71357.8671875,71199.171875,71357.8671875,98336768,0.0,0.0
2026-03-06 02:15:00+00:00,71315.0546875,71322.84375,71104.6875,71209.734375,67530752,0.0,0.0
2026-03-06 02:30:00+00:00,71328.6328125,71328.6328125,71156.78125,71307.28125,815931392,0.0,0.0
2026-03-06 02:45:00+00:00,71336.3515625,71336.3515625,71207.53125,71211.6015625,146132992,0.0,0.0
2026-03-06 03:00:00+00:00,71233.1953125,71254.0078125,71066.2734375,71066.2734375,13082624,0.0,0.0
2026-03-06 03:15:00+00:00,71066.171875,71192.25,71029.078125,71167.390625,2809856,0.0,0.0
2026-03-06 03:30:00+00:00,71213.0390625,71213.0390625,71080.4921875,71080.4921875,86892544,0.0,0.0
2026-03-06 03:45:00+00:00,71104.1796875,71130.1484375,71041.2578125,71074.9140625,80617472,0.0,0.0
2026-03-06 04:00:00+00:00,71085.6328125,71100.65625,70928.578125,70928.578125,58277888,0.0,0.0
2026-03-06 04:15:00+00:00,70933.8515625,70951.6875,70894.1875,70921.46875,0,0.0,0.0
2026-03-06 04:30:00+00:00,70843.15625,70912.734375,70435.671875,70469.140625,98627584,0.0,0.0
2026-03-06 04:45:00+00:00,70562.8046875,70606.328125,70511.234375,70594.9453125,524083200,0.0,0.0
2026-03-06 05:00:00+00:00,70572.5390625,70632.140625,70444.3828125,70447.640625,154972160,0.0,0.0
2026-03-06 05:15:00+00:00,70613.4765625,70632.6953125,70357.5390625,70357.5390625,1005629440,0.0,0.0
2026-03-06 05:30:00+00:00,70397.1875,70488.671875,70191.671875,70194.03125,374935552,0.0,0.0
2026-03-06 05:45:00+00:00,70213.90625,70448.7421875,70162.8359375,70448.7421875,134922240,0.0,0.0
2026-03-06 06:00:00+00:00,70436.75,70436.75,70275.53125,70295.046875,75059200,0.0,0.0
2026-03-06 06:15:00+00:00,70317.28125,70508.515625,70317.28125,70446.3359375,153681920,0.0,0.0
2026-03-06 06:30:00+00:00,70426.765625,70635.53125,70385.3984375,70635.53125,38883328,0.0,0.0
2026-03-06 06:45:00+00:00,70643.5234375,70806.734375,70596.3203125,70644.921875,153382912,0.0,0.0
2026-03-06 07:00:00+00:00,70616.2734375,70797.0,70495.625,70543.859375,173641728,0.0,0.0
2026-03-06 07:15:00+00:00,70562.75,70861.515625,70562.75,70861.515625,311791616,0.0,0.0
2026-03-06 07:30:00+00:00,70861.125,71030.8515625,70858.578125,71030.8515625,223395840,0.0,0.0
2026-03-06 07:45:00+00:00,71100.1796875,71162.75,71077.15625,71077.15625,0,0.0,0.0
2026-03-06 08:00:00+00:00,71060.3359375,71060.3359375,70912.2265625,70949.2109375,44085248,0.0,0.0
2026-03-06 08:15:00+00:00,70951.4140625,70971.2578125,70851.6640625,70871.75,0,0.0,0.0
2026-03-06 08:30:00+00:00,70890.8046875,71019.9765625,70890.8046875,70933.484375,916750336,0.0,0.0
2026-03-06 08:45:00+00:00,70922.515625,70929.5078125,70762.578125,70762.578125,0,0.0,0.0
2026-03-06 09:00:00+00:00,70762.046875,70785.6171875,70540.2421875,70540.2421875,0,0.0,0.0
2026-03-06 09:15:00+00:00,70550.3359375,70580.9375,70384.0703125,70384.0703125,64479232,0.0,0.0
2026-03-06 09:30:00+00:00,70431.1484375,70494.25,70353.2421875,70494.25,83152896,0.0,0.0
2026-03-06 09:45:00+00:00,70528.875,70572.4765625,70466.8828125,70565.0078125,0,0.0,0.0
2026-03-06 10:00:00+00:00,70566.25,70671.96875,70562.234375,70634.3359375,915783680,0.0,0.0
2026-03-06 10:15:00+00:00,70656.484375,70753.3671875,70656.484375,70718.5234375,104300544,0.0,0.0
2026-03-06 10:30:00+00:00,70765.609375,70765.609375,70527.9609375,70527.9609375,0,0.0,0.0
2026-03-06 10:45:00+00:00,70542.59375,70598.0625,70503.109375,70551.640625,29175808,0.0,0.0
2026-03-06 11:00:00+00:00,70540.765625,70567.984375,70430.2109375,70567.984375,0,0.0,0.0
2026-03-06 11:15:00+00:00,70550.96875,70570.328125,70523.859375,70552.0234375,9568256,0.0,0.0
2026-03-06 11:30:00+00:00,70525.8359375,70611.7109375,70388.703125,70388.703125,265965568,0.0,0.0
2026-03-06 11:45:00+00:00,70398.3046875,70398.3046875,70198.7265625,70202.3359375,660451328,0.0,0.0
2026-03-06 12:00:00+00:00,70203.9140625,70203.9140625,69824.4921875,69925.9140625,414662656,0.0,0.0
2026-03-06 12:15:00+00:00,69987.546875,70167.8046875,69987.546875,70066.1171875,318238720,0.0,0.0
2026-03-06 12:30:00+00:00,70012.421875,70012.421875,69735.78125,69791.71875,254357504,0.0,0.0
2026-03-06 12:45:00+00:00,69767.9765625,70044.3046875,69682.0390625,70014.0625,439013376,0.0,0.0
2026-03-06 13:00:00+00:00,69998.7890625,70023.625,69914.5546875,70021.078125,220008448,0.0,0.0
2026-03-06 13:15:00+00:00,69999.203125,70122.78125,69894.109375,70105.578125,30867456,0.0,0.0
2026-03-06 13:30:00+00:00,70093.8203125,70264.609375,69973.6953125,70075.984375,608153600,0.0,0.0
2026-03-06 13:45:00+00:00,70081.4765625,70081.4765625,69333.1171875,69358.984375,258891776,0.0,0.0
2026-03-06 14:00:00+00:00,68906.4375,69190.125,68668.359375,68742.5390625,598106112,0.0,0.0
2026-03-06 14:15:00+00:00,68793.4296875,69069.84375,68793.4296875,69069.84375,1315811328,0.0,0.0
2026-03-06 14:30:00+00:00,68995.296875,68995.296875,68494.734375,68661.75,318685184,0.0,0.0
2026-03-06 14:45:00+00:00,68734.1953125,68751.0,68341.328125,68341.328125,106721280,0.0,0.0
2026-03-06 15:00:00+00:00,68448.0703125,68593.21875,68359.1875,68539.2109375,440995840,0.0,0.0
2026-03-06 15:15:00+00:00,68607.0625,68923.6015625,68582.7734375,68863.3984375,292347904,0.0,0.0
2026-03-06 15:30:00+00:00,68853.0234375,69012.078125,68707.8984375,68707.8984375,0,0.0,0.0
2026-03-06 15:45:00+00:00,68748.703125,68748.703125,68333.4140625,68543.03125,41930752,0.0,0.0
2026-03-06 16:00:00+00:00,68506.578125,68773.5234375,68341.9765625,68392.6796875,14012416,0.0,0.0
2026-03-06 16:15:00+00:00,68351.484375,68534.4609375,68241.375,68534.4609375,11784192,0.0,0.0
2026-03-06 16:30:00+00:00,68541.0546875,68642.15625,68392.6328125,68599.6328125,14749696,0.0,0.0
2026-03-06 16:45:00+00:00,68609.6796875,68646.640625,68377.828125,68470.203125,44347392,0.0,0.0
2026-03-06 17:00:00+00:00,68448.3046875,68614.46875,68448.3046875,68513.0859375,225349632,0.0,0.0
2026-03-06 17:15:00+00:00,68422.7265625,68479.234375,68233.890625,68259.5546875,48553984,0.0,0.0
2026-03-06 17:30:00+00:00,68241.6015625,68280.78125,67760.484375,67783.25,298139648,0.0,0.0
2026-03-06 17:45:00+00:00,67856.5625,68004.1796875,67856.5625,67987.828125,286253056,0.0,0.0
2026-03-06 18:00:00+00:00,68006.5078125,68356.9921875,68006.5078125,68356.9921875,0,0.0,0.0
2026-03-06 18:15:00+00:00,68347.3515625,68407.0859375,68306.765625,68306.765625,1868521472,0.0,0.0
2026-03-06 18:30:00+00:00,68334.3125,68451.7109375,68334.3125,68422.75,107671552,0.0,0.0
2026-03-06 18:45:00+00:00,68432.109375,68432.109375,68190.609375,68190.609375,110891008,0.0,0.0
2026-03-06 19:00:00+00:00,68248.265625,68395.7578125,68248.265625,68395.7578125,63877120,0.0,0.0
2026-03-06 19:15:00+00:00,68435.75,68455.5078125,68171.140625,68181.2578125,89952256,0.0,0.0
2026-03-06 19:30:00+00:00,68207.640625,68298.1328125,68165.09375,68230.4609375,121843712,0.0,0.0
2026-03-06 19:45:00+00:00,68148.5390625,68148.5390625,68022.0,68109.4140625,179171328,0.0,0.0
2026-03-06 20:00:00+00:00,68124.5703125,68237.4296875,68001.8125,68001.8125,0,0.0,0.0
2026-03-06 20:15:00+00:00,68008.4140625,68076.828125,67778.1484375,67815.2109375,71966720,0.0,0.0
2026-03-06 20:30:00+00:00,67893.484375,68047.9375,67825.875,67995.203125,204595200,0.0,0.0
2026-03-06 20:45:00+00:00,67965.3515625,68145.4453125,67965.3515625,68145.4453125,183582720,0.0,0.0
2026-03-06 21:00:00+00:00,68119.671875,68154.8125,68105.6953125,68142.546875,61964288,0.0,0.0
2026-03-06 21:15:00+00:00,68142.7265625,68142.7265625,67940.6015625,67990.7734375,74301440,0.0,0.0
2026-03-06 21:30:00+00:00,68011.1328125,68199.625,68011.1328125,68199.625,83750912,0.0,0.0
2026-03-06 21:45:00+00:00,68228.2578125,68309.734375,68228.2578125,68278.59375,511721472,0.0,0.0
2026-03-06 22:00:00+00:00,68277.890625,68330.3203125,68277.890625,68295.28125,0,0.0,0.0
2026-03-06 22:15:00+00:00,68270.2109375,68343.953125,68270.2109375,68299.4765625,28786688,0.0,0.0
2026-03-06 22:30:00+00:00,68276.5,68390.21875,68234.03125,68390.21875,110608384,0.0,0.0
2026-03-06 22:45:00+00:00,68375.734375,68423.8984375,68373.046875,68423.8984375,177995776,0.0,0.0
2026-03-06 23:00:00+00:00,68320.375,68328.359375,68276.5625,68281.7109375,159563776,0.0,0.0
2026-03-06 23:15:00+00:00,68327.75,68367.515625,68311.0859375,68325.1484375,0,0.0,0.0
2026-03-06 23:30:00+00:00,68320.3359375,68320.3359375,68181.90625,68181.90625,0,0.0,0.0
2026-03-06 23:45:00+00:00,68208.96875,68223.3046875,68105.59375,68136.6875,32616448,0.0,0.0
2026-03-07 00:00:00+00:00,68139.6875,68241.484375,68127.828125,68226.296875,166846464,0.0,0.0
2026-03-07 00:15:00+00:00,68216.640625,68239.1015625,68157.359375,68239.1015625,13565952,0.0,0.0
2026-03-07 00:30:00+00:00,68217.1796875,68332.484375,68217.1796875,68306.3828125,157974528,0.0,0.0
2026-03-07 00:45:00+00:00,68284.9921875,68348.6796875,68284.9921875,68312.25,0,0.0,0.0
2026-03-07 01:00:00+00:00,68303.6171875,68343.921875,68215.09375,68215.09375,269934592,0.0,0.0
2026-03-07 01:15:00+00:00,68223.078125,68237.5,68186.59375,68205.59375,156119040,0.0,0.0
2026-03-07 01:30:00+00:00,68210.6328125,68251.3671875,68195.5078125,68239.8984375,0,0.0,0.0
2026-03-07 01:45:00+00:00,68232.4375,68324.6171875,68232.4375,68280.625,0,0.0,0.0
2026-03-07 02:00:00+00:00,68252.4921875,68283.109375,68221.4453125,68277.65625,0,0.0,0.0
2026-03-07 02:15:00+00:00,68257.0703125,68257.0703125,68110.8125,68110.8125,59457536,0.0,0.0
2026-03-07 02:30:00+00:00,68097.921875,68189.2421875,68092.2421875,68189.2421875,13938688,0.0,0.0
2026-03-07 02:45:00+00:00,68170.0078125,68298.1015625,68157.8671875,68298.1015625,0,0.0,0.0
2026-03-07 03:00:00+00:00,68342.4375,68513.84375,68342.4375,68513.84375,150208512,0.0,0.0
2026-03-07 03:15:00+00:00,68510.34375,68510.34375,68234.7890625,68236.5625,99123200,0.0,0.0
2026-03-07 03:30:00+00:00,68232.703125,68246.1796875,68194.5625,68200.0234375,170573824,0.0,0.0
2026-03-07 03:45:00+00:00,68190.4296875,68203.4921875,68108.3125,68133.25,149569536,0.0,0.0
2026-03-07 04:00:00+00:00,68124.7421875,68124.7421875,67890.0703125,67960.6015625,70189056,0.0,0.0
2026-03-07 04:15:00+00:00,67951.328125,68048.6640625,67951.328125,68038.953125,335654912,0.0,0.0
2026-03-07 04:30:00+00:00,68038.4921875,68144.4765625,67994.6875,68132.6171875,105254912,0.0,0.0
2026-03-07 04:45:00+00:00,68117.3359375,68117.3359375,68074.421875,68076.1484375,76111872,0.0,0.0
2026-03-07 05:00:00+00:00,68096.3046875,68111.765625,67978.1328125,67986.4375,0,0.0,0.0
2026-03-07 05:15:00+00:00,68029.5703125,68029.5703125,67928.09375,68000.46875,30257152,0.0,0.0
2026-03-07 05:30:00+00:00,68014.515625,68081.0859375,67953.578125,68081.0859375,126115840,0.0,0.0
2026-03-07 05:45:00+00:00,68079.1484375,68094.1015625,67998.078125,67998.078125,0,0.0,0.0
2026-03-07 06:00:00+00:00,68005.3046875,68009.5,67949.546875,67955.75,0,0.0,0.0
2026-03-07 06:15:00+00:00,67960.84375,67987.859375,67867.6171875,67867.6171875,112136192,0.0,0.0
2026-03-07 06:30:00+00:00,67866.03125,67906.328125,67834.375,67900.453125,22351872,0.0,0.0
2026-03-07 06:45:00+00:00,67925.3203125,67942.8203125,67716.71875,67745.171875,357535744,0.0,0.0
2026-03-07 07:00:00+00:00,67689.0078125,67689.0078125,67503.4140625,67630.53125,216535040,0.0,0.0
2026-03-07 07:15:00+00:00,67621.1953125,67735.9375,67610.5859375,67729.3671875,43102208,0.0,0.0
2026-03-07 07:30:00+00:00,67735.7421875,67784.0703125,67679.0,67784.0703125,117743616,0.0,0.0
2026-03-07 07:45:00+00:00,67790.2265625,67854.9375,67790.2265625,67854.9375,46063616,0.0,0.0
2026-03-07 08:00:00+00:00,67827.046875,67843.5234375,67783.1484375,67843.5234375,0,0.0,0.0
2026-03-07 08:15:00+00:00,67865.46875,68031.46875,67865.46875,67979.8203125,26206208,0.0,0.0
2026-03-07 08:30:00+00:00,67976.53125,68000.625,67899.6328125,67911.078125,115458048,0.0,0.0
2026-03-07 08:45:00+00:00,67908.8046875,67918.5078125,67752.2421875,67763.1640625,0,0.0,0.0
2026-03-07 09:00:00+00:00,67794.2890625,67943.453125,67743.6796875,67943.453125,225271808,0.0,0.0
2026-03-07 09:15:00+00:00,67955.5625,68046.0234375,67948.3125,67951.015625,8519680,0.0,0.0
2026-03-07 09:30:00+00:00,67946.546875,68017.46875,67946.546875,67976.921875,23134208,0.0,0.0
2026-03-07 09:45:00+00:00,67968.5703125,68031.59375,67968.5703125,68016.796875,0,0.0,0.0
2026-03-07 10:00:00+00:00,67999.1640625,68062.8046875,67979.4765625,68062.8046875,45731840,0.0,0.0
2026-03-07 10:15:00+00:00,68091.4296875,68091.4296875,67925.171875,67925.171875,241524736,0.0,0.0
2026-03-07 10:30:00+00:00,67941.09375,67990.9140625,67921.9765625,67989.4375,84738048,0.0,0.0
2026-03-07 10:45:00+00:00,67950.9921875,67977.0,67882.578125,67882.578125,13025280,0.0,0.0
2026-03-07 11:00:00+00:00,67882.578125,68059.875,67867.453125,68059.875,0,0.0,0.0
2026-03-07 11:15:00+00:00,68188.5625,68207.53125,68114.484375,68131.796875,157839360,0.0,0.0
2026-03-07 11:30:00+00:00,68144.7578125,68144.7578125,68068.7734375,68098.9765625,24854528,0.0,0.0
2026-03-07 11:45:00+00:00,68088.3984375,68099.203125,68020.875,68020.875,35790848,0.0,0.0
2026-03-07 12:00:00+00:00,68015.34375,68078.625,67971.7421875,67988.34375,0,0.0,0.0
2026-03-07 12:15:00+00:00,67979.6171875,68059.671875,67979.6171875,67999.2578125,23576576,0.0,0.0
2026-03-07 12:30:00+00:00,68014.7890625,68027.5703125,67925.6328125,67925.6328125,0,0.0,0.0
2026-03-07 12:45:00+00:00,67933.8515625,68015.4140625,67908.9453125,67995.0859375,0,0.0,0.0
2026-03-07 13:00:00+00:00,67986.6953125,68043.328125,67954.6875,68031.125,0,0.0,0.0
2026-03-07 13:15:00+00:00,68030.6640625,68071.1328125,67986.96875,68029.828125,42426368,0.0,0.0
2026-03-07 13:30:00+00:00,68018.078125,68043.5,67881.5234375,67925.53125,0,0.0,0.0
2026-03-07 13:45:00+00:00,67928.4609375,67937.625,67897.5390625,67923.0703125,0,0.0,0.0
2026-03-07 14:00:00+00:00,67893.1875,67893.1875,67628.859375,67631.5,0,0.0,0.0
2026-03-07 14:15:00+00:00,67727.90625,67815.0,67727.90625,67805.6640625,0,0.0,0.0
2026-03-07 14:30:00+00:00,67806.796875,68050.796875,67806.796875,68029.5703125,0,0.0,0.0
2026-03-07 14:45:00+00:00,68019.3203125,68054.3515625,67995.578125,68038.125,0,0.0,0.0
2026-03-07 15:00:00+00:00,68020.1640625,68020.1640625,67946.8046875,67954.1171875,0,0.0,0.0
2026-03-07 15:15:00+00:00,67938.0859375,67986.5390625,67880.4921875,67926.125,0,0.0,0.0
2026-03-07 15:30:00+00:00,67926.265625,68010.6015625,67798.03125,67810.734375,0,0.0,0.0
2026-03-07 15:45:00+00:00,67825.4140625,67912.796875,67810.40625,67910.8984375,0,0.0,0.0
2026-03-07 16:00:00+00:00,67887.4375,67887.4375,67818.2421875,67877.5234375,0,0.0,0.0
2026-03-07 16:15:00+00:00,67878.2890625,67878.2890625,67780.8671875,67798.5390625,8962048,0.0,0.0
2026-03-07 16:30:00+00:00,67789.890625,67827.40625,67741.328125,67779.46875,0,0.0,0.0
2026-03-07 16:45:00+00:00,67784.2265625,67818.6875,67775.2734375,67818.6875,0,0.0,0.0
2026-03-07 17:00:00+00:00,67804.7109375,67852.5859375,67794.828125,67831.78125,0,0.0,0.0
2026-03-07 17:15:00+00:00,67839.234375,67918.0234375,67820.640625,67876.515625,0,0.0,0.0
2026-03-07 17:30:00+00:00,67877.3828125,67882.4765625,67868.7265625,67882.4765625,0,0.0,0.0
2026-03-07 17:45:00+00:00,67881.265625,67881.265625,67781.765625,67781.765625,0,0.0,0.0
2026-03-07 18:00:00+00:00,67787.0546875,67787.0546875,67521.46875,67620.875,196272128,0.0,0.0
2026-03-07 18:15:00+00:00,67623.515625,67689.796875,67605.8203125,67614.09375,651194368,0.0,0.0
2026-03-07 18:30:00+00:00,67608.59375,67617.4765625,67521.7890625,67599.4453125,360284160,0.0,0.0
2026-03-07 18:45:00+00:00,67629.3046875,67645.2265625,67568.2265625,67588.6875,54528000,0.0,0.0
2026-03-07 19:00:00+00:00,67571.0625,67571.0625,67518.96875,67550.2265625,46960640,0.0,0.0
2026-03-07 19:15:00+00:00,67530.265625,67542.1796875,67225.6953125,67241.75,117768192,0.0,0.0
2026-03-07 19:30:00+00:00,67217.6640625,67329.765625,67217.6640625,67294.8515625,60672000,0.0,0.0
2026-03-07 19:45:00+00:00,67239.0703125,67261.5078125,67016.953125,67095.625,1005533184,0.0,0.0
2026-03-07 20:00:00+00:00,67087.1328125,67282.953125,67087.1328125,67276.96875,40673280,0.0,0.0
2026-03-07 20:15:00+00:00,67245.8046875,67292.671875,67207.96875,67292.671875,550619136,0.0,0.0
2026-03-07 20:30:00+00:00,67275.453125,67403.1015625,67259.7265625,67403.1015625,451221504,0.0,0.0
2026-03-07 20:45:00+00:00,67401.921875,67418.8984375,67347.625,67414.6171875,21508096,0.0,0.0
2026-03-07 21:00:00+00:00,67401.6796875,67454.8984375,67359.609375,67447.359375,10022912,0.0,0.0
2026-03-07 21:15:00+00:00,67425.1171875,67476.7265625,67425.1171875,67476.7265625,60213248,0.0,0.0
2026-03-07 21:30:00+00:00,67459.1015625,67459.1015625,67297.53125,67354.4609375,92143616,0.0,0.0
2026-03-07 21:45:00+00:00,67373.3984375,67445.6796875,67310.6484375,67439.015625,65447936,0.0,0.0
2026-03-07 22:00:00+00:00,67452.1484375,67456.328125,67373.5234375,67382.453125,0,0.0,0.0
2026-03-07 22:15:00+00:00,67346.96875,67354.03125,67293.6953125,67297.8125,74328064,0.0,0.0
2026-03-07 22:30:00+00:00,67276.2109375,67306.375,67171.5625,67297.8203125,81819648,0.0,0.0
2026-03-07 22:45:00+00:00,67267.6953125,67333.828125,67228.8515625,67240.6640625,103061504,0.0,0.0
2026-03-07 23:00:00+00:00,67239.65625,67352.5234375,67209.265625,67330.046875,68792320,0.0,0.0
2026-03-07 23:15:00+00:00,67327.3828125,67384.7421875,67327.3828125,67341.6875,94930944,0.0,0.0
2026-03-07 23:30:00+00:00,67375.3984375,67375.3984375,67320.046875,67330.9453125,27316224,0.0,0.0
2026-03-07 23:45:00+00:00,67336.3125,67336.3125,67243.9375,67272.5,56922112,0.0,0.0
2026-03-08 00:00:00+00:00,67250.1015625,67443.1328125,67250.1015625,67439.1796875,0,0.0,0.0
2026-03-08 00:15:00+00:00,67433.46875,67474.390625,67332.8203125,67345.8984375,176414720,0.0,0.0
2026-03-08 00:30:00+00:00,67346.109375,67355.5,67260.7421875,67260.7421875,8153088,0.0,0.0
2026-03-08 00:45:00+00:00,67286.4921875,67287.546875,67177.8046875,67228.4921875,202039296,0.0,0.0
2026-03-08 01:00:00+00:00,67197.640625,67275.6953125,67172.390625,67262.640625,5691392,0.0,0.0
2026-03-08 01:15:00+00:00,67270.8125,67307.125,67265.40625,67265.40625,37189632,0.0,0.0
2026-03-08 01:30:00+00:00,67257.9453125,67257.9453125,67098.0703125,67240.4375,115494912,0.0,0.0
2026-03-08 01:45:00+00:00,67292.6796875,67350.0390625,67292.6796875,67296.7109375,99074048,0.0,0.0
2026-03-08 02:00:00+00:00,67299.8046875,67299.8046875,67223.8125,67241.015625,34334720,0.0,0.0
2026-03-08 02:15:00+00:00,67289.6328125,67343.40625,67237.3515625,67237.3515625,175826944,0.0,0.0
2026-03-08 02:30:00+00:00,67217.2109375,67399.28125,67133.8671875,67399.28125,145113088,0.0,0.0
2026-03-08 02:45:00+00:00,67408.5859375,67408.5859375,66905.828125,66956.8046875,418277376,0.0,0.0
2026-03-08 03:00:00+00:00,66919.421875,67001.71875,66892.953125,66972.5625,166676480,0.0,0.0
2026-03-08 03:15:00+00:00,66971.296875,67064.59375,66971.296875,66995.78125,34240512,0.0,0.0
2026-03-08 03:30:00+00:00,67000.40625,67018.796875,66944.0078125,67012.96875,275433472,0.0,0.0
2026-03-08 03:45:00+00:00,67009.125,67050.3515625,67009.125,67050.3515625,100954112,0.0,0.0
2026-03-08 04:00:00+00:00,67009.3125,67059.21875,66951.21875,66986.984375,0,0.0,0.0
2026-03-08 04:15:00+00:00,67017.9609375,67077.75,66993.125,67032.8359375,184225792,0.0,0.0
2026-03-08 04:30:00+00:00,67028.15625,67028.15625,66929.328125,66955.25,18432000,0.0,0.0
2026-03-08 04:45:00+00:00,66956.0234375,66956.0234375,66612.984375,66647.515625,307548160,0.0,0.0
2026-03-08 05:00:00+00:00,66635.25,66943.3046875,66635.25,66943.3046875,140681216,0.0,0.0
2026-03-08 05:15:00+00:00,66971.015625,67178.234375,66967.0390625,67167.703125,543713280,0.0,0.0
2026-03-08 05:30:00+00:00,67139.40625,67184.359375,67103.34375,67182.9375,172115968,0.0,0.0
2026-03-08 05:45:00+00:00,67186.9765625,67217.5859375,67162.046875,67171.09375,78239744,0.0,0.0
2026-03-08 06:00:00+00:00,67154.2109375,67218.9609375,67128.453125,67128.453125,12750848,0.0,0.0
2026-03-08 06:15:00+00:00,67104.09375,67141.265625,67089.3359375,67090.34375,132530176,0.0,0.0
2026-03-08 06:30:00+00:00,67057.984375,67131.0859375,67057.984375,67128.5,33099776,0.0,0.0
2026-03-08 06:45:00+00:00,67122.28125,67190.828125,67118.3046875,67190.828125,0,0.0,0.0
2026-03-08 07:00:00+00:00,67162.796875,67397.8984375,67162.4296875,67361.2890625,0,0.0,0.0
2026-03-08 07:15:00+00:00,67387.984375,67412.6953125,67300.640625,67300.875,61005824,0.0,0.0
2026-03-08 07:30:00+00:00,67369.9765625,67369.9765625,67320.7734375,67332.0546875,265609216,0.0,0.0
2026-03-08 07:45:00+00:00,67316.625,67316.625,67271.6796875,67277.71875,107597824,0.0,0.0
2026-03-08 08:00:00+00:00,67315.3984375,67335.375,67272.75,67309.015625,96307200,0.0,0.0
2026-03-08 08:15:00+00:00,67216.15625,67275.015625,67184.15625,67275.015625,87652352,0.0,0.0
2026-03-08 08:30:00+00:00,67268.2734375,67446.8828125,67242.6171875,67446.8828125,39817216,0.0,0.0
2026-03-08 08:45:00+00:00,67492.640625,67547.984375,67456.640625,67537.9296875,272623616,0.0,0.0
2026-03-08 09:00:00+00:00,67541.71875,67650.6328125,67472.4921875,67650.6328125,48666624,0.0,0.0
2026-03-08 09:15:00+00:00,67789.53125,67819.0546875,67746.4296875,67809.859375,346271744,0.0,0.0
2026-03-08 09:30:00+00:00,67817.28125,67817.28125,67730.234375,67742.4296875,210405376,0.0,0.0
2026-03-08 09:45:00+00:00,67746.90625,67746.90625,67697.3125,67733.984375,189919232,0.0,0.0
2026-03-08 10:00:00+00:00,67718.625,67864.671875,67718.625,67864.671875,125261824,0.0,0.0
2026-03-08 10:15:00+00:00,67871.7109375,68170.4453125,67864.015625,68068.7578125,195792896,0.0,0.0
2026-03-08 10:30:00+00:00,68054.7421875,68054.7421875,67945.78125,67945.78125,317276160,0.0,0.0
2026-03-08 10:45:00+00:00,67931.140625,67944.4296875,67888.203125,67893.5078125,143839232,0.0,0.0
2026-03-08 11:00:00+00:00,67896.859375,67896.859375,67520.46875,67591.015625,228956160,0.0,0.0
2026-03-08 11:15:00+00:00,67574.8046875,67710.8984375,67574.8046875,67681.28125,0,0.0,0.0
2026-03-08 11:30:00+00:00,67676.7109375,67744.5625,67439.5703125,67501.15625,563331072,0.0,0.0
2026-03-08 11:45:00+00:00,67491.984375,67538.9921875,67440.7265625,67537.6328125,258203648,0.0,0.0
2026-03-08 12:00:00+00:00,67517.109375,67617.4453125,67056.3046875,67056.3046875,15585280,0.0,0.0
2026-03-08 12:15:00+00:00,67034.5078125,67393.234375,66913.4375,67393.234375,1370712064,0.0,0.0
2026-03-08 12:30:00+00:00,67421.2109375,67421.2109375,67310.71875,67363.7734375,31819776,0.0,0.0
2026-03-08 12:45:00+00:00,67394.0,67394.0,67305.921875,67305.921875,302526464,0.0,0.0
2026-03-08 13:00:00+00:00,67316.9375,67354.6640625,67037.6875,67037.6875,188391424,0.0,0.0
2026-03-08 13:15:00+00:00,66989.71875,67169.453125,66876.625,67146.4375,762578944,0.0,0.0
2026-03-08 13:30:00+00:00,67155.4140625,67155.4140625,66895.03125,67023.1015625,269031424,0.0,0.0
2026-03-08 13:45:00+00:00,67045.984375,67273.3125,67045.984375,67257.5390625,410613760,0.0,0.0
2026-03-08 14:00:00+00:00,67249.78125,67342.515625,67206.46875,67299.8203125,56985600,0.0,0.0
2026-03-08 14:15:00+00:00,67301.640625,67395.0,67251.2265625,67251.2265625,139091968,0.0,0.0
2026-03-08 14:30:00+00:00,67258.4765625,67342.4921875,67081.1171875,67081.1171875,60829696,0.0,0.0
2026-03-08 14:45:00+00:00,67074.4453125,67294.6640625,67074.4453125,67291.859375,53721088,0.0,0.0
2026-03-08 15:00:00+00:00,67321.421875,67348.921875,67258.7109375,67305.2578125,158570496,0.0,0.0
2026-03-08 15:15:00+00:00,67321.1484375,67321.8515625,67185.8046875,67212.890625,80517120,0.0,0.0
2026-03-08 15:30:00+00:00,67166.859375,67210.4296875,67125.3828125,67210.4296875,50792448,0.0,0.0
2026-03-08 15:45:00+00:00,67195.8515625,67207.0859375,67141.1015625,67197.578125,164792320,0.0,0.0
2026-03-08 16:00:00+00:00,67200.6953125,67222.40625,67132.5546875,67132.5546875,149282816,0.0,0.0
2026-03-08 16:15:00+00:00,67091.4140625,67128.40625,67074.0546875,67117.6953125,70588416,0.0,0.0
2026-03-08 16:30:00+00:00,67118.203125,67118.203125,66858.328125,66965.875,52752384,0.0,0.0
2026-03-08 16:45:00+00:00,66989.0234375,66989.0234375,66846.515625,66846.515625,276584448,0.0,0.0
2026-03-08 17:00:00+00:00,66859.78125,67119.546875,66824.0625,67076.359375,129118208,0.0,0.0
2026-03-08 17:15:00+00:00,67098.703125,67139.203125,67066.890625,67066.890625,294512640,0.0,0.0
2026-03-08 17:30:00+00:00,67071.7578125,67106.84375,66997.828125,67041.3203125,109467648,0.0,0.0
2026-03-08 17:45:00+00:00,67043.7421875,67079.796875,66957.421875,66978.1953125,92813312,0.0,0.0
2026-03-08 18:00:00+00:00,67011.078125,67041.4140625,66959.2734375,66959.2734375,93908992,0.0,0.0
2026-03-08 18:15:00+00:00,66909.4609375,66982.453125,66805.6015625,66951.3125,37853184,0.0,0.0
2026-03-08 18:30:00+00:00,66949.71875,66971.515625,66793.984375,66809.1953125,603838464,0.0,0.0
2026-03-08 18:45:00+00:00,66768.0625,66875.484375,66768.0625,66853.7421875,91564032,0.0,0.0
2026-03-08 19:00:00+00:00,66823.9375,66987.015625,66806.6953125,66987.015625,24367104,0.0,0.0
2026-03-08 19:15:00+00:00,67014.7734375,67234.140625,67014.7734375,67206.9921875,81442816,0.0,0.0
2026-03-08 19:30:00+00:00,67202.3828125,67366.8984375,67202.3828125,67366.8984375,131708928,0.0,0.0
2026-03-08 19:45:00+00:00,67348.7421875,67405.09375,67294.5234375,67294.5234375,0,0.0,0.0
2026-03-08 20:00:00+00:00,67311.3671875,67311.3671875,67120.421875,67120.421875,530878464,0.0,0.0
2026-03-08 20:15:00+00:00,67100.0390625,67194.078125,67050.953125,67085.5625,108552192,0.0,0.0
2026-03-08 20:30:00+00:00,67183.609375,67480.8671875,67183.609375,67388.0625,307904512,0.0,0.0
2026-03-08 20:45:00+00:00,67358.03125,67371.9609375,67210.8359375,67210.8359375,961544192,0.0,0.0
2026-03-08 21:00:00+00:00,67243.015625,67243.015625,66760.640625,66760.640625,648077312,0.0,0.0
2026-03-08 21:15:00+00:00,66794.46875,66980.1484375,66794.46875,66973.3203125,568031232,0.0,0.0
2026-03-08 21:30:00+00:00,66927.1328125,67003.0234375,66927.1328125,67001.859375,66048000,0.0,0.0
2026-03-08 21:45:00+00:00,67004.28125,67017.03125,66944.8828125,66978.71875,25040896,0.0,0.0
2026-03-08 22:00:00+00:00,66976.671875,66976.671875,65772.96875,65899.1484375,1402341376,0.0,0.0
2026-03-08 22:15:00+00:00,66041.3203125,66149.703125,65660.515625,65982.3203125,1104179200,0.0,0.0
2026-03-08 22:30:00+00:00,65922.3125,66238.53125,65804.7421875,66038.203125,720351232,0.0,0.0
2026-03-08 22:45:00+00:00,66049.0703125,66270.9140625,66049.0703125,66221.859375,103385088,0.0,0.0
2026-03-08 23:00:00+00:00,66215.1171875,66418.9140625,66173.4296875,66302.5,361183232,0.0,0.0
2026-03-08 23:15:00+00:00,66315.6640625,66529.421875,66275.5234375,66440.234375,968722432,0.0,0.0
2026-03-08 23:30:00+00:00,66474.3515625,66490.5078125,66192.375,66192.375,95096832,0.0,0.0
2026-03-08 23:45:00+00:00,66133.984375,66187.515625,65969.5859375,65969.5859375,1155043328,0.0,0.0
2026-03-09 00:00:00+00:00,65975.703125,66389.53125,65975.703125,66297.890625,152428544,0.0,0.0
2026-03-09 00:15:00+00:00,66299.8671875,66342.90625,65878.921875,66058.1953125,72814592,0.0,0.0
2026-03-09 00:30:00+00:00,66271.7421875,66716.171875,66264.390625,66402.078125,847540224,0.0,0.0
2026-03-09 00:45:00+00:00,66432.15625,66438.40625,66300.6875,66406.7734375,151336960,0.0,0.0
2026-03-09 01:00:00+00:00,66363.234375,66390.1640625,66176.90625,66299.859375,160200704,0.0,0.0
2026-03-09 01:15:00+00:00,66354.3515625,66577.1875,66285.046875,66484.7578125,777240576,0.0,0.0
2026-03-09 01:30:00+00:00,66503.203125,66658.3828125,66448.359375,66583.7109375,477634560,0.0,0.0
2026-03-09 01:45:00+00:00,66614.4140625,66614.4140625,66210.1796875,66239.640625,58732544,0.0,0.0
2026-03-09 02:00:00+00:00,66205.796875,66264.328125,66135.5390625,66212.4765625,422477824,0.0,0.0
2026-03-09 02:15:00+00:00,66167.4453125,66167.4453125,65990.5703125,66105.1796875,228306944,0.0,0.0
2026-03-09 02:30:00+00:00,66135.484375,66503.703125,66135.484375,66503.703125,170213376,0.0,0.0
2026-03-09 02:45:00+00:00,66542.1171875,66647.7265625,66542.1171875,66575.859375,46100480,0.0,0.0
2026-03-09 03:00:00+00:00,66602.0078125,67419.25,66602.0078125,67343.1015625,175374336,0.0,0.0
2026-03-09 03:15:00+00:00,67400.78125,67644.046875,67135.0859375,67208.6328125,652578816,0.0,0.0
2026-03-09 03:30:00+00:00,67237.1875,67302.3984375,67107.65625,67117.8828125,1893785600,0.0,0.0
2026-03-09 03:45:00+00:00,67104.84375,67227.3046875,67070.421875,67198.7890625,139132928,0.0,0.0
2026-03-09 04:00:00+00:00,67206.921875,67278.734375,67194.8125,67194.8125,51965952,0.0,0.0
2026-03-09 04:15:00+00:00,67183.390625,67584.3984375,67183.390625,67544.5,176041984,0.0,0.0
2026-03-09 04:30:00+00:00,67582.2109375,67582.2109375,67440.71875,67456.25,205631488,0.0,0.0
2026-03-09 04:45:00+00:00,67512.515625,67512.515625,67184.8125,67184.8125,0,0.0,0.0
2026-03-09 05:00:00+00:00,67133.9375,67220.125,67133.9375,67136.0234375,229576704,0.0,0.0
2026-03-09 05:15:00+00:00,67158.84375,67407.0859375,67152.4765625,67407.0859375,44228608,0.0,0.0
2026-03-09 05:30:00+00:00,67415.140625,67898.2421875,67415.140625,67898.2421875,479707136,0.0,0.0
2026-03-09 05:45:00+00:00,67898.25,68009.7265625,67838.921875,67887.1484375,703393792,0.0,0.0
2026-03-09 06:00:00+00:00,67890.9453125,67895.640625,67612.84375,67612.84375,331055104,0.0,0.0
2026-03-09 06:15:00+00:00,67606.140625,67680.6328125,67497.9453125,67497.9453125,112537600,0.0,0.0
2026-03-09 06:30:00+00:00,67508.03125,67508.03125,67326.3984375,67344.5546875,570241024,0.0,0.0
2026-03-09 06:45:00+00:00,67360.15625,67360.15625,67273.578125,67286.0859375,229597184,0.0,0.0
2026-03-09 07:00:00+00:00,67243.53125,67284.1640625,67153.390625,67246.578125,126029824,0.0,0.0
2026-03-09 07:15:00+00:00,67237.90625,67253.1953125,66968.28125,67244.984375,199319552,0.0,0.0
2026-03-09 07:30:00+00:00,67271.21875,67436.5,67271.21875,67433.4296875,378044416,0.0,0.0
2026-03-09 07:45:00+00:00,67423.015625,67532.5,67410.5546875,67527.171875,178561024,0.0,0.0
2026-03-09 08:00:00+00:00,67566.90625,67596.2109375,67498.28125,67541.1875,621674496,0.0,0.0
2026-03-09 08:15:00+00:00,67513.953125,67809.25,67431.875,67801.890625,96038912,0.0,0.0
2026-03-09 08:30:00+00:00,67783.9140625,67828.984375,67692.109375,67766.1015625,179859456,0.0,0.0
2026-03-09 08:45:00+00:00,67782.546875,67886.8828125,67746.921875,67810.0078125,351281152,0.0,0.0
2026-03-09 09:00:00+00:00,67799.359375,67799.359375,67615.15625,67747.0,201662464,0.0,0.0
2026-03-09 09:15:00+00:00,67789.6171875,68025.8515625,67789.6171875,68025.8515625,47976448,0.0,0.0
2026-03-09 09:30:00+00:00,68004.5546875,68402.0546875,67961.25,68402.0546875,404008960,0.0,0.0
2026-03-09 09:45:00+00:00,68354.78125,68405.1640625,67968.8359375,67968.8359375,238198784,0.0,0.0
2026-03-09 10:00:00+00:00,67984.6328125,68043.5078125,67930.0546875,67931.0078125,524976128,0.0,0.0
2026-03-09 10:15:00+00:00,67912.2421875,67914.9765625,67857.7421875,67870.890625,228044800,0.0,0.0
2026-03-09 10:30:00+00:00,67770.2890625,67808.1796875,67685.5234375,67685.5234375,146944000,0.0,0.0
2026-03-09 10:45:00+00:00,67646.8046875,67667.6875,67586.328125,67602.859375,182632448,0.0,0.0
2026-03-09 11:00:00+00:00,67596.6328125,67739.6015625,67596.6328125,67709.90625,0,0.0,0.0
2026-03-09 11:15:00+00:00,67700.09375,67700.09375,67398.3984375,67516.4375,97337344,0.0,0.0
2026-03-09 11:30:00+00:00,67460.1796875,67652.4453125,67460.1796875,67623.703125,155500544,0.0,0.0
2026-03-09 11:45:00+00:00,67628.1171875,67824.65625,67593.0078125,67781.9375,245886976,0.0,0.0
2026-03-09 12:00:00+00:00,67753.046875,67865.21875,67753.046875,67811.65625,139341824,0.0,0.0
2026-03-09 12:15:00+00:00,67877.9921875,68066.421875,67877.9921875,68066.421875,125534208,0.0,0.0
2026-03-09 12:30:00+00:00,68144.65625,68285.1328125,67996.2890625,68174.1171875,198242304,0.0,0.0
2026-03-09 12:45:00+00:00,68128.2109375,68197.796875,68055.171875,68197.796875,429355008,0.0,0.0
2026-03-09 13:00:00+00:00,68157.65625,68494.7734375,68157.65625,68467.140625,7036928,0.0,0.0
2026-03-09 13:15:00+00:00,68486.3671875,68718.859375,68218.25,68718.859375,0,0.0,0.0
2026-03-09 13:30:00+00:00,68798.4765625,69145.6015625,68753.171875,69145.6015625,1677529088,0.0,0.0
2026-03-09 13:45:00+00:00,69207.1953125,69249.7265625,68879.1015625,69038.953125,902750208,0.0,0.0
2026-03-09 14:00:00+00:00,69000.828125,69135.171875,68720.8671875,68806.34375,451817472,0.0,0.0
2026-03-09 14:15:00+00:00,68869.6953125,69252.7265625,68869.6953125,69150.953125,975933440,0.0,0.0
2026-03-09 14:30:00+00:00,69221.6171875,69453.5,69134.8984375,69374.5546875,704585728,0.0,0.0
2026-03-09 14:45:00+00:00,69406.765625,69406.765625,69138.15625,69149.828125,664543232,0.0,0.0
2026-03-09 15:00:00+00:00,69133.3984375,69232.6796875,69045.53125,69126.8515625,250630144,0.0,0.0
2026-03-09 15:15:00+00:00,69133.859375,69232.3671875,69040.53125,69072.640625,433053696,0.0,0.0
2026-03-09 15:30:00+00:00,69087.375,69105.734375,68771.984375,68771.984375,747102208,0.0,0.0
2026-03-09 15:45:00+00:00,68779.3046875,69033.59375,68779.3046875,69007.4609375,266899456,0.0,0.0
2026-03-09 16:00:00+00:00,68895.296875,69032.734375,68801.1953125,68817.1640625,261537792,0.0,0.0
2026-03-09 16:15:00+00:00,68808.640625,69013.578125,68782.6953125,69013.578125,117932032,0.0,0.0
2026-03-09 16:30:00+00:00,68970.9921875,69068.2265625,68729.2578125,69068.2265625,1257041920,0.0,0.0
2026-03-09 16:45:00+00:00,69109.7890625,69130.875,68938.9296875,68972.671875,405929984,0.0,0.0
2026-03-09 17:00:00+00:00,68971.8359375,69055.21875,68932.265625,68990.390625,0,0.0,0.0
2026-03-09 17:15:00+00:00,68984.84375,69027.8984375,68700.875,68700.875,230236160,0.0,0.0
2026-03-09 17:30:00+00:00,68661.03125,68724.8671875,68315.6796875,68315.6796875,182870016,0.0,0.0
2026-03-09 17:45:00+00:00,68417.40625,68658.5546875,68417.40625,68658.5546875,1103851520,0.0,0.0
2026-03-09 18:00:00+00:00,68622.078125,68622.078125,68265.109375,68473.328125,564035584,0.0,0.0
2026-03-09 18:15:00+00:00,68458.890625,68577.9453125,68447.5625,68567.328125,312123392,0.0,0.0
2026-03-09 18:30:00+00:00,68624.2421875,68690.2578125,68494.46875,68494.46875,117391360,0.0,0.0
2026-03-09 18:45:00+00:00,68508.8671875,68537.6015625,68344.578125,68344.578125,95940608,0.0,0.0
2026-03-09 19:00:00+00:00,68400.1640625,68523.921875,68400.1640625,68508.03125,50929664,0.0,0.0
2026-03-09 19:15:00+00:00,68416.28125,69347.0234375,68413.2265625,69265.6640625,530649088,0.0,0.0
2026-03-09 19:30:00+00:00,69326.375,69334.8125,68922.21875,68957.5625,612208640,0.0,0.0
2026-03-09 19:45:00+00:00,69003.453125,69053.765625,68864.7265625,69053.765625,419594240,0.0,0.0
2026-03-09 20:00:00+00:00,69006.203125,69139.6640625,68961.59375,68984.6484375,868577280,0.0,0.0
2026-03-09 20:15:00+00:00,69017.7890625,69077.7109375,68972.71875,68976.4453125,104038400,0.0,0.0
2026-03-09 20:30:00+00:00,68989.8828125,68989.8828125,68838.296875,68926.640625,78184448,0.0,0.0
2026-03-09 20:45:00+00:00,68909.5078125,69046.7734375,68822.3125,69026.1875,202776576,0.0,0.0
2026-03-09 21:00:00+00:00,68996.78125,69117.7890625,68996.78125,69007.546875,108236800,0.0,0.0
2026-03-09 21:15:00+00:00,69034.5625,69036.1875,68872.8046875,68901.40625,33378304,0.0,0.0
2026-03-09 21:30:00+00:00,68868.640625,68977.8515625,68746.65625,68977.8515625,263614464,0.0,0.0
2026-03-09 21:45:00+00:00,68979.4375,69009.71875,68930.4921875,69009.71875,197042176,0.0,0.0
2026-03-09 22:00:00+00:00,69014.3828125,69014.3828125,68731.96875,68757.2265625,0,0.0,0.0
2026-03-09 22:15:00+00:00,68821.65625,68855.7890625,68754.6015625,68855.7890625,0,0.0,0.0
2026-03-09 22:30:00+00:00,68849.109375,68853.9921875,68637.109375,68734.234375,0,0.0,0.0
2026-03-09 22:45:00+00:00,68743.7265625,68743.7265625,68630.859375,68654.75,209137664,0.0,0.0
2026-03-09 23:00:00+00:00,68642.3828125,68692.859375,68579.125,68630.2109375,0,0.0,0.0
2026-03-09 23:15:00+00:00,68646.0078125,68653.3515625,68532.7421875,68623.7265625,0,0.0,0.0
2026-03-09 23:30:00+00:00,68614.015625,68616.0,68543.4375,68568.25,162250752,0.0,0.0
2026-03-09 23:45:00+00:00,68561.2421875,68561.2421875,68401.4609375,68402.71875,671494144,0.0,0.0
2026-03-10 00:00:00+00:00,68443.1484375,68504.8046875,68432.28125,68504.8046875,0,0.0,0.0
2026-03-10 00:15:00+00:00,68459.578125,68926.21875,68439.09375,68926.21875,447655936,0.0,0.0
2026-03-10 00:30:00+00:00,68991.96875,69187.7421875,68926.9140625,69167.703125,119177216,0.0,0.0
2026-03-10 00:45:00+00:00,69201.3046875,69284.1796875,69097.7734375,69117.40625,225996800,0.0,0.0
2026-03-10 01:00:00+00:00,69163.484375,69206.046875,69120.609375,69170.890625,15462400,0.0,0.0
2026-03-10 01:15:00+00:00,69117.6796875,69117.6796875,68891.4375,68979.3125,379797504,0.0,0.0
2026-03-10 01:30:00+00:00,68985.4296875,69073.2265625,68846.6953125,68928.640625,90144768,0.0,0.0
2026-03-10 01:45:00+00:00,68951.53125,69330.5078125,68951.53125,69282.4609375,236613632,0.0,0.0
2026-03-10 02:00:00+00:00,69316.3984375,69326.125,69133.9375,69231.2109375,265142272,0.0,0.0
2026-03-10 02:15:00+00:00,69232.7734375,69294.6328125,69169.46875,69294.6328125,30367744,0.0,0.0
2026-03-10 02:30:00+00:00,69384.46875,70368.28125,69384.46875,70368.28125,944549888,0.0,0.0
2026-03-10 02:45:00+00:00,70302.3671875,70561.8515625,70282.6640625,70282.6640625,853127168,0.0,0.0
2026-03-10 03:00:00+00:00,70285.90625,70334.1875,70057.7421875,70172.1953125,57712640,0.0,0.0
2026-03-10 03:15:00+00:00,70188.4140625,70234.90625,70149.5703125,70160.46875,0,0.0,0.0
2026-03-10 03:30:00+00:00,70113.9375,70113.9375,69942.65625,69942.65625,177369088,0.0,0.0
2026-03-10 03:45:00+00:00,69872.765625,69872.765625,69454.2890625,69454.2890625,335953920,0.0,0.0
2026-03-10 04:00:00+00:00,69474.1640625,69733.625,69474.1640625,69720.8515625,17260544,0.0,0.0
2026-03-10 04:15:00+00:00,69735.1171875,69798.5,69631.6953125,69798.5,286666752,0.0,0.0
2026-03-10 04:30:00+00:00,69785.3125,70005.8515625,69785.3125,69966.671875,115281920,0.0,0.0
2026-03-10 04:45:00+00:00,69966.0859375,70092.0234375,69868.8046875,70082.0546875,141918208,0.0,0.0
2026-03-10 05:00:00+00:00,70054.296875,70267.0078125,70037.0859375,70267.0078125,205934592,0.0,0.0
2026-03-10 05:15:00+00:00,70190.734375,70311.6796875,70038.7734375,70038.7734375,333987840,0.0,0.0
2026-03-10 05:30:00+00:00,70040.640625,70126.71875,69924.609375,69971.5625,0,0.0,0.0
2026-03-10 05:45:00+00:00,69949.4453125,69977.1015625,69914.6171875,69966.9453125,0,0.0,0.0
2026-03-10 06:00:00+00:00,69942.6796875,69942.6796875,69871.6484375,69871.6484375,93847552,0.0,0.0
2026-03-10 06:15:00+00:00,69879.6953125,70160.3125,69773.6015625,70160.3125,64958464,0.0,0.0
2026-03-10 06:30:00+00:00,70154.796875,70154.796875,69987.8125,69990.0703125,324620288,0.0,0.0
2026-03-10 06:45:00+00:00,69989.5859375,70030.953125,69891.0,69906.546875,185118720,0.0,0.0
2026-03-10 07:00:00+00:00,69957.859375,70415.1171875,69845.078125,70285.890625,752066560,0.0,0.0
2026-03-10 07:15:00+00:00,70269.5390625,70465.3984375,70269.5390625,70311.75,144052224,0.0,0.0
2026-03-10 07:30:00+00:00,70315.71875,70390.5859375,70305.9921875,70355.0390625,105242624,0.0,0.0
2026-03-10 07:45:00+00:00,70338.7421875,70433.5078125,70310.953125,70338.8671875,271884288,0.0,0.0
2026-03-10 08:00:00+00:00,70392.390625,70914.65625,70392.390625,70815.5,177217536,0.0,0.0
2026-03-10 08:15:00+00:00,70862.765625,70969.640625,70768.109375,70835.40625,543375360,0.0,0.0
2026-03-10 08:30:00+00:00,70876.734375,71072.984375,70876.734375,70988.0859375,233562112,0.0,0.0
2026-03-10 08:45:00+00:00,70962.5703125,70962.5703125,70655.1875,70655.1875,9703424,0.0,0.0
2026-03-10 09:00:00+00:00,70670.4921875,70820.765625,70670.4921875,70820.765625,244125696,0.0,0.0
2026-03-10 09:15:00+00:00,70824.078125,71225.7421875,70789.0390625,71225.7421875,223379456,0.0,0.0
2026-03-10 09:30:00+00:00,71249.6484375,71266.8828125,71085.7578125,71114.578125,116125696,0.0,0.0
2026-03-10 09:45:00+00:00,71091.203125,71091.203125,70958.7265625,71034.453125,0,0.0,0.0
2026-03-10 10:00:00+00:00,71047.1484375,71047.1484375,70873.453125,70873.453125,0,0.0,0.0
2026-03-10 10:15:00+00:00,70893.8671875,70893.8671875,70779.515625,70801.3046875,224567296,0.0,0.0
2026-03-10 10:30:00+00:00,70929.6015625,70929.6015625,70704.0078125,70745.5,253116416,0.0,0.0
2026-03-10 10:45:00+00:00,70751.875,70862.484375,70690.234375,70813.3515625,8040448,0.0,0.0
2026-03-10 11:00:00+00:00,70758.9765625,70850.09375,70659.984375,70684.78125,743731200,0.0,0.0
2026-03-10 11:15:00+00:00,70649.109375,70746.6640625,70598.3203125,70654.2109375,0,0.0,0.0
2026-03-10 11:30:00+00:00,70649.4140625,70649.828125,70576.2890625,70576.2890625,823656448,0.0,0.0
2026-03-10 11:45:00+00:00,70588.1328125,70694.546875,70575.015625,70612.5078125,56999936,0.0,0.0
2026-03-10 12:00:00+00:00,70609.28125,70617.546875,70396.53125,70482.0859375,314130432,0.0,0.0
2026-03-10 12:15:00+00:00,70436.71875,70527.6796875,70420.3515625,70424.3359375,149442560,0.0,0.0
2026-03-10 12:30:00+00:00,70389.1875,70472.6640625,70329.375,70460.78125,110403584,0.0,0.0
2026-03-10 12:45:00+00:00,70454.46875,70583.046875,70454.46875,70508.40625,5677056,0.0,0.0
2026-03-10 13:00:00+00:00,70523.1875,70738.6328125,70523.1875,70721.7890625,0,0.0,0.0
2026-03-10 13:15:00+00:00,70830.9765625,70907.703125,70694.53125,70907.703125,90398720,0.0,0.0
2026-03-10 13:30:00+00:00,70856.7890625,70856.7890625,69762.796875,69762.796875,0,0.0,0.0
2026-03-10 13:45:00+00:00,69943.3984375,70275.40625,69890.375,69974.1328125,202313728,0.0,0.0
2026-03-10 14:00:00+00:00,69935.9921875,70056.421875,69508.3515625,69603.546875,166977536,0.0,0.0
2026-03-10 14:15:00+00:00,69528.0703125,69854.5546875,69513.640625,69808.1953125,204083200,0.0,0.0
2026-03-10 14:30:00+00:00,69811.8203125,70441.4921875,69811.8203125,70441.4921875,6586368,0.0,0.0
2026-03-10 14:45:00+00:00,70472.8046875,71453.234375,70429.0859375,71435.6484375,1034207232,0.0,0.0
2026-03-10 15:00:00+00:00,71568.4140625,71751.71875,71213.65625,71228.9609375,650293248,0.0,0.0
2026-03-10 15:15:00+00:00,71048.7578125,71380.0234375,71048.7578125,71370.3671875,546996224,0.0,0.0
2026-03-10 15:30:00+00:00,71396.3125,71495.1640625,71037.1640625,71221.5,208150528,0.0,0.0
2026-03-10 15:45:00+00:00,71165.3828125,71360.6640625,70945.703125,71360.6640625,216174592,0.0,0.0
2026-03-10 16:00:00+00:00,71382.9375,71382.9375,71016.2421875,71086.640625,327897088,0.0,0.0
2026-03-10 16:15:00+00:00,71151.3515625,71699.7265625,71151.3515625,71434.9375,420065280,0.0,0.0
2026-03-10 16:30:00+00:00,71380.6171875,71447.0390625,71242.65625,71396.5625,209854464,0.0,0.0
2026-03-10 16:45:00+00:00,71401.890625,71401.890625,71212.3125,71226.984375,62783488,0.0,0.0
2026-03-10 17:00:00+00:00,71269.1640625,71457.875,71245.28125,71292.6328125,24248320,0.0,0.0
2026-03-10 17:15:00+00:00,71280.3046875,71306.1796875,71040.1875,71101.5,108318720,0.0,0.0
2026-03-10 17:30:00+00:00,71075.4453125,71212.0703125,70661.4609375,70665.4453125,434515968,0.0,0.0
2026-03-10 17:45:00+00:00,70699.59375,70979.75,70619.2265625,70899.8515625,1167081472,0.0,0.0
2026-03-10 18:00:00+00:00,70877.2265625,70888.8359375,70646.640625,70646.640625,0,0.0,0.0
2026-03-10 18:15:00+00:00,70391.8203125,70484.625,70234.7421875,70432.21875,360845312,0.0,0.0
2026-03-10 18:30:00+00:00,70349.1015625,70440.9609375,70087.2890625,70108.328125,711118848,0.0,0.0
2026-03-10 18:45:00+00:00,70022.703125,70170.890625,69949.421875,69969.8046875,425254912,0.0,0.0
2026-03-10 19:00:00+00:00,70017.2265625,70140.578125,69921.96875,69965.6875,233820160,0.0,0.0
2026-03-10 19:15:00+00:00,70073.390625,70245.8359375,69930.8828125,69980.6328125,82075648,0.0,0.0
2026-03-10 19:30:00+00:00,69981.796875,70104.1015625,69837.5078125,70104.1015625,0,0.0,0.0
2026-03-10 19:45:00+00:00,70025.625,70033.28125,69968.328125,70001.09375,138039296,0.0,0.0
2026-03-10 20:00:00+00:00,70050.2265625,70204.828125,70050.2265625,70074.3125,209936384,0.0,0.0
2026-03-10 20:15:00+00:00,70103.3515625,70236.640625,70043.0703125,70236.640625,33591296,0.0,0.0
2026-03-10 20:30:00+00:00,70263.265625,70320.6328125,70244.0859375,70250.2109375,194158592,0.0,0.0
2026-03-10 20:45:00+00:00,70281.296875,70289.6875,70254.5,70254.5,270667776,0.0,0.0
2026-03-10 21:00:00+00:00,70256.2890625,70390.609375,70118.234375,70126.28125,0,0.0,0.0
2026-03-10 21:15:00+00:00,70109.890625,70182.71875,70001.0703125,70001.0703125,992268288,0.0,0.0
2026-03-10 21:30:00+00:00,69962.4609375,70024.0390625,69672.984375,69742.2890625,128057344,0.0,0.0
2026-03-10 21:45:00+00:00,69742.6484375,69807.8828125,69568.7578125,69781.28125,297820160,0.0,0.0
2026-03-10 22:00:00+00:00,69816.8125,69855.578125,69495.7421875,69623.9609375,81895424,0.0,0.0
2026-03-10 22:15:00+00:00,69622.1484375,69726.9765625,69491.3828125,69685.9765625,286396416,0.0,0.0
2026-03-10 22:30:00+00:00,69641.40625,69687.171875,69532.0390625,69687.171875,1037762560,0.0,0.0
2026-03-10 22:45:00+00:00,69645.1484375,69751.2421875,69619.3984375,69708.0234375,218324992,0.0,0.0
2026-03-10 23:00:00+00:00,69707.1796875,69824.34375,69707.1796875,69809.921875,301699072,0.0,0.0
2026-03-10 23:15:00+00:00,69834.4609375,69871.4140625,69722.4921875,69788.15625,59990016,0.0,0.0
2026-03-10 23:30:00+00:00,69814.625,69952.984375,69811.28125,69926.65625,331796480,0.0,0.0
2026-03-10 23:45:00+00:00,69939.109375,69950.96875,69901.40625,69931.25,85381120,0.0,0.0
2026-03-11 00:00:00+00:00,69956.9296875,70063.6796875,69780.265625,70063.6796875,32067584,0.0,0.0
2026-03-11 00:15:00+00:00,70070.890625,70137.1015625,69895.6875,70128.484375,88334336,0.0,0.0
2026-03-11 00:30:00+00:00,70069.4140625,70069.4140625,69857.4140625,69857.4140625,20377600,0.0,0.0
2026-03-11 00:45:00+00:00,69845.046875,70146.609375,69845.046875,70093.7734375,43008000,0.0,0.0
2026-03-11 01:00:00+00:00,70053.5078125,70106.15625,70030.046875,70101.828125,550907904,0.0,0.0
2026-03-11 01:15:00+00:00,70001.46875,70123.3125,70001.46875,70040.6796875,209797120,0.0,0.0
2026-03-11 01:30:00+00:00,70049.5703125,70073.3515625,69907.9921875,69969.2265625,237051904,0.0,0.0
2026-03-11 01:45:00+00:00,69968.1015625,70102.703125,69951.2265625,70089.4921875,201310208,0.0,0.0
2026-03-11 02:00:00+00:00,70086.0390625,70117.4765625,70027.078125,70027.078125,37543936,0.0,0.0
2026-03-11 02:15:00+00:00,70013.1953125,70041.578125,69954.7421875,69989.421875,396705792,0.0,0.0
2026-03-11 02:30:00+00:00,69970.8671875,69970.8671875,69691.3984375,69736.1875,0,0.0,0.0
2026-03-11 02:45:00+00:00,69708.859375,69790.0859375,69663.953125,69790.0859375,0,0.0,0.0
2026-03-11 03:00:00+00:00,69816.5078125,69849.1328125,69706.0546875,69709.2421875,855482368,0.0,0.0
2026-03-11 03:15:00+00:00,69707.125,69707.125,69526.8203125,69556.1953125,122376192,0.0,0.0
2026-03-11 03:30:00+00:00,69549.4765625,69634.828125,69549.4765625,69585.671875,3891200,0.0,0.0
2026-03-11 03:45:00+00:00,69572.1484375,69647.8984375,69527.078125,69571.8671875,25755648,0.0,0.0
2026-03-11 04:00:00+00:00,69544.28125,69620.75,69538.9921875,69620.75,0,0.0,0.0
2026-03-11 04:15:00+00:00,69662.03125,69957.0546875,69658.078125,69905.109375,20029440,0.0,0.0
2026-03-11 04:30:00+00:00,69979.859375,70013.5625,69938.015625,69991.8359375,162435072,0.0,0.0
2026-03-11 04:45:00+00:00,70002.53125,70256.4609375,69994.0859375,70142.796875,45142016,0.0,0.0
2026-03-11 05:00:00+00:00,70151.9296875,70153.9609375,70024.2578125,70043.703125,99700736,0.0,0.0
2026-03-11 05:15:00+00:00,70026.75,70027.4921875,69936.3046875,69968.6875,157356032,0.0,0.0
2026-03-11 05:30:00+00:00,69942.0546875,69942.0546875,69453.703125,69453.703125,40030208,0.0,0.0
2026-03-11 05:45:00+00:00,69556.3515625,69601.8125,69516.7734375,69552.3046875,445140992,0.0,0.0
2026-03-11 06:00:00+00:00,69512.671875,69710.3046875,69512.671875,69710.3046875,58277888,0.0,0.0
2026-03-11 06:15:00+00:00,69713.90625,69820.921875,69713.90625,69786.2265625,86368256,0.0,0.0
2026-03-11 06:30:00+00:00,69801.8984375,69916.234375,69801.8984375,69834.3671875,40366080,0.0,0.0
2026-03-11 06:45:00+00:00,69842.234375,69972.96875,69742.578125,69965.296875,104812544,0.0,0.0
2026-03-11 07:00:00+00:00,69956.421875,69987.2265625,69900.1875,69926.0234375,0,0.0,0.0
2026-03-11 07:15:00+00:00,69916.1015625,69916.1015625,69802.03125,69832.078125,66494464,0.0,0.0
2026-03-11 07:30:00+00:00,69796.6875,69796.6875,69527.34375,69596.1875,11812864,0.0,0.0
2026-03-11 07:45:00+00:00,69555.390625,69732.046875,69555.390625,69666.4765625,239702016,0.0,0.0
2026-03-11 08:00:00+00:00,69674.875,69757.7734375,69609.2265625,69609.2265625,0,0.0,0.0
2026-03-11 08:15:00+00:00,69636.5390625,69641.7421875,69527.109375,69527.109375,0,0.0,0.0
2026-03-11 08:30:00+00:00,69511.2578125,69738.453125,69507.9453125,69683.6640625,1294778368,0.0,0.0
2026-03-11 08:45:00+00:00,69687.9453125,69687.9453125,69526.9453125,69637.3046875,0,0.0,0.0
2026-03-11 09:00:00+00:00,69644.890625,69644.890625,69566.78125,69569.5,97640448,0.0,0.0
2026-03-11 09:15:00+00:00,69556.6015625,69646.046875,69556.6015625,69608.1484375,0,0.0,0.0
2026-03-11 09:30:00+00:00,69545.71875,69614.015625,69404.7421875,69578.3515625,17354752,0.0,0.0
2026-03-11 09:45:00+00:00,69567.4453125,69732.140625,69411.1796875,69411.1796875,37212160,0.0,0.0
2026-03-11 10:00:00+00:00,69466.3125,69523.8125,69430.703125,69464.1953125,0,0.0,0.0
2026-03-11 10:15:00+00:00,69503.90625,69537.046875,69472.4765625,69478.6171875,861343744,0.0,0.0
2026-03-11 10:30:00+00:00,69502.78125,69672.5078125,69502.78125,69672.5078125,0,0.0,0.0
2026-03-11 10:45:00+00:00,69693.75,69693.75,69597.0234375,69627.4453125,689500160,0.0,0.0
2026-03-11 11:00:00+00:00,69617.2578125,69645.7890625,69576.7109375,69587.5,149155840,0.0,0.0
2026-03-11 11:15:00+00:00,69593.671875,69634.09375,69453.6796875,69453.6796875,61263872,0.0,0.0
2026-03-11 11:30:00+00:00,69455.765625,69552.4765625,69422.1171875,69422.1171875,65323008,0.0,0.0
2026-03-11 11:45:00+00:00,69436.5703125,69471.65625,69247.8671875,69247.8671875,146317312,0.0,0.0
2026-03-11 12:00:00+00:00,69178.859375,69229.078125,68998.8671875,69143.4453125,0,0.0,0.0
2026-03-11 12:15:00+00:00,69173.6015625,69434.71875,69173.6015625,69393.7578125,87433216,0.0,0.0
2026-03-11 12:30:00+00:00,69472.7890625,69547.234375,69202.1953125,69228.140625,228950016,0.0,0.0
2026-03-11 12:45:00+00:00,69262.5234375,69383.4375,69204.59375,69372.46875,603627520,0.0,0.0
2026-03-11 13:00:00+00:00,69363.40625,69741.296875,69356.203125,69741.296875,0,0.0,0.0
2026-03-11 13:15:00+00:00,69909.453125,70324.4765625,69844.578125,70214.2421875,458506240,0.0,0.0
2026-03-11 13:30:00+00:00,70222.8125,71038.4375,70222.8125,70709.3828125,804556800,0.0,0.0
2026-03-11 13:45:00+00:00,70419.859375,70419.859375,69856.296875,70186.515625,388276224,0.0,0.0
2026-03-11 14:00:00+00:00,70195.28125,70759.3203125,70055.15625,70082.3671875,851574784,0.0,0.0
2026-03-11 14:15:00+00:00,70230.9140625,70528.1328125,70230.640625,70452.75,319205376,0.0,0.0
2026-03-11 14:30:00+00:00,70676.234375,70926.5625,70479.9765625,70865.578125,734507008,0.0,0.0
2026-03-11 14:45:00+00:00,70866.7109375,70866.7109375,70666.4921875,70690.9921875,271581184,0.0,0.0
2026-03-11 15:00:00+00:00,70617.7734375,70617.7734375,70123.390625,70123.390625,0,0.0,0.0
2026-03-11 15:15:00+00:00,70164.4453125,70441.2109375,70115.5,70347.953125,652201984,0.0,0.0
2026-03-11 15:30:00+00:00,70260.1875,70260.1875,69850.2109375,70230.6640625,0,0.0,0.0
2026-03-11 15:45:00+00:00,70097.515625,70306.03125,69963.4609375,70278.3515625,253554688,0.0,0.0
2026-03-11 16:00:00+00:00,70242.484375,70453.7265625,70226.9375,70446.0625,480489472,0.0,0.0
2026-03-11 16:15:00+00:00,70470.890625,70497.6953125,70350.0546875,70458.625,109039616,0.0,0.0
2026-03-11 16:30:00+00:00,70462.1640625,70771.1875,70462.1640625,70678.671875,125911040,0.0,0.0
2026-03-11 16:45:00+00:00,70746.0703125,70777.78125,70571.2109375,70572.265625,387985408,0.0,0.0
2026-03-11 17:00:00+00:00,70580.484375,70969.609375,70580.484375,70969.609375,228143104,0.0,0.0
2026-03-11 17:15:00+00:00,70889.28125,71308.46875,70889.28125,71240.5234375,367706112,0.0,0.0
2026-03-11 17:30:00+00:00,71271.2578125,71337.6640625,70599.6484375,70750.5703125,301744128,0.0,0.0
2026-03-11 17:45:00+00:00,70835.2890625,70945.25,70699.9296875,70801.609375,2357706752,0.0,0.0
2026-03-11 18:00:00+00:00,70794.34375,70878.6875,70703.8203125,70780.59375,693096448,0.0,0.0
2026-03-11 18:15:00+00:00,70780.640625,70840.9140625,70728.9140625,70765.2578125,0,0.0,0.0
2026-03-11 18:30:00+00:00,70724.21875,70754.6640625,70466.8125,70466.8125,0,0.0,0.0
2026-03-11 18:45:00+00:00,70523.6328125,70778.1640625,70491.5859375,70664.5546875,45039616,0.0,0.0
2026-03-11 19:00:00+00:00,70648.3984375,70648.3984375,70416.71875,70461.8984375,56823808,0.0,0.0
2026-03-11 19:15:00+00:00,70495.734375,70572.9609375,70431.484375,70544.5625,17285120,0.0,0.0
2026-03-11 19:30:00+00:00,70546.1171875,70717.5703125,70536.53125,70655.5703125,104390656,0.0,0.0
2026-03-11 19:45:00+00:00,70694.2734375,70730.2421875,70612.9921875,70667.578125,18882560,0.0,0.0
2026-03-11 20:00:00+00:00,70670.0,70670.0,70461.3359375,70480.34375,48902144,0.0,0.0
2026-03-11 20:15:00+00:00,70446.34375,70520.703125,70435.7109375,70443.3046875,328224768,0.0,0.0
2026-03-11 20:30:00+00:00,70463.5390625,70584.328125,70463.0703125,70547.1796875,55418880,0.0,0.0
2026-03-11 20:45:00+00:00,70567.9765625,70665.5,70521.25,70665.5,5357568,0.0,0.0
2026-03-11 21:00:00+00:00,70660.984375,70759.6640625,70526.9609375,70526.9609375,90308608,0.0,0.0
2026-03-11 21:15:00+00:00,70566.9921875,70608.0390625,70551.5625,70593.34375,105525248,0.0,0.0
2026-03-11 21:30:00+00:00,70573.5546875,70696.203125,70573.5546875,70662.671875,0,0.0,0.0
2026-03-11 21:45:00+00:00,70606.1171875,70771.0546875,70606.1171875,70742.6796875,53944320,0.0,0.0
2026-03-11 22:00:00+00:00,70762.3359375,70901.875,70702.34375,70901.875,0,0.0,0.0
2026-03-11 22:15:00+00:00,70795.765625,70795.765625,70551.5625,70551.5625,61161472,0.0,0.0
2026-03-11 22:30:00+00:00,70508.5234375,70513.578125,70327.4140625,70398.078125,27025408,0.0,0.0
2026-03-11 22:45:00+00:00,70416.375,70494.890625,70338.1328125,70359.6875,334249984,0.0,0.0
2026-03-11 23:00:00+00:00,70375.9453125,70507.0234375,70375.9453125,70487.5078125,1145143296,0.0,0.0
2026-03-11 23:15:00+00:00,70488.7734375,70488.7734375,70351.5234375,70389.8671875,0,0.0,0.0
2026-03-11 23:30:00+00:00,70345.65625,70402.84375,70281.7578125,70365.828125,0,0.0,0.0
2026-03-11 23:45:00+00:00,70275.0546875,70303.0234375,70165.6640625,70209.765625,28360704,0.0,0.0
2026-03-12 00:00:00+00:00,70202.765625,70315.765625,70170.671875,70315.765625,0,0.0,0.0
2026-03-12 00:15:00+00:00,70257.5390625,70357.203125,70252.9609375,70315.0625,293654528,0.0,0.0
2026-03-12 00:30:00+00:00,70299.71875,70313.3671875,70194.640625,70257.984375,28782592,0.0,0.0
2026-03-12 00:45:00+00:00,70282.3359375,70291.2734375,70215.1328125,70248.6640625,271769600,0.0,0.0
2026-03-12 01:00:00+00:00,70225.3671875,70225.3671875,69908.0859375,69908.0859375,192360448,0.0,0.0
2026-03-12 01:15:00+00:00,69919.0390625,69985.2890625,69919.0390625,69985.2890625,115597312,0.0,0.0
2026-03-12 01:30:00+00:00,69938.3984375,69971.3671875,69825.15625,69971.3671875,23212032,0.0,0.0
2026-03-12 01:45:00+00:00,69972.671875,69988.671875,69795.2578125,69807.671875,313999360,0.0,0.0
2026-03-12 02:00:00+00:00,69841.84375,69878.34375,69814.0390625,69818.4609375,9904128,0.0,0.0
2026-03-12 02:15:00+00:00,69809.6484375,69811.7578125,69555.09375,69635.0546875,0,0.0,0.0
2026-03-12 02:30:00+00:00,69636.875,69636.875,69409.5234375,69448.3203125,274489344,0.0,0.0
2026-03-12 02:45:00+00:00,69464.125,69485.15625,69252.6015625,69334.328125,79745024,0.0,0.0
2026-03-12 03:00:00+00:00,69305.109375,69414.5390625,69305.109375,69320.7734375,0,0.0,0.0
2026-03-12 03:15:00+00:00,69367.78125,69485.3515625,69367.78125,69424.296875,0,0.0,0.0
2026-03-12 03:30:00+00:00,69431.3828125,69606.9765625,69431.3828125,69595.375,40267776,0.0,0.0
2026-03-12 03:45:00+00:00,69567.671875,69567.671875,69315.5078125,69437.1015625,42496000,0.0,0.0
2026-03-12 04:00:00+00:00,69468.0546875,69652.890625,69468.0546875,69616.2265625,119111680,0.0,0.0
2026-03-12 04:15:00+00:00,69615.3515625,69615.3515625,69479.2421875,69490.9765625,56340480,0.0,0.0
2026-03-12 04:30:00+00:00,69482.7109375,69482.7109375,69326.4921875,69399.2109375,43819008,0.0,0.0
2026-03-12 04:45:00+00:00,69383.46875,69403.859375,69346.484375,69403.859375,0,0.0,0.0
2026-03-12 05:00:00+00:00,69380.015625,69458.1328125,69347.8984375,69420.2578125,49729536,0.0,0.0
2026-03-12 05:15:00+00:00,69366.921875,69395.4375,69242.03125,69242.03125,218177536,0.0,0.0
2026-03-12 05:30:00+00:00,69258.2734375,69532.65625,69258.2734375,69532.65625,255041536,0.0,0.0
2026-03-12 05:45:00+00:00,69526.0625,69526.0625,69419.8125,69437.375,132980736,0.0,0.0
2026-03-12 06:00:00+00:00,69454.578125,69454.578125,69376.046875,69449.421875,181256192,0.0,0.0
2026-03-12 06:15:00+00:00,69456.28125,69534.84375,69433.4296875,69531.0625,159293440,0.0,0.0
2026-03-12 06:30:00+00:00,69543.7734375,69543.7734375,69427.515625,69474.7890625,60825600,0.0,0.0
2026-03-12 06:45:00+00:00,69487.90625,69497.2421875,69441.890625,69463.3359375,18472960,0.0,0.0
2026-03-12 07:00:00+00:00,69486.75,69507.7734375,69447.0234375,69488.65625,73617408,0.0,0.0
2026-03-12 07:15:00+00:00,69555.25,69614.8828125,69539.21875,69614.8828125,133603328,0.0,0.0
2026-03-12 07:30:00+00:00,69613.9140625,69739.53125,69612.828125,69710.046875,149786624,0.0,0.0
2026-03-12 07:45:00+00:00,69707.5546875,69847.9140625,69707.5546875,69813.4296875,63082496,0.0,0.0
2026-03-12 08:00:00+00:00,69831.0390625,69904.1796875,69731.140625,69731.140625,43671552,0.0,0.0
2026-03-12 08:15:00+00:00,69769.328125,70051.109375,69761.328125,69795.046875,55676928,0.0,0.0
2026-03-12 08:30:00+00:00,69811.9609375,69883.6953125,69726.53125,69776.453125,1234243584,0.0,0.0
2026-03-12 08:45:00+00:00,69818.65625,69890.796875,69794.6875,69851.5390625,306585600,0.0,0.0
2026-03-12 09:00:00+00:00,69898.03125,69901.09375,69757.4765625,69757.4765625,0,0.0,0.0
2026-03-12 09:15:00+00:00,69752.0,69752.0,69634.1640625,69744.734375,451788800,0.0,0.0
2026-03-12 09:30:00+00:00,69748.6953125,70064.09375,69748.6953125,70064.09375,35815424,0.0,0.0
2026-03-12 09:45:00+00:00,70314.84375,70314.84375,69904.0625,69976.53125,803381248,0.0,0.0
2026-03-12 10:00:00+00:00,70041.3515625,70041.3515625,69894.4765625,69921.8828125,0,0.0,0.0
2026-03-12 10:15:00+00:00,69969.125,70173.203125,69969.125,70137.984375,1198686208,0.0,0.0
2026-03-12 10:30:00+00:00,70221.9375,70446.578125,70160.3828125,70384.5078125,77787136,0.0,0.0
2026-03-12 10:45:00+00:00,70385.765625,70469.5703125,70315.5859375,70457.4765625,196198400,0.0,0.0
2026-03-12 11:00:00+00:00,70409.8125,70506.859375,70405.15625,70440.28125,111325184,0.0,0.0
2026-03-12 11:15:00+00:00,70424.65625,70608.0859375,70424.65625,70472.7421875,33910784,0.0,0.0
2026-03-12 11:30:00+00:00,70565.703125,70743.3203125,70514.3046875,70713.0234375,397148160,0.0,0.0
2026-03-12 11:45:00+00:00,70700.2578125,70709.0078125,70452.9453125,70452.9453125,240427008,0.0,0.0
2026-03-12 12:00:00+00:00,70438.421875,70438.421875,70323.0859375,70358.28125,11542528,0.0,0.0
2026-03-12 12:15:00+00:00,70394.1484375,70483.328125,70361.0546875,70430.1640625,138846208,0.0,0.0
2026-03-12 12:30:00+00:00,70425.859375,70449.6875,70312.3984375,70441.7890625,0,0.0,0.0
2026-03-12 12:45:00+00:00,70498.1328125,70604.1953125,70376.8203125,70376.8203125,340934656,0.0,0.0
2026-03-12 13:00:00+00:00,70394.90625,70536.6328125,70377.03125,70469.75,937455616,0.0,0.0
2026-03-12 13:15:00+00:00,70433.0,70433.0,70050.8515625,70105.3671875,0,0.0,0.0
2026-03-12 13:30:00+00:00,70066.7578125,70445.7890625,70015.9921875,70228.6796875,0,0.0,0.0
2026-03-12 13:45:00+00:00,70113.0234375,70113.0234375,69765.0234375,69858.9140625,624701440,0.0,0.0
2026-03-12 14:00:00+00:00,69975.453125,70423.125,69975.453125,70423.125,0,0.0,0.0
2026-03-12 14:15:00+00:00,70406.140625,70519.6015625,70021.140625,70036.859375,174583808,0.0,0.0
2026-03-12 14:30:00+00:00,69987.171875,69987.171875,69453.703125,69453.703125,464617472,0.0,0.0
2026-03-12 14:45:00+00:00,69598.265625,69712.90625,69426.078125,69529.3515625,381132800,0.0,0.0
2026-03-12 15:00:00+00:00,69610.9921875,69761.6171875,69575.453125,69652.0,60735488,0.0,0.0
2026-03-12 15:15:00+00:00,69762.0078125,70422.515625,69757.078125,70369.3671875,369876992,0.0,0.0
2026-03-12 15:30:00+00:00,70302.5,70551.171875,70207.0625,70415.875,294199296,0.0,0.0
2026-03-12 15:45:00+00:00,70398.5,70463.9609375,70270.5234375,70270.5234375,412815360,0.0,0.0
2026-03-12 16:00:00+00:00,70318.53125,70441.1796875,69966.234375,70039.3671875,0,0.0,0.0
2026-03-12 16:15:00+00:00,70145.96875,70542.9921875,70145.96875,70158.1328125,297037824,0.0,0.0
2026-03-12 16:30:00+00:00,70086.09375,70458.4140625,70086.09375,70440.3125,460947456,0.0,0.0
2026-03-12 16:45:00+00:00,70402.625,70502.8203125,70318.5859375,70422.5625,549928960,0.0,0.0
2026-03-12 17:00:00+00:00,70408.3125,70549.390625,70379.9765625,70462.3671875,0,0.0,0.0
2026-03-12 17:15:00+00:00,70457.5625,70489.5703125,70276.0703125,70472.0703125,324608000,0.0,0.0
2026-03-12 17:30:00+00:00,70319.234375,70438.390625,70319.234375,70365.609375,711921664,0.0,0.0
2026-03-12 17:45:00+00:00,70389.5078125,70393.984375,70193.0390625,70276.96875,0,0.0,0.0
2026-03-12 18:00:00+00:00,70240.9921875,70269.046875,70114.484375,70246.6796875,0,0.0,0.0
2026-03-12 18:15:00+00:00,70230.59375,70266.515625,69918.2578125,70062.1796875,306061312,0.0,0.0
2026-03-12 18:30:00+00:00,70035.109375,70083.4921875,69953.8125,69957.703125,464601088,0.0,0.0
2026-03-12 18:45:00+00:00,69967.0390625,69967.0390625,69830.15625,69830.15625,42844160,0.0,0.0
2026-03-12 19:00:00+00:00,69900.21875,69933.765625,69825.1015625,69907.5625,0,0.0,0.0
2026-03-12 19:15:00+00:00,69938.609375,70208.8046875,69938.609375,70208.8046875,464396288,0.0,0.0
2026-03-12 19:30:00+00:00,70280.78125,70349.3828125,70280.78125,70334.2421875,552652800,0.0,0.0
2026-03-12 19:45:00+00:00,70328.2734375,70557.953125,70313.328125,70520.96875,269697024,0.0,0.0
2026-03-12 20:00:00+00:00,70487.4765625,70540.984375,70398.609375,70404.8515625,129134592,0.0,0.0
2026-03-12 20:15:00+00:00,70414.359375,70429.1796875,70325.1875,70340.3671875,331415552,0.0,0.0
2026-03-12 20:30:00+00:00,70339.4140625,70339.4140625,70166.921875,70166.921875,157532160,0.0,0.0
2026-03-12 20:45:00+00:00,70155.8515625,70249.28125,70155.8515625,70189.828125,40980480,0.0,0.0
2026-03-12 21:00:00+00:00,70215.859375,70434.609375,70215.859375,70430.9296875,214974464,0.0,0.0
2026-03-12 21:15:00+00:00,70392.2421875,70403.40625,70301.4453125,70306.8359375,0,0.0,0.0
2026-03-12 21:30:00+00:00,70280.390625,70280.390625,70223.71875,70249.0703125,14831616,0.0,0.0
2026-03-12 21:45:00+00:00,70307.09375,70371.6953125,70263.90625,70371.6953125,25034752,0.0,0.0
2026-03-12 22:00:00+00:00,70298.6796875,70298.6796875,70192.1640625,70251.8046875,101310464,0.0,0.0
2026-03-12 22:15:00+00:00,70223.3984375,70261.2421875,70132.6171875,70194.4921875,42545152,0.0,0.0
2026-03-12 22:30:00+00:00,70195.1328125,70205.0625,70064.7421875,70124.4453125,59113472,0.0,0.0
2026-03-12 22:45:00+00:00,70105.828125,70132.71875,70041.546875,70132.71875,85721088,0.0,0.0
2026-03-12 23:00:00+00:00,70210.5546875,70455.0390625,70210.5546875,70455.0390625,936058880,0.0,0.0
2026-03-12 23:15:00+00:00,70477.234375,70712.6171875,70477.234375,70506.09375,536436736,0.0,0.0
2026-03-12 23:30:00+00:00,70535.5078125,70644.46875,70496.3671875,70644.46875,175919104,0.0,0.0
2026-03-12 23:45:00+00:00,70633.5234375,70633.5234375,70492.3671875,70497.046875,0,0.0,0.0
2026-03-13 00:00:00+00:00,70446.8671875,70949.1875,70426.640625,70949.1875,196313088,0.0,0.0
2026-03-13 00:15:00+00:00,71084.046875,71691.4765625,71084.046875,71425.5390625,1370157056,0.0,0.0
2026-03-13 00:30:00+00:00,71726.953125,71953.484375,71527.5625,71527.5625,779145216,0.0,0.0
2026-03-13 00:45:00+00:00,71525.2265625,71525.2265625,71314.6171875,71391.15625,1301852160,0.0,0.0
2026-03-13 01:00:00+00:00,71624.4140625,71670.890625,71556.5078125,71619.9609375,628961280,0.0,0.0
2026-03-13 01:15:00+00:00,71611.1171875,71682.234375,71485.953125,71572.7265625,201474048,0.0,0.0
2026-03-13 01:30:00+00:00,71545.3828125,71654.8828125,71329.6796875,71650.21875,469938176,0.0,0.0
2026-03-13 01:45:00+00:00,71627.34375,71684.4375,71581.4921875,71636.0703125,374345728,0.0,0.0
2026-03-13 02:00:00+00:00,71657.53125,71657.53125,71523.953125,71590.4375,0,0.0,0.0
2026-03-13 02:15:00+00:00,71574.1171875,71574.1171875,71455.203125,71471.4921875,86827008,0.0,0.0
2026-03-13 02:30:00+00:00,71477.5625,71477.5625,71180.65625,71180.65625,393121792,0.0,0.0
2026-03-13 02:45:00+00:00,71183.6875,71254.1171875,71095.921875,71166.265625,309862400,0.0,0.0
2026-03-13 03:00:00+00:00,71170.2734375,71241.5078125,71131.25,71214.3515625,78471168,0.0,0.0
2026-03-13 03:15:00+00:00,71191.2265625,71269.6640625,71098.7109375,71098.7109375,263720960,0.0,0.0
2026-03-13 03:30:00+00:00,71069.421875,71157.9765625,71045.5234375,71115.671875,32649216,0.0,0.0
2026-03-13 03:45:00+00:00,71130.0078125,71445.34375,71130.0078125,71403.625,1157390336,0.0,0.0
2026-03-13 04:00:00+00:00,71404.71875,71477.6015625,71364.609375,71366.109375,128008192,0.0,0.0
2026-03-13 04:15:00+00:00,71367.65625,71367.65625,71264.125,71264.125,226467840,0.0,0.0
2026-03-13 04:30:00+00:00,71296.375,71386.5859375,71296.375,71386.5703125,266362880,0.0,0.0
2026-03-13 04:45:00+00:00,71408.34375,71408.34375,71313.0078125,71335.875,289316864,0.0,0.0
2026-03-13 05:00:00+00:00,71357.265625,71409.78125,71250.8984375,71250.8984375,388300800,0.0,0.0
2026-03-13 05:15:00+00:00,71291.640625,71431.7578125,71287.265625,71431.7578125,71524352,0.0,0.0
2026-03-13 05:30:00+00:00,71440.1796875,71599.640625,71440.1796875,71599.640625,225382400,0.0,0.0
2026-03-13 05:45:00+00:00,71605.7578125,71608.5859375,71488.671875,71604.609375,207953920,0.0,0.0
2026-03-13 06:00:00+00:00,71569.609375,71584.1171875,71474.4609375,71474.4609375,645828608,0.0,0.0
2026-03-13 06:15:00+00:00,71471.53125,71485.1875,71270.578125,71270.578125,140251136,0.0,0.0
2026-03-13 06:30:00+00:00,71271.2734375,71321.5859375,71193.234375,71260.671875,476872704,0.0,0.0
2026-03-13 06:45:00+00:00,71253.3359375,71358.078125,71235.25,71342.6640625,184537088,0.0,0.0
2026-03-13 07:00:00+00:00,71324.0703125,71494.890625,71255.9765625,71447.3828125,224202752,0.0,0.0
2026-03-13 07:15:00+00:00,71416.0234375,71548.0859375,71416.0234375,71531.1328125,0,0.0,0.0
2026-03-13 07:30:00+00:00,71544.4453125,71569.7890625,71421.03125,71569.7890625,227049472,0.0,0.0
2026-03-13 07:45:00+00:00,71570.1171875,71651.875,71538.546875,71651.875,849174528,0.0,0.0
2026-03-13 08:00:00+00:00,71622.6953125,71633.359375,71399.765625,71399.765625,242376704,0.0,0.0
2026-03-13 08:15:00+00:00,71434.734375,71575.9375,71434.734375,71541.0078125,512000,0.0,0.0
2026-03-13 08:30:00+00:00,71572.3359375,72046.7265625,71572.3359375,71945.421875,649752576,0.0,0.0
2026-03-13 08:45:00+00:00,71967.859375,71967.859375,71753.1875,71784.875,571109376,0.0,0.0
2026-03-13 09:00:00+00:00,71818.421875,71948.15625,71783.8203125,71783.8203125,603623424,0.0,0.0
2026-03-13 09:15:00+00:00,71763.9921875,71815.78125,71657.7890625,71815.78125,100933632,0.0,0.0
2026-03-13 09:30:00+00:00,71820.4375,71917.9609375,71811.1171875,71865.3984375,25468928,0.0,0.0
2026-03-13 09:45:00+00:00,71891.40625,72088.8359375,71880.6953125,72038.1171875,10321920,0.0,0.0
2026-03-13 10:00:00+00:00,72019.6953125,72247.0625,72019.6953125,72229.2421875,1667538944,0.0,0.0
2026-03-13 10:15:00+00:00,72366.8125,72480.15625,72273.9453125,72346.1875,429809664,0.0,0.0
2026-03-13 10:30:00+00:00,72376.015625,72526.84375,72369.90625,72526.84375,321183744,0.0,0.0
2026-03-13 10:45:00+00:00,72512.7578125,72571.53125,72405.703125,72489.6875,94212096,0.0,0.0
2026-03-13 11:00:00+00:00,72475.3828125,72513.5078125,72285.3203125,72297.65625,123392000,0.0,0.0
2026-03-13 11:15:00+00:00,72311.0546875,72439.4921875,72308.8984375,72403.3203125,589729792,0.0,0.0
2026-03-13 11:30:00+00:00,72336.5078125,72362.8125,72279.0859375,72292.046875,111108096,0.0,0.0
2026-03-13 11:45:00+00:00,72336.515625,72336.515625,72245.921875,72254.34375,49381376,0.0,0.0
2026-03-13 12:00:00+00:00,72235.890625,72428.8203125,72235.890625,72395.453125,123293696,0.0,0.0
2026-03-13 12:15:00+00:00,72416.484375,72471.7578125,72351.2890625,72379.4609375,7585792,0.0,0.0
2026-03-13 12:30:00+00:00,72415.0625,72544.9296875,72347.21875,72387.9375,331927552,0.0,0.0
2026-03-13 12:45:00+00:00,72371.328125,72853.28125,72371.328125,72853.28125,284725248,0.0,0.0
2026-03-13 13:00:00+00:00,72793.6484375,72894.9921875,72710.453125,72841.703125,1080586240,0.0,0.0
2026-03-13 13:15:00+00:00,72822.75,73233.6015625,72743.1640625,73045.6171875,796917760,0.0,0.0
2026-03-13 13:30:00+00:00,73209.125,73320.5,72806.0390625,73148.1875,726990848,0.0,0.0
2026-03-13 13:45:00+00:00,73264.453125,73580.6015625,73264.453125,73510.8046875,1378611200,0.0,0.0
2026-03-13 14:00:00+00:00,73410.1953125,73586.9140625,73345.5859375,73520.890625,1218949120,0.0,0.0
2026-03-13 14:15:00+00:00,73534.234375,73828.15625,73384.21875,73730.0546875,556154880,0.0,0.0
2026-03-13 14:30:00+00:00,73782.828125,73854.28125,73067.2578125,73067.2578125,867569664,0.0,0.0
2026-03-13 14:45:00+00:00,72951.296875,72951.296875,72419.109375,72419.109375,1010163712,0.0,0.0
2026-03-13 15:00:00+00:00,72419.8515625,72663.46875,72245.6484375,72629.9453125,1051365376,0.0,0.0
2026-03-13 15:15:00+00:00,72666.234375,72776.7734375,72490.7265625,72490.7265625,1880883200,0.0,0.0
2026-03-13 15:30:00+00:00,72480.9140625,72522.171875,71939.03125,71939.03125,1270161408,0.0,0.0
2026-03-13 15:45:00+00:00,71956.8671875,72232.3828125,71764.828125,71798.3359375,1366626304,0.0,0.0
2026-03-13 16:00:00+00:00,71860.2421875,71922.734375,71614.5625,71821.8515625,463327232,0.0,0.0
2026-03-13 16:15:00+00:00,71721.6484375,71741.296875,71175.7109375,71393.8046875,709242880,0.0,0.0
2026-03-13 16:30:00+00:00,71568.390625,71879.1796875,71525.078125,71879.1796875,499372032,0.0,0.0
2026-03-13 16:45:00+00:00,71844.59375,72076.578125,71827.7890625,71934.0859375,563400704,0.0,0.0
2026-03-13 17:00:00+00:00,71889.2265625,72117.4609375,71889.2265625,72117.4609375,1002377216,0.0,0.0
2026-03-13 17:15:00+00:00,72101.390625,72220.09375,71637.6796875,71637.6796875,484077568,0.0,0.0
2026-03-13 17:30:00+00:00,71665.5,71665.5,71116.1171875,71116.1171875,411631616,0.0,0.0
2026-03-13 17:45:00+00:00,71194.3359375,71242.7265625,70943.7109375,71003.5703125,724078592,0.0,0.0
2026-03-13 18:00:00+00:00,71028.09375,71167.765625,70941.0,71167.765625,1378660352,0.0,0.0
2026-03-13 18:15:00+00:00,71215.609375,71215.609375,70936.8125,71095.5078125,1123598336,0.0,0.0
2026-03-13 18:30:00+00:00,71237.375,71294.5234375,71215.3984375,71243.7890625,0,0.0,0.0
2026-03-13 18:45:00+00:00,71244.5546875,71244.5546875,71018.7578125,71069.2734375,640593920,0.0,0.0
2026-03-13 19:00:00+00:00,71056.78125,71254.9765625,71023.6953125,71221.9609375,1993527296,0.0,0.0
2026-03-13 19:15:00+00:00,71228.375,71283.0078125,71055.484375,71073.40625,219787264,0.0,0.0
2026-03-13 19:30:00+00:00,71171.1484375,71197.6796875,71053.5390625,71053.5390625,695988224,0.0,0.0
2026-03-13 19:45:00+00:00,71114.1328125,71213.21875,71114.1328125,71159.5390625,227827712,0.0,0.0
2026-03-13 20:00:00+00:00,71175.09375,71303.2421875,71166.1328125,71303.2421875,0,0.0,0.0
2026-03-13 20:15:00+00:00,71357.21875,71450.2265625,71298.4609375,71302.25,163680256,0.0,0.0
2026-03-13 20:30:00+00:00,71310.265625,71325.765625,71280.25,71292.453125,179163136,0.0,0.0
2026-03-13 20:45:00+00:00,71297.09375,71443.546875,71297.09375,71357.3984375,118714368,0.0,0.0
2026-03-13 21:00:00+00:00,71349.578125,71482.953125,71349.578125,71386.78125,1005375488,0.0,0.0
2026-03-13 21:15:00+00:00,71404.640625,71417.78125,71223.8046875,71223.8046875,163950592,0.0,0.0
2026-03-13 21:30:00+00:00,71170.5625,71257.921875,71096.640625,71156.109375,431362048,0.0,0.0
2026-03-13 21:45:00+00:00,71119.078125,71200.84375,71119.078125,71161.375,506253312,0.0,0.0
2026-03-13 22:00:00+00:00,71110.5234375,71156.7734375,70694.390625,70897.109375,1261076480,0.0,0.0
2026-03-13 22:15:00+00:00,70853.0859375,70853.0859375,70637.8671875,70659.8515625,94113792,0.0,0.0
2026-03-13 22:30:00+00:00,70658.4453125,70756.2109375,70570.5546875,70756.2109375,334888960,0.0,0.0
2026-03-13 22:45:00+00:00,70729.0625,70799.9140625,70687.046875,70794.5234375,180944896,0.0,0.0
2026-03-13 23:00:00+00:00,70797.015625,70814.5234375,70723.421875,70755.03125,12947456,0.0,0.0
2026-03-13 23:15:00+00:00,70833.125,70985.53125,70833.125,70961.15625,4448256,0.0,0.0
2026-03-13 23:30:00+00:00,70888.2265625,70943.65625,70879.6171875,70943.65625,261672960,0.0,0.0
2026-03-13 23:45:00+00:00,70947.609375,70987.4921875,70930.671875,70965.3828125,71159808,0.0,0.0
2026-03-14 00:00:00+00:00,70952.3359375,70952.3359375,70784.7109375,70848.0078125,0,0.0,0.0
2026-03-14 00:15:00+00:00,70869.25,70937.140625,70794.8515625,70854.734375,0,0.0,0.0
2026-03-14 00:30:00+00:00,70890.4140625,70917.546875,70614.75,70614.75,0,0.0,0.0
2026-03-14 00:45:00+00:00,70573.3828125,70684.9921875,70573.3828125,70684.9921875,130727936,0.0,0.0
2026-03-14 01:00:00+00:00,70691.6015625,70761.6015625,70679.28125,70679.28125,0,0.0,0.0
2026-03-14 01:15:00+00:00,70716.71875,70797.375,70705.3046875,70784.7109375,0,0.0,0.0
2026-03-14 01:30:00+00:00,70791.5390625,70819.90625,70507.8828125,70795.8828125,412139520,0.0,0.0
2026-03-14 01:45:00+00:00,70818.109375,70885.359375,70818.109375,70862.96875,205897728,0.0,0.0
2026-03-14 02:00:00+00:00,70794.109375,70889.0703125,70790.1171875,70830.1796875,0,0.0,0.0
2026-03-14 02:15:00+00:00,70836.6796875,70859.9921875,70799.3671875,70811.75,0,0.0,0.0
2026-03-14 02:30:00+00:00,70811.0390625,70831.625,70752.546875,70785.1953125,71639040,0.0,0.0
2026-03-14 02:45:00+00:00,70770.84375,70865.9296875,70765.296875,70859.34375,0,0.0,0.0
2026-03-14 03:00:00+00:00,70800.71875,70993.6171875,70800.71875,70993.6171875,395292672,0.0,0.0
2026-03-14 03:15:00+00:00,70990.8359375,71093.65625,70968.4921875,71048.078125,414085120,0.0,0.0
2026-03-14 03:30:00+00:00,71057.8984375,71155.03125,71057.8984375,71154.390625,228237312,0.0,0.0
2026-03-14 03:45:00+00:00,71090.3046875,71121.4765625,71062.296875,71072.2265625,12627968,0.0,0.0
2026-03-14 04:00:00+00:00,71090.21875,71197.7109375,71063.6953125,71182.28125,0,0.0,0.0
2026-03-14 04:15:00+00:00,71143.4765625,71161.71875,71119.9921875,71161.71875,41836544,0.0,0.0
2026-03-14 04:30:00+00:00,71183.453125,71281.6796875,71137.7109375,71279.03125,144551936,0.0,0.0
2026-03-14 04:45:00+00:00,71268.8515625,71279.3359375,71032.5546875,71032.5546875,137945088,0.0,0.0
2026-03-14 05:00:00+00:00,71038.8046875,71112.8203125,71012.5234375,71108.9296875,48050176,0.0,0.0
2026-03-14 05:15:00+00:00,71103.28125,71125.671875,71070.046875,71113.0625,147783680,0.0,0.0
2026-03-14 05:30:00+00:00,71111.296875,71111.296875,70963.28125,70971.0546875,0,0.0,0.0
2026-03-14 05:45:00+00:00,71000.6875,71035.3359375,70998.09375,71026.6796875,153305088,0.0,0.0
2026-03-14 06:00:00+00:00,71025.7109375,71025.7109375,70929.515625,70929.515625,0,0.0,0.0
2026-03-14 06:15:00+00:00,70939.546875,70939.546875,70731.3515625,70738.703125,176107520,0.0,0.0
2026-03-14 06:30:00+00:00,70738.78125,70738.78125,70436.75,70455.9921875,158982144,0.0,0.0
2026-03-14 06:45:00+00:00,70471.1015625,70684.09375,70471.1015625,70656.875,375095296,0.0,0.0
2026-03-14 07:00:00+00:00,70677.953125,70726.8359375,70628.1796875,70726.8359375,69386240,0.0,0.0
2026-03-14 07:15:00+00:00,70698.046875,70698.046875,70598.828125,70678.3984375,59101184,0.0,0.0
2026-03-14 07:30:00+00:00,70725.1640625,70732.9921875,70542.1484375,70555.078125,0,0.0,0.0
2026-03-14 07:45:00+00:00,70560.453125,70623.3359375,70531.2578125,70613.203125,566865920,0.0,0.0
2026-03-14 08:00:00+00:00,70599.90625,70685.84375,70599.90625,70682.3984375,98447360,0.0,0.0
2026-03-14 08:15:00+00:00,70674.75,70683.3125,70623.03125,70676.125,0,0.0,0.0
2026-03-14 08:30:00+00:00,70686.3515625,70686.3515625,70582.1328125,70582.1328125,794603520,0.0,0.0
2026-03-14 08:45:00+00:00,70570.3984375,70600.859375,70556.3359375,70583.171875,0,0.0,0.0
2026-03-14 09:00:00+00:00,70589.4375,70699.6796875,70589.4375,70693.3046875,0,0.0,0.0
2026-03-14 09:15:00+00:00,70705.140625,70711.1484375,70661.96875,70678.5625,192241664,0.0,0.0
2026-03-14 09:30:00+00:00,70682.03125,70691.1015625,70582.3984375,70625.8671875,181784576,0.0,0.0
2026-03-14 09:45:00+00:00,70608.90625,70608.90625,70435.734375,70546.7421875,38531072,0.0,0.0
2026-03-14 10:00:00+00:00,70539.640625,70569.8203125,70512.5,70512.5,0,0.0,0.0
2026-03-14 10:15:00+00:00,70537.625,70537.625,70458.9765625,70458.9765625,68632576,0.0,0.0
2026-03-14 10:30:00+00:00,70465.2734375,70535.5,70421.6875,70535.296875,683610112,0.0,0.0
2026-03-14 10:45:00+00:00,70526.375,70575.28125,70526.375,70563.671875,0,0.0,0.0
2026-03-14 11:00:00+00:00,70570.9140625,70690.8984375,70570.9140625,70669.109375,0,0.0,0.0
2026-03-14 11:15:00+00:00,70679.796875,70713.03125,70674.8046875,70713.03125,2519040,0.0,0.0
2026-03-14 11:30:00+00:00,70691.8671875,70720.203125,70672.1171875,70720.203125,0,0.0,0.0
2026-03-14 11:45:00+00:00,70724.234375,70769.859375,70710.6640625,70723.2890625,117706752,0.0,0.0
2026-03-14 12:00:00+00:00,70739.1875,70829.484375,70734.8046875,70734.8046875,0,0.0,0.0
2026-03-14 12:15:00+00:00,70737.6171875,70777.0234375,70728.1953125,70728.1953125,0,0.0,0.0
2026-03-14 12:30:00+00:00,70732.28125,70748.6484375,70638.3203125,70655.2421875,0,0.0,0.0
2026-03-14 12:45:00+00:00,70666.171875,70768.21875,70666.171875,70731.0390625,0,0.0,0.0
2026-03-14 13:00:00+00:00,70747.15625,70774.15625,70743.703125,70761.046875,0,0.0,0.0
2026-03-14 13:15:00+00:00,70774.546875,70933.890625,70774.546875,70925.484375,0,0.0,0.0
2026-03-14 13:30:00+00:00,70920.9375,70925.046875,70884.875,70884.875,0,0.0,0.0
2026-03-14 13:45:00+00:00,70899.265625,70899.265625,70828.1484375,70878.0546875,0,0.0,0.0
2026-03-14 14:00:00+00:00,70893.2265625,70951.0859375,70754.109375,70754.109375,0,0.0,0.0
2026-03-14 14:15:00+00:00,70747.453125,70821.484375,70747.453125,70821.484375,0,0.0,0.0
2026-03-14 14:30:00+00:00,70828.125,70848.515625,70705.5,70705.5546875,0,0.0,0.0
2026-03-14 14:45:00+00:00,70621.4921875,70673.3125,70621.4921875,70632.640625,0,0.0,0.0
2026-03-14 15:00:00+00:00,70606.5625,70697.5390625,70586.7578125,70677.140625,0,0.0,0.0
2026-03-14 15:15:00+00:00,70672.5234375,70729.8828125,70672.5234375,70710.84375,0,0.0,0.0
2026-03-14 15:30:00+00:00,70679.4609375,70679.4609375,70522.859375,70552.4140625,0,0.0,0.0
2026-03-14 15:45:00+00:00,70551.4765625,70606.8203125,70533.3203125,70603.828125,0,0.0,0.0
2026-03-14 16:00:00+00:00,70607.3671875,70645.8984375,70512.34375,70599.6171875,0,0.0,0.0
2026-03-14 16:15:00+00:00,70594.3046875,70666.796875,70594.3046875,70666.796875,0,0.0,0.0
2026-03-14 16:30:00+00:00,70663.7890625,70686.75,70656.171875,70662.9296875,0,0.0,0.0
2026-03-14 16:45:00+00:00,70638.0859375,70710.1015625,70618.0703125,70682.078125,0,0.0,0.0
2026-03-14 17:00:00+00:00,70684.8125,70684.8125,70650.015625,70665.0859375,0,0.0,0.0
2026-03-14 17:15:00+00:00,70693.6875,70725.3359375,70681.8515625,70717.3984375,0,0.0,0.0
2026-03-14 17:30:00+00:00,70726.421875,70728.828125,70650.9140625,70655.890625,0,0.0,0.0
2026-03-14 17:45:00+00:00,70658.1796875,70668.9921875,70596.8125,70619.96875,0,0.0,0.0
2026-03-14 18:00:00+00:00,70624.1640625,70624.1640625,70585.1640625,70609.578125,0,0.0,0.0
2026-03-14 18:15:00+00:00,70594.8203125,70625.546875,70581.5703125,70625.546875,0,0.0,0.0
2026-03-14 18:30:00+00:00,70622.875,70672.4453125,70622.875,70670.6640625,0,0.0,0.0
2026-03-14 18:45:00+00:00,70655.5078125,70702.7109375,70647.078125,70702.7109375,40177664,0.0,0.0
2026-03-14 19:00:00+00:00,70678.34375,70678.34375,70620.90625,70674.7890625,0,0.0,0.0
2026-03-14 19:15:00+00:00,70688.9765625,70706.9296875,70675.75,70683.2265625,0,0.0,0.0
2026-03-14 19:30:00+00:00,70680.03125,70720.0,70666.078125,70716.0703125,9512960,0.0,0.0
2026-03-14 19:45:00+00:00,70719.2265625,70736.296875,70702.5859375,70711.6171875,0,0.0,0.0
2026-03-14 20:00:00+00:00,70711.78125,70711.78125,70665.1796875,70694.3515625,0,0.0,0.0
2026-03-14 20:15:00+00:00,70694.828125,70762.7109375,70694.828125,70762.7109375,0,0.0,0.0
2026-03-14 20:30:00+00:00,70747.7578125,70822.0234375,70742.2890625,70822.0234375,0,0.0,0.0
2026-03-14 20:45:00+00:00,70846.046875,70854.203125,70825.0703125,70844.234375,21989376,0.0,0.0
2026-03-14 21:00:00+00:00,70825.25,70825.25,70679.1328125,70679.1328125,0,0.0,0.0
2026-03-14 21:15:00+00:00,70682.859375,70715.8828125,70682.859375,70704.390625,0,0.0,0.0
2026-03-14 21:30:00+00:00,70702.9765625,70752.5703125,70699.421875,70750.3671875,0,0.0,0.0
2026-03-14 21:45:00+00:00,70729.03125,70811.046875,70725.4921875,70808.8984375,18059264,0.0,0.0
2026-03-14 22:00:00+00:00,70790.6171875,70805.84375,70744.421875,70760.171875,0,0.0,0.0
2026-03-14 22:15:00+00:00,70741.5625,70768.46875,70724.9296875,70768.46875,0,0.0,0.0
2026-03-14 22:30:00+00:00,70753.765625,70798.0390625,70753.765625,70767.484375,0,0.0,0.0
2026-03-14 22:45:00+00:00,70773.21875,70773.21875,70711.984375,70727.6171875,0,0.0,0.0
2026-03-14 23:00:00+00:00,70722.0390625,71053.3828125,70722.0390625,70957.140625,86183936,0.0,0.0
2026-03-14 23:15:00+00:00,71015.8046875,71060.8203125,70934.09375,71060.8203125,33925120,0.0,0.0
2026-03-14 23:30:00+00:00,71057.1328125,71201.78125,71044.6328125,71194.25,67153920,0.0,0.0
2026-03-14 23:45:00+00:00,71189.515625,71239.0859375,71140.4921875,71213.6796875,112965632,0.0,0.0
2026-03-15 00:00:00+00:00,71214.4296875,71214.4296875,71054.296875,71054.296875,117137408,0.0,0.0
2026-03-15 00:15:00+00:00,71086.171875,71204.2734375,71039.09375,71147.734375,4110336,0.0,0.0
2026-03-15 00:30:00+00:00,71108.7265625,71113.515625,70998.828125,71072.953125,105760768,0.0,0.0
2026-03-15 00:45:00+00:00,71073.5,71074.5859375,70983.21875,71006.421875,18518016,0.0,0.0
2026-03-15 01:00:00+00:00,70994.328125,71027.8203125,70924.625,70943.6640625,54140928,0.0,0.0
2026-03-15 01:15:00+00:00,70948.71875,71004.5,70926.265625,70947.7109375,34570240,0.0,0.0
2026-03-15 01:30:00+00:00,70917.09375,70953.8671875,70897.6171875,70944.0078125,0,0.0,0.0
2026-03-15 01:45:00+00:00,70944.203125,71038.1796875,70932.9296875,71028.921875,0,0.0,0.0
2026-03-15 02:00:00+00:00,71088.8984375,71317.0390625,71088.8984375,71317.0390625,117059584,0.0,0.0
2026-03-15 02:15:00+00:00,71302.21875,71326.875,71230.6875,71274.78125,241586176,0.0,0.0
2026-03-15 02:30:00+00:00,71281.359375,71313.875,71185.921875,71313.875,68583424,0.0,0.0
2026-03-15 02:45:00+00:00,71394.8515625,71575.921875,71394.8515625,71461.34375,342380544,0.0,0.0
2026-03-15 03:00:00+00:00,71460.5234375,71514.4140625,71427.0703125,71473.859375,0,0.0,0.0
2026-03-15 03:15:00+00:00,71475.8984375,71475.8984375,71344.4140625,71344.4140625,92766208,0.0,0.0
2026-03-15 03:30:00+00:00,71286.0234375,71437.53125,71286.0234375,71332.6953125,0,0.0,0.0
2026-03-15 03:45:00+00:00,71343.4765625,71343.4765625,71294.953125,71325.859375,152737792,0.0,0.0
2026-03-15 04:00:00+00:00,71343.453125,71618.8828125,71343.453125,71618.8828125,104169472,0.0,0.0
2026-03-15 04:15:00+00:00,71613.3046875,71650.640625,71523.796875,71548.15625,136470528,0.0,0.0
2026-03-15 04:30:00+00:00,71546.3984375,71573.2734375,71462.3359375,71509.796875,25374720,0.0,0.0
2026-03-15 04:45:00+00:00,71539.3125,71547.1015625,71509.203125,71535.2265625,109826048,0.0,0.0
2026-03-15 05:00:00+00:00,71552.046875,71553.015625,71483.0390625,71507.5546875,18515968,0.0,0.0
2026-03-15 05:15:00+00:00,71529.4453125,71729.515625,71529.4453125,71626.671875,279521280,0.0,0.0
2026-03-15 05:30:00+00:00,71625.46875,71703.6875,71603.6484375,71637.0078125,84676608,0.0,0.0
2026-03-15 05:45:00+00:00,71644.8515625,71644.8515625,71504.1875,71504.1875,77879296,0.0,0.0
2026-03-15 06:00:00+00:00,71500.4453125,71592.734375,71500.4453125,71522.0625,27344896,0.0,0.0
2026-03-15 06:15:00+00:00,71554.3046875,71571.0859375,71476.671875,71478.09375,10371072,0.0,0.0
2026-03-15 06:30:00+00:00,71474.90625,71474.90625,71409.25,71443.96875,58697728,0.0,0.0
2026-03-15 06:45:00+00:00,71431.609375,71476.8046875,71426.984375,71451.53125,0,0.0,0.0
2026-03-15 07:00:00+00:00,71456.875,71639.7265625,71443.8671875,71639.7265625,0,0.0,0.0
2026-03-15 07:15:00+00:00,71639.8125,71656.3125,71589.5859375,71589.6640625,123992064,0.0,0.0
2026-03-15 07:30:00+00:00,71585.5390625,71585.5390625,71462.9453125,71462.9453125,7137280,0.0,0.0
2026-03-15 07:45:00+00:00,71461.71875,71461.71875,71424.15625,71441.8359375,0,0.0,0.0
2026-03-15 08:00:00+00:00,71449.0234375,71583.6640625,71449.0234375,71583.6640625,0,0.0,0.0
2026-03-15 08:15:00+00:00,71610.6171875,71650.546875,71574.3671875,71598.921875,94679040,0.0,0.0
2026-03-15 08:30:00+00:00,71591.015625,71591.015625,71508.4765625,71556.7578125,38494208,0.0,0.0
2026-03-15 08:45:00+00:00,71638.0234375,71668.984375,71603.421875,71629.4296875,81754112,0.0,0.0
2026-03-15 09:00:00+00:00,71818.2109375,71906.5,71818.2109375,71855.859375,359919616,0.0,0.0
2026-03-15 09:15:00+00:00,71834.5625,71932.8984375,71830.6015625,71843.390625,186347520,0.0,0.0
2026-03-15 09:30:00+00:00,71835.890625,71847.90625,71758.6171875,71758.6171875,111949824,0.0,0.0
2026-03-15 09:45:00+00:00,71760.1953125,71811.2734375,71723.515625,71810.9140625,0,0.0,0.0
2026-03-15 10:00:00+00:00,71799.3671875,71824.9296875,71753.6953125,71797.140625,221206528,0.0,0.0
2026-03-15 10:15:00+00:00,71801.0078125,71915.4375,71795.0703125,71852.25,79816704,0.0,0.0
2026-03-15 10:30:00+00:00,71854.7578125,71854.7578125,71797.6171875,71822.609375,6569984,0.0,0.0
2026-03-15 10:45:00+00:00,71821.3359375,71821.3359375,71790.0,71790.0,40253440,0.0,0.0
2026-03-15 11:00:00+00:00,71787.21875,71798.109375,71705.9765625,71705.9765625,168202240,0.0,0.0
2026-03-15 11:15:00+00:00,71718.046875,71783.15625,71696.5,71696.5,359081984,0.0,0.0
2026-03-15 11:30:00+00:00,71711.921875,71739.8046875,71677.78125,71680.5859375,199217152,0.0,0.0
2026-03-15 11:45:00+00:00,71754.1640625,71881.84375,71754.1640625,71843.15625,236163072,0.0,0.0
2026-03-15 12:00:00+00:00,71832.7734375,71832.7734375,71713.0625,71735.6484375,27025408,0.0,0.0
2026-03-15 12:15:00+00:00,71710.9375,71747.3671875,71690.03125,71716.78125,89714688,0.0,0.0
2026-03-15 12:30:00+00:00,71709.5859375,71735.09375,71627.515625,71627.515625,165894144,0.0,0.0
2026-03-15 12:45:00+00:00,71593.984375,71640.7109375,71593.984375,71609.4296875,135747584,0.0,0.0
2026-03-15 13:00:00+00:00,71616.875,71666.3203125,71371.953125,71427.6640625,217466880,0.0,0.0
2026-03-15 13:15:00+00:00,71426.09375,71530.5703125,71299.9921875,71516.515625,217950208,0.0,0.0
2026-03-15 13:30:00+00:00,71524.5625,71566.6796875,71322.640625,71339.6796875,876560384,0.0,0.0
2026-03-15 13:45:00+00:00,71399.515625,71545.3359375,71399.515625,71545.3359375,299882496,0.0,0.0
2026-03-15 14:00:00+00:00,71610.1328125,71610.1328125,71544.6015625,71567.234375,55441408,0.0,0.0
2026-03-15 14:15:00+00:00,71542.5546875,71542.5546875,71433.8203125,71466.09375,72304640,0.0,0.0
2026-03-15 14:30:00+00:00,71464.1484375,71465.96875,71359.5859375,71465.96875,144945152,0.0,0.0
2026-03-15 14:45:00+00:00,71486.6640625,71613.40625,71448.6015625,71611.015625,86493184,0.0,0.0
2026-03-15 15:00:00+00:00,71601.0625,71601.75,71514.578125,71552.8984375,63379456,0.0,0.0
2026-03-15 15:15:00+00:00,71548.390625,71596.375,71490.5859375,71490.5859375,17735680,0.0,0.0
2026-03-15 15:30:00+00:00,71486.703125,71545.8828125,71445.8515625,71481.953125,0,0.0,0.0
2026-03-15 15:45:00+00:00,71496.828125,71524.6640625,71486.875,71488.0625,0,0.0,0.0
2026-03-15 16:00:00+00:00,71487.0546875,71570.828125,71472.7109375,71568.390625,0,0.0,0.0
2026-03-15 16:15:00+00:00,71556.3671875,71556.3671875,71365.859375,71392.171875,55078912,0.0,0.0
2026-03-15 16:30:00+00:00,71387.5703125,71483.3125,71339.46875,71462.015625,236294144,0.0,0.0
2026-03-15 16:45:00+00:00,71458.296875,71471.0390625,71382.375,71431.0234375,25649152,0.0,0.0
2026-03-15 17:00:00+00:00,71436.5234375,71517.1015625,71423.359375,71492.0,26931200,0.0,0.0
2026-03-15 17:15:00+00:00,71470.7421875,71529.59375,71470.7421875,71518.5078125,105994240,0.0,0.0
2026-03-15 17:30:00+00:00,71517.359375,71542.4140625,71493.5625,71539.1953125,11632640,0.0,0.0
2026-03-15 17:45:00+00:00,71534.34375,71987.2890625,71534.34375,71828.2578125,172619776,0.0,0.0
2026-03-15 18:00:00+00:00,71801.2734375,71817.546875,71712.1015625,71712.1015625,208904192,0.0,0.0
2026-03-15 18:15:00+00:00,71730.421875,71765.1171875,71708.21875,71709.9609375,56444928,0.0,0.0
2026-03-15 18:30:00+00:00,71718.9375,71789.1953125,71707.78125,71707.78125,99887104,0.0,0.0
2026-03-15 18:45:00+00:00,71705.6796875,71705.6796875,71369.328125,71384.6484375,338292736,0.0,0.0
2026-03-15 19:00:00+00:00,71417.765625,71472.8515625,71376.1796875,71421.9921875,78731264,0.0,0.0
2026-03-15 19:15:00+00:00,71496.859375,71546.4921875,71448.9296875,71546.4921875,179552256,0.0,0.0
2026-03-15 19:30:00+00:00,71538.75,71548.1640625,71492.125,71492.125,75554816,0.0,0.0
2026-03-15 19:45:00+00:00,71485.734375,71559.4453125,71482.9140625,71558.015625,48420864,0.0,0.0
2026-03-15 20:00:00+00:00,71562.3125,71562.3125,71520.046875,71529.0625,109758464,0.0,0.0
2026-03-15 20:15:00+00:00,71532.6328125,71578.640625,71451.8828125,71451.8828125,58843136,0.0,0.0
2026-03-15 20:30:00+00:00,71727.03125,71870.953125,71646.0859375,71849.234375,387389440,0.0,0.0
2026-03-15 20:45:00+00:00,71853.4140625,71853.4140625,71747.8359375,71759.0625,116068352,0.0,0.0
2026-03-15 21:00:00+00:00,71730.75,71732.1328125,71636.0390625,71652.9375,233033728,0.0,0.0
2026-03-15 21:15:00+00:00,71651.640625,71797.6953125,71651.640625,71775.109375,227813376,0.0,0.0
2026-03-15 21:30:00+00:00,71770.4921875,72171.3515625,71770.4921875,72111.2890625,276545536,0.0,0.0
2026-03-15 21:45:00+00:00,72217.6796875,72217.6796875,72051.9296875,72064.5703125,515979264,0.0,0.0
2026-03-15 22:00:00+00:00,72108.640625,72279.6875,71814.984375,71814.984375,335306752,0.0,0.0
2026-03-15 22:15:00+00:00,71733.015625,71969.96875,71733.015625,71923.3828125,274120704,0.0,0.0
2026-03-15 22:30:00+00:00,71921.3046875,72437.953125,71921.3046875,72437.1640625,1117722624,0.0,0.0
2026-03-15 22:45:00+00:00,72380.8828125,73034.6171875,72380.8828125,72803.8671875,1160841216,0.0,0.0
2026-03-15 23:00:00+00:00,72734.5078125,73141.3515625,72734.5078125,72935.28125,621768704,0.0,0.0
2026-03-15 23:15:00+00:00,72970.65625,73087.21875,72564.3984375,72610.421875,395200512,0.0,0.0
2026-03-15 23:30:00+00:00,72514.0625,72724.359375,72450.0078125,72703.7890625,540622848,0.0,0.0
2026-03-15 23:45:00+00:00,72689.1171875,72798.171875,72609.2109375,72798.171875,20363264,0.0,0.0
2026-03-16 00:00:00+00:00,72820.78125,72970.4921875,72759.5078125,72786.8828125,390164480,0.0,0.0
2026-03-16 00:15:00+00:00,72754.90625,72848.0546875,72517.328125,72517.328125,182657024,0.0,0.0
2026-03-16 00:30:00+00:00,72518.234375,72658.1484375,72487.046875,72561.375,119175168,0.0,0.0
2026-03-16 00:45:00+00:00,72538.9453125,72642.0,72538.9453125,72550.0,176445440,0.0,0.0
2026-03-16 01:00:00+00:00,72563.15625,72584.7109375,72325.84375,72325.84375,88162304,0.0,0.0
2026-03-16 01:15:00+00:00,72323.09375,72662.59375,72323.09375,72662.59375,254775296,0.0,0.0
2026-03-16 01:30:00+00:00,72603.4453125,72640.390625,72510.5234375,72576.671875,402823168,0.0,0.0
2026-03-16 01:45:00+00:00,72607.46875,72799.5078125,72607.46875,72753.078125,201406464,0.0,0.0
2026-03-16 02:00:00+00:00,72738.9296875,72848.0703125,72688.9140625,72688.9140625,0,0.0,0.0
2026-03-16 02:15:00+00:00,72697.6171875,72697.6171875,72419.5234375,72436.8203125,69265408,0.0,0.0
2026-03-16 02:30:00+00:00,72447.71875,72464.8359375,72405.796875,72440.125,234373120,0.0,0.0
2026-03-16 02:45:00+00:00,72438.96875,72588.5625,72431.15625,72568.953125,0,0.0,0.0
2026-03-16 03:00:00+00:00,72541.921875,72595.234375,72458.3125,72567.3046875,0,0.0,0.0
2026-03-16 03:15:00+00:00,72529.8984375,72847.1484375,72496.390625,72820.515625,134105088,0.0,0.0
2026-03-16 03:30:00+00:00,73098.4609375,73984.296875,73098.4609375,73720.9921875,2143340544,0.0,0.0
2026-03-16 03:45:00+00:00,73734.3828125,73740.1875,73557.0,73661.484375,1311907840,0.0,0.0
2026-03-16 04:00:00+00:00,73582.4296875,73769.4375,73582.4296875,73640.0390625,717740032,0.0,0.0
2026-03-16 04:15:00+00:00,73684.4296875,73885.0546875,73619.078125,73636.3203125,173191168,0.0,0.0
2026-03-16 04:30:00+00:00,73646.8515625,73753.3203125,73633.0,73633.0,906723328,0.0,0.0
2026-03-16 04:45:00+00:00,73643.6875,74363.125,73643.6875,73880.3046875,379850752,0.0,0.0
2026-03-16 05:00:00+00:00,73836.765625,74063.203125,73808.0390625,74063.203125,509820928,0.0,0.0
2026-03-16 05:15:00+00:00,73875.5546875,73947.8203125,73819.90625,73905.28125,1083621376,0.0,0.0
2026-03-16 05:30:00+00:00,73910.8046875,74074.7734375,73765.609375,74074.7734375,131579904,0.0,0.0
2026-03-16 05:45:00+00:00,74047.3984375,74193.4765625,74023.875,74165.0859375,421904384,0.0,0.0
2026-03-16 06:00:00+00:00,74157.6328125,74173.2578125,73646.2890625,73646.7578125,1311453184,0.0,0.0
2026-03-16 06:15:00+00:00,73677.5546875,73805.1328125,73677.5546875,73750.4453125,339898368,0.0,0.0
2026-03-16 06:30:00+00:00,73716.9375,73846.875,73716.6796875,73846.875,298065920,0.0,0.0
2026-03-16 06:45:00+00:00,73821.046875,73821.046875,73748.71875,73748.71875,148459520,0.0,0.0
2026-03-16 07:00:00+00:00,73717.8828125,73912.3984375,73717.8828125,73888.6875,297259008,0.0,0.0
2026-03-16 07:15:00+00:00,73871.8203125,73871.8203125,73708.90625,73772.71875,135745536,0.0,0.0
2026-03-16 07:30:00+00:00,73821.0625,73821.0625,73506.625,73541.0625,420478976,0.0,0.0
2026-03-16 07:45:00+00:00,73494.9921875,73511.1171875,73408.703125,73494.09375,530960384,0.0,0.0
2026-03-16 08:00:00+00:00,73458.265625,73761.78125,73458.265625,73642.09375,369754112,0.0,0.0
2026-03-16 08:15:00+00:00,73518.359375,73528.140625,73387.265625,73387.265625,282882048,0.0,0.0
2026-03-16 08:30:00+00:00,73310.6484375,73331.9296875,73140.1796875,73140.1796875,364630016,0.0,0.0
2026-03-16 08:45:00+00:00,73103.25,73179.953125,72931.9375,73123.546875,678010880,0.0,0.0
2026-03-16 09:00:00+00:00,73123.6953125,73194.2578125,73069.9140625,73177.3984375,205877248,0.0,0.0
2026-03-16 09:15:00+00:00,73159.3359375,73280.2734375,73159.3359375,73280.2734375,346169344,0.0,0.0
2026-03-16 09:30:00+00:00,73258.3984375,73258.3984375,73213.9453125,73224.53125,486006784,0.0,0.0
2026-03-16 09:45:00+00:00,73206.28125,73313.125,73206.28125,73263.0703125,162373632,0.0,0.0
2026-03-16 10:00:00+00:00,73261.8359375,73432.3125,73261.8359375,73335.984375,142934016,0.0,0.0
2026-03-16 10:15:00+00:00,73347.703125,73464.71875,73308.8515625,73412.1875,74981376,0.0,0.0
2026-03-16 10:30:00+00:00,73432.359375,73432.359375,73218.9765625,73286.4140625,83365888,0.0,0.0
2026-03-16 10:45:00+00:00,73249.1796875,73722.40625,73249.1796875,73722.40625,449593344,0.0,0.0
2026-03-16 11:00:00+00:00,73773.65625,73788.40625,73682.1484375,73693.5234375,471724032,0.0,0.0
2026-03-16 11:15:00+00:00,73617.859375,73715.2578125,73573.734375,73573.734375,71778304,0.0,0.0
2026-03-16 11:30:00+00:00,73545.03125,73636.0859375,73535.3984375,73617.2421875,49958912,0.0,0.0
2026-03-16 11:45:00+00:00,73651.6953125,73651.6953125,73549.75,73562.8046875,238841856,0.0,0.0
2026-03-16 12:00:00+00:00,73561.6640625,73681.34375,73507.6484375,73586.765625,265277440,0.0,0.0
2026-03-16 12:15:00+00:00,73559.640625,73812.3125,73524.1953125,73783.453125,492158976,0.0,0.0
2026-03-16 12:30:00+00:00,73871.8671875,74002.421875,73765.7578125,73787.3984375,1245159424,0.0,0.0
2026-03-16 12:45:00+00:00,73828.0234375,73867.5,73735.2890625,73844.8828125,241799168,0.0,0.0
2026-03-16 13:00:00+00:00,73881.6328125,73991.3046875,73854.5859375,73971.265625,0,0.0,0.0
2026-03-16 13:15:00+00:00,73973.953125,73975.25,73824.3359375,73910.8671875,161968128,0.0,0.0
2026-03-16 13:30:00+00:00,73910.8359375,74458.6484375,73878.9453125,74125.40625,513327104,0.0,0.0
2026-03-16 13:45:00+00:00,74090.609375,74321.71875,73920.1484375,74043.6484375,616230912,0.0,0.0
2026-03-16 14:00:00+00:00,74075.6796875,74414.765625,74075.6796875,74253.6484375,1327161344,0.0,0.0
2026-03-16 14:15:00+00:00,74344.90625,74366.046875,73907.1796875,73907.1796875,1224192000,0.0,0.0
2026-03-16 14:30:00+00:00,73655.46875,73655.46875,73064.859375,73112.171875,1680486400,0.0,0.0
2026-03-16 14:45:00+00:00,73139.9140625,73457.046875,73096.9296875,73457.046875,845713408,0.0,0.0
2026-03-16 15:00:00+00:00,73540.890625,73603.2265625,73370.09375,73603.2265625,865878016,0.0,0.0
2026-03-16 15:15:00+00:00,73687.1171875,73891.3125,73621.3515625,73821.578125,775434240,0.0,0.0
2026-03-16 15:30:00+00:00,73896.921875,73896.921875,73597.9765625,73597.9765625,1112166400,0.0,0.0
2026-03-16 15:45:00+00:00,73577.4765625,73586.6875,73232.28125,73245.90625,59928576,0.0,0.0
2026-03-16 16:00:00+00:00,73281.421875,73440.3125,73198.8125,73311.1484375,1668120576,0.0,0.0
2026-03-16 16:15:00+00:00,73312.7421875,73451.4140625,73312.7421875,73431.703125,861224960,0.0,0.0
2026-03-16 16:30:00+00:00,73420.875,73638.484375,73392.65625,73638.484375,303788032,0.0,0.0
2026-03-16 16:45:00+00:00,73655.1328125,73838.9140625,73633.3828125,73773.3828125,305266688,0.0,0.0
2026-03-16 17:00:00+00:00,73922.1328125,73922.1328125,73742.4609375,73850.21875,1376620544,0.0,0.0
2026-03-16 17:15:00+00:00,73843.578125,73857.9140625,73768.2265625,73768.2265625,129777664,0.0,0.0
2026-03-16 17:30:00+00:00,73702.8828125,73950.609375,73662.7890625,73930.6484375,222654464,0.0,0.0
2026-03-16 17:45:00+00:00,73904.3984375,74036.5234375,73807.15625,73962.015625,1098313728,0.0,0.0
2026-03-16 18:00:00+00:00,73947.9609375,74316.1171875,73940.4765625,74222.0078125,460935168,0.0,0.0
2026-03-16 18:15:00+00:00,74213.5625,74277.796875,74127.2734375,74198.046875,546000896,0.0,0.0
2026-03-16 18:30:00+00:00,74247.5546875,74336.2578125,74084.71875,74212.125,425811968,0.0,0.0
2026-03-16 18:45:00+00:00,74214.7421875,74214.7421875,73971.0625,73971.0625,227991552,0.0,0.0
2026-03-16 19:00:00+00:00,73881.65625,74213.296875,73858.8359375,74089.1171875,558465024,0.0,0.0
2026-03-16 19:15:00+00:00,74185.4140625,74242.9765625,73988.8125,74045.765625,53460992,0.0,0.0
2026-03-16 19:30:00+00:00,74126.3359375,74225.8359375,74126.3359375,74179.6796875,1165299712,0.0,0.0
2026-03-16 19:45:00+00:00,74149.4765625,74149.4765625,73906.2890625,73962.578125,388882432,0.0,0.0
2026-03-16 20:00:00+00:00,73980.8671875,73980.8671875,73868.8828125,73868.8828125,234999808,0.0,0.0
2026-03-16 20:15:00+00:00,73893.625,74040.0859375,73893.625,74009.4765625,100249600,0.0,0.0
2026-03-16 20:30:00+00:00,74007.8046875,74101.5234375,74007.8046875,74043.8671875,226222080,0.0,0.0
2026-03-16 20:45:00+00:00,74062.640625,74232.4921875,74062.640625,74219.015625,0,0.0,0.0
2026-03-16 21:00:00+00:00,74219.2578125,74357.2421875,74183.3203125,74330.9140625,646012928,0.0,0.0
2026-03-16 21:15:00+00:00,74357.6171875,74428.5859375,74225.1328125,74225.1328125,391139328,0.0,0.0
2026-03-16 21:30:00+00:00,74259.0859375,74702.5390625,74259.0859375,74361.421875,568782848,0.0,0.0
2026-03-16 21:45:00+00:00,74423.2578125,74590.0,74405.71875,74416.984375,416862208,0.0,0.0
2026-03-16 22:00:00+00:00,74413.8125,74867.3984375,74413.8125,74814.1875,55058432,0.0,0.0
2026-03-16 22:15:00+00:00,74865.5234375,74889.625,74623.3046875,74689.265625,381587456,0.0,0.0
2026-03-16 22:30:00+00:00,74685.890625,74761.9765625,74624.90625,74759.5078125,220246016,0.0,0.0
2026-03-16 22:45:00+00:00,74754.8359375,74845.078125,74693.109375,74693.6953125,0,0.0,0.0
2026-03-16 23:00:00+00:00,74673.0703125,74673.0703125,74322.546875,74428.3828125,53895168,0.0,0.0
2026-03-16 23:15:00+00:00,74398.6953125,74578.921875,74398.6953125,74578.921875,1921024,0.0,0.0
2026-03-16 23:30:00+00:00,74605.859375,74871.140625,74605.859375,74871.140625,262639616,0.0,0.0
2026-03-16 23:45:00+00:00,74881.171875,74901.859375,74733.40625,74855.296875,232710144,0.0,0.0
2026-03-17 00:00:00+00:00,74871.296875,75442.265625,74682.5703125,75442.265625,4227072,0.0,0.0
2026-03-17 00:15:00+00:00,75447.015625,75447.015625,74849.734375,74965.6171875,1557315584,0.0,0.0
2026-03-17 00:30:00+00:00,75162.3984375,75165.0,74940.71875,74992.703125,513249280,0.0,0.0
2026-03-17 00:45:00+00:00,75042.5,75204.6015625,74954.1484375,75204.6015625,447717376,0.0,0.0
2026-03-17 01:00:00+00:00,75286.53125,75810.375,75108.96875,75810.375,251002880,0.0,0.0
2026-03-17 01:15:00+00:00,75819.9375,75954.96875,75623.171875,75954.96875,571801600,0.0,0.0
2026-03-17 01:30:00+00:00,75921.28125,75921.28125,75549.3828125,75585.484375,530923520,0.0,0.0
2026-03-17 01:45:00+00:00,75596.5078125,75752.3515625,75474.90625,75620.7421875,622325760,0.0,0.0
2026-03-17 02:00:00+00:00,75635.125,75648.9765625,75161.71875,75204.359375,896548864,0.0,0.0
2026-03-17 02:15:00+00:00,75237.8984375,75237.8984375,75125.734375,75146.890625,333365248,0.0,0.0
2026-03-17 02:30:00+00:00,75199.4453125,75423.0859375,75156.1015625,75398.6640625,0,0.0,0.0
2026-03-17 02:45:00+00:00,75392.0,75392.0,75176.7734375,75211.6171875,1637855232,0.0,0.0
2026-03-17 03:00:00+00:00,75190.9453125,75302.1796875,75001.4765625,75021.78125,61526016,0.0,0.0
2026-03-17 03:15:00+00:00,74972.3125,74976.6484375,74779.171875,74844.1328125,517234688,0.0,0.0
2026-03-17 03:30:00+00:00,74775.078125,74775.078125,74412.765625,74435.1171875,0,0.0,0.0
2026-03-17 03:45:00+00:00,74426.5625,74428.671875,74309.4609375,74423.7109375,0,0.0,0.0
2026-03-17 04:00:00+00:00,74545.046875,74652.7421875,74458.90625,74621.875,164065280,0.0,0.0
2026-03-17 04:15:00+00:00,74650.90625,74650.90625,74312.40625,74396.265625,59895808,0.0,0.0
2026-03-17 04:30:00+00:00,74416.9921875,74472.625,74001.8671875,74161.28125,1216626688,0.0,0.0
2026-03-17 04:45:00+00:00,74083.359375,74277.6875,74083.359375,74271.78125,248786944,0.0,0.0
2026-03-17 05:00:00+00:00,74245.1484375,74360.609375,74147.5390625,74360.609375,173862912,0.0,0.0
2026-03-17 05:15:00+00:00,74308.9609375,74409.484375,74232.140625,74406.1015625,150818816,0.0,0.0
2026-03-17 05:30:00+00:00,74412.59375,74448.46875,74045.296875,74045.296875,110456832,0.0,0.0
2026-03-17 05:45:00+00:00,73983.46875,74063.90625,73839.921875,73991.4453125,1083199488,0.0,0.0
2026-03-17 06:00:00+00:00,74053.3671875,74151.2734375,73889.7578125,74151.2734375,66179072,0.0,0.0
2026-03-17 06:15:00+00:00,74156.4296875,74239.9921875,74103.453125,74182.0078125,0,0.0,0.0
2026-03-17 06:30:00+00:00,74223.03125,74267.0,74009.328125,74009.328125,182792192,0.0,0.0
2026-03-17 06:45:00+00:00,74004.0859375,74082.6640625,73985.765625,74082.6640625,84541440,0.0,0.0
2026-03-17 07:00:00+00:00,74082.6328125,74305.1015625,74082.6328125,74305.1015625,193794048,0.0,0.0
2026-03-17 07:15:00+00:00,74346.984375,74435.90625,74340.75,74423.203125,103907328,0.0,0.0
2026-03-17 07:30:00+00:00,74402.21875,74402.21875,74319.2890625,74335.84375,132554752,0.0,0.0
2026-03-17 07:45:00+00:00,74360.9609375,74371.1640625,74235.203125,74257.4609375,18923520,0.0,0.0
2026-03-17 08:00:00+00:00,74254.4609375,74425.5859375,74209.109375,74221.859375,0,0.0,0.0
2026-03-17 08:15:00+00:00,74234.6640625,74384.6796875,74158.890625,74300.1328125,55918592,0.0,0.0
2026-03-17 08:30:00+00:00,74348.1328125,74425.8515625,74199.8359375,74425.8515625,0,0.0,0.0
2026-03-17 08:45:00+00:00,74403.640625,74403.640625,74167.9765625,74167.9765625,0,0.0,0.0
2026-03-17 09:00:00+00:00,74185.6875,74242.640625,74059.6796875,74059.6796875,19427328,0.0,0.0
2026-03-17 09:15:00+00:00,74053.8359375,74347.3984375,74008.578125,74267.2890625,120160256,0.0,0.0
2026-03-17 09:30:00+00:00,74308.359375,74308.359375,74163.046875,74163.046875,229273600,0.0,0.0
2026-03-17 09:45:00+00:00,74178.78125,74178.78125,73873.8203125,73950.484375,213770240,0.0,0.0
2026-03-17 10:00:00+00:00,73932.1953125,73938.5546875,73699.5234375,73705.9140625,205766656,0.0,0.0
2026-03-17 10:15:00+00:00,73684.421875,73788.46875,73614.75,73781.1953125,227377152,0.0,0.0
2026-03-17 10:30:00+00:00,73763.0078125,73763.0078125,73648.4765625,73674.9140625,83107840,0.0,0.0
2026-03-17 10:45:00+00:00,73763.421875,73763.421875,73671.0703125,73720.25,6168576,0.0,0.0
2026-03-17 11:00:00+00:00,73736.875,73946.625,73702.8828125,73927.375,43720704,0.0,0.0
2026-03-17 11:15:00+00:00,73926.1640625,74055.2734375,73926.1640625,74044.78125,349683712,0.0,0.0
2026-03-17 11:30:00+00:00,74009.875,74117.078125,73964.390625,74117.078125,115863552,0.0,0.0
2026-03-17 11:45:00+00:00,74110.46875,74166.2890625,74032.2265625,74057.859375,169213952,0.0,0.0
2026-03-17 12:00:00+00:00,74036.2421875,74160.3125,74026.8671875,74073.3203125,0,0.0,0.0
2026-03-17 12:15:00+00:00,74062.53125,74128.984375,73831.28125,73831.28125,449941504,0.0,0.0
2026-03-17 12:30:00+00:00,73795.6640625,73900.125,73747.90625,73856.5703125,174489600,0.0,0.0
2026-03-17 12:45:00+00:00,73847.1953125,73847.1953125,73705.09375,73729.296875,154492928,0.0,0.0
2026-03-17 13:00:00+00:00,73741.6640625,73811.046875,73704.4609375,73810.9375,0,0.0,0.0
2026-03-17 13:15:00+00:00,73809.4765625,73847.15625,73692.5546875,73692.5546875,162623488,0.0,0.0
2026-03-17 13:30:00+00:00,73715.3203125,74091.9609375,73705.21875,73848.5078125,24678400,0.0,0.0
2026-03-17 13:45:00+00:00,73750.3828125,73843.109375,73488.921875,73668.1796875,0,0.0,0.0
2026-03-17 14:00:00+00:00,73648.8671875,73780.609375,73459.25,73780.609375,387960832,0.0,0.0
2026-03-17 14:15:00+00:00,73783.1171875,73895.84375,73616.515625,73895.84375,2327900160,0.0,0.0
2026-03-17 14:30:00+00:00,73997.3359375,74274.1484375,73963.8046875,74244.40625,0,0.0,0.0
2026-03-17 14:45:00+00:00,74358.0078125,74410.984375,74161.40625,74383.1484375,1288052736,0.0,0.0
2026-03-17 15:00:00+00:00,74396.6875,74816.5,74184.7734375,74247.890625,713142272,0.0,0.0
2026-03-17 15:15:00+00:00,74138.7265625,74255.1796875,74062.5234375,74109.2578125,727121920,0.0,0.0
2026-03-17 15:30:00+00:00,74101.59375,74157.171875,73738.90625,73838.609375,231276544,0.0,0.0
2026-03-17 15:45:00+00:00,73917.9375,74067.9609375,73785.15625,73949.9375,187592704,0.0,0.0
2026-03-17 16:00:00+00:00,73943.6171875,74132.3671875,73905.640625,74076.8671875,657424384,0.0,0.0
2026-03-17 16:15:00+00:00,73986.859375,74347.2109375,73986.859375,74225.8046875,1785208832,0.0,0.0
2026-03-17 16:30:00+00:00,74236.75,74236.75,74025.34375,74138.4609375,711356416,0.0,0.0
2026-03-17 16:45:00+00:00,74153.9609375,74260.0546875,74048.6796875,74139.8671875,0,0.0,0.0
2026-03-17 17:00:00+00:00,74165.3046875,74305.0625,74039.1171875,74202.125,137220096,0.0,0.0
2026-03-17 17:15:00+00:00,74206.1328125,74439.15625,74204.546875,74294.7421875,850382848,0.0,0.0
2026-03-17 17:30:00+00:00,74301.1796875,74456.203125,74300.0546875,74436.765625,0,0.0,0.0
2026-03-17 17:45:00+00:00,74432.7265625,74582.2109375,74411.5078125,74534.34375,75661312,0.0,0.0
2026-03-17 18:00:00+00:00,74502.8359375,74657.6015625,74502.8359375,74633.8671875,0,0.0,0.0
2026-03-17 18:15:00+00:00,74604.921875,74635.625,74418.953125,74452.2421875,0,0.0,0.0
2026-03-17 18:30:00+00:00,74439.84375,74710.4765625,74439.84375,74710.4765625,42713088,0.0,0.0
2026-03-17 18:45:00+00:00,74657.6953125,74757.0078125,74657.6953125,74696.8046875,285085696,0.0,0.0
2026-03-17 19:00:00+00:00,74669.46875,74804.4609375,74663.1640625,74796.7578125,9707520,0.0,0.0
2026-03-17 19:15:00+00:00,74793.0390625,74810.171875,74596.640625,74596.640625,71446528,0.0,0.0
2026-03-17 19:30:00+00:00,74651.5,74757.8984375,74550.9609375,74678.3203125,115695616,0.0,0.0
2026-03-17 19:45:00+00:00,74685.4296875,74696.171875,74485.6015625,74509.2109375,42778624,0.0,0.0
2026-03-17 20:00:00+00:00,74510.2265625,74510.2265625,74444.578125,74494.3984375,246386688,0.0,0.0
2026-03-17 20:15:00+00:00,74399.4453125,74679.125,74399.4453125,74679.125,53698560,0.0,0.0
2026-03-17 20:30:00+00:00,74673.3125,74673.3125,74548.4375,74555.59375,179425280,0.0,0.0
2026-03-17 20:45:00+00:00,74543.171875,74588.1875,74518.6875,74568.0078125,88428544,0.0,0.0
2026-03-17 21:00:00+00:00,74547.59375,74770.953125,74501.109375,74770.953125,0,0.0,0.0
2026-03-17 21:15:00+00:00,74730.9375,74730.9375,74616.0546875,74616.0546875,0,0.0,0.0
2026-03-17 21:30:00+00:00,74593.96875,74797.6953125,74534.8203125,74797.6953125,237576192,0.0,0.0
2026-03-17 21:45:00+00:00,74762.046875,74789.0,74694.421875,74700.4921875,13778944,0.0,0.0
2026-03-17 22:00:00+00:00,74663.78125,74791.140625,74589.8125,74589.8125,0,0.0,0.0
2026-03-17 22:15:00+00:00,74594.578125,74594.578125,74431.4375,74431.4375,80678912,0.0,0.0
2026-03-17 22:30:00+00:00,74375.828125,74375.828125,73972.3984375,74167.265625,184406016,0.0,0.0
2026-03-17 22:45:00+00:00,74175.09375,74309.75,74175.09375,74309.75,169549824,0.0,0.0
2026-03-17 23:00:00+00:00,74328.9609375,74401.6015625,74275.765625,74370.15625,0,0.0,0.0
2026-03-17 23:15:00+00:00,74349.4921875,74349.4921875,74149.15625,74208.2421875,123240448,0.0,0.0
2026-03-17 23:30:00+00:00,74217.7265625,74217.7265625,74043.4765625,74043.4765625,1108885504,0.0,0.0
2026-03-17 23:45:00+00:00,73961.1875,74062.140625,73936.8515625,73936.8515625,52281344,0.0,0.0
2026-03-18 00:00:00+00:00,73933.515625,74082.5234375,73933.515625,74050.4375,0,0.0,0.0
2026-03-18 00:15:00+00:00,74007.9375,74007.9375,73727.5,73745.1171875,0,0.0,0.0
2026-03-18 00:30:00+00:00,73771.109375,73798.234375,73607.1796875,73679.09375,0,0.0,0.0
2026-03-18 00:45:00+00:00,73718.4921875,73879.4453125,73718.4921875,73855.84375,29659136,0.0,0.0
2026-03-18 01:00:00+00:00,73869.1328125,74002.828125,73869.1328125,73913.109375,0,0.0,0.0
2026-03-18 01:15:00+00:00,73922.234375,74054.53125,73917.0234375,74054.53125,0,0.0,0.0
2026-03-18 01:30:00+00:00,74040.78125,74209.1328125,74040.78125,74201.2578125,0,0.0,0.0
2026-03-18 01:45:00+00:00,74174.6171875,74216.4921875,74048.1640625,74098.3125,0,0.0,0.0
2026-03-18 02:00:00+00:00,74089.375,74280.4765625,74089.375,74280.4765625,0,0.0,0.0
2026-03-18 02:15:00+00:00,74295.21875,74295.21875,74208.5546875,74208.5546875,107831296,0.0,0.0
2026-03-18 02:30:00+00:00,74231.8515625,74411.890625,74224.1640625,74411.890625,839680,0.0,0.0
2026-03-18 02:45:00+00:00,74409.203125,74468.1015625,74352.140625,74352.140625,106876928,0.0,0.0
2026-03-18 03:00:00+00:00,74350.484375,74410.859375,74289.9453125,74330.5234375,0,0.0,0.0
2026-03-18 03:15:00+00:00,74293.1640625,74598.1640625,74288.6171875,74557.96875,0,0.0,0.0
2026-03-18 03:30:00+00:00,74542.953125,74614.859375,74481.59375,74481.59375,0,0.0,0.0
2026-03-18 03:45:00+00:00,74503.734375,74520.84375,74438.875,74520.84375,0,0.0,0.0
2026-03-18 04:00:00+00:00,74488.171875,74495.1484375,74417.140625,74432.5234375,0,0.0,0.0
2026-03-18 04:15:00+00:00,74429.765625,74429.765625,74300.03125,74311.3359375,0,0.0,0.0
2026-03-18 04:30:00+00:00,74231.59375,74236.9375,74203.9140625,74236.9375,0,0.0,0.0
2026-03-18 04:45:00+00:00,74243.4453125,74263.8359375,74179.2890625,74185.9453125,0,0.0,0.0
2026-03-18 05:00:00+00:00,74184.734375,74301.109375,74184.734375,74294.6328125,128348160,0.0,0.0
2026-03-18 05:15:00+00:00,74284.6875,74288.3359375,74101.4921875,74101.6484375,0,0.0,0.0
2026-03-18 05:30:00+00:00,74113.6171875,74156.640625,74054.3359375,74054.3359375,0,0.0,0.0
2026-03-18 05:45:00+00:00,74040.6875,74066.34375,73898.4609375,73950.6171875,0,0.0,0.0
2026-03-18 06:00:00+00:00,74004.7890625,74090.1953125,74000.484375,74086.0,35409920,0.0,0.0
2026-03-18 06:15:00+00:00,74105.9296875,74221.609375,74072.203125,74210.1484375,497254400,0.0,0.0
2026-03-18 06:30:00+00:00,74186.765625,74227.5390625,74046.703125,74046.703125,89489408,0.0,0.0
2026-03-18 06:45:00+00:00,74049.9921875,74115.90625,73963.078125,73963.078125,58204160,0.0,0.0
2026-03-18 07:00:00+00:00,73964.40625,73978.3515625,73890.2734375,73934.890625,127111168,0.0,0.0
2026-03-18 07:15:00+00:00,73959.125,73959.125,73835.265625,73835.265625,73715712,0.0,0.0
2026-03-18 07:30:00+00:00,73821.6875,73830.9140625,73747.328125,73764.59375,12673024,0.0,0.0
2026-03-18 07:45:00+00:00,73739.234375,73907.7421875,73739.234375,73888.078125,117542912,0.0,0.0
2026-03-18 08:00:00+00:00,73889.796875,74017.109375,73889.796875,73998.375,282546176,0.0,0.0
2026-03-18 08:15:00+00:00,74015.828125,74051.84375,73985.5703125,74020.5859375,20897792,0.0,0.0
2026-03-18 08:30:00+00:00,74036.5859375,74099.7109375,74021.46875,74036.8125,125587456,0.0,0.0
2026-03-18 08:45:00+00:00,74086.1015625,74118.8984375,74030.09375,74030.09375,36237312,0.0,0.0
2026-03-18 09:00:00+00:00,74039.984375,74176.3125,74039.984375,74176.3125,0,0.0,0.0
2026-03-18 09:15:00+00:00,74175.9296875,74216.7578125,74154.0234375,74158.8515625,6885376,0.0,0.0
2026-03-18 09:30:00+00:00,74161.9765625,74264.984375,74161.9765625,74262.015625,0,0.0,0.0
2026-03-18 09:45:00+00:00,74258.546875,74258.546875,74138.1015625,74154.8046875,0,0.0,0.0
2026-03-18 10:00:00+00:00,74203.2890625,74264.2578125,74105.28125,74261.8046875,383889408,0.0,0.0
2026-03-18 10:15:00+00:00,74256.5234375,74256.5234375,74193.390625,74197.2734375,701784064,0.0,0.0
2026-03-18 10:30:00+00:00,74203.9609375,74203.9609375,73907.328125,73907.328125,0,0.0,0.0
2026-03-18 10:45:00+00:00,73854.3828125,73936.0546875,73854.3828125,73936.0546875,205803520,0.0,0.0
2026-03-18 11:00:00+00:00,73928.75,73978.484375,73771.3671875,73973.7109375,66482176,0.0,0.0
2026-03-18 11:15:00+00:00,73970.984375,73993.3125,73784.625,73784.625,0,0.0,0.0
2026-03-18 11:30:00+00:00,73612.3671875,73612.3671875,72884.6171875,73088.8984375,1442549760,0.0,0.0
2026-03-18 11:45:00+00:00,73078.9453125,73137.8359375,72931.2109375,72931.2109375,576577536,0.0,0.0
2026-03-18 12:00:00+00:00,72969.7421875,72969.7421875,72718.2265625,72728.90625,579465216,0.0,0.0
2026-03-18 12:15:00+00:00,72790.90625,72879.3515625,72751.703125,72840.3203125,267579392,0.0,0.0
2026-03-18 12:30:00+00:00,72849.4609375,72849.4609375,72368.84375,72421.484375,1737084928,0.0,0.0
2026-03-18 12:45:00+00:00,72376.203125,72467.8359375,72352.828125,72383.359375,257388544,0.0,0.0
2026-03-18 13:00:00+00:00,72272.1953125,72414.3203125,72179.859375,72376.96875,343609344,0.0,0.0
2026-03-18 13:15:00+00:00,72425.0625,72537.0703125,72329.5703125,72479.2109375,196734976,0.0,0.0
2026-03-18 13:30:00+00:00,72389.7265625,72507.78125,72248.2734375,72376.2578125,75689984,0.0,0.0
2026-03-18 13:45:00+00:00,72263.5078125,72325.703125,72002.1015625,72050.671875,56627200,0.0,0.0
2026-03-18 14:00:00+00:00,72167.140625,72196.3359375,71981.03125,71994.6953125,207683584,0.0,0.0
2026-03-18 14:15:00+00:00,71881.21875,71989.4140625,71651.875,71651.875,654213120,0.0,0.0
2026-03-18 14:30:00+00:00,71728.40625,71812.5234375,71513.8671875,71513.8671875,779743232,0.0,0.0
2026-03-18 14:45:00+00:00,71493.8984375,71565.7421875,71315.328125,71315.328125,163999744,0.0,0.0
2026-03-18 15:00:00+00:00,71077.0,71420.5234375,70978.140625,71064.75,584814592,0.0,0.0
2026-03-18 15:15:00+00:00,71103.5546875,71315.1015625,71103.5546875,71289.0546875,355184640,0.0,0.0
2026-03-18 15:30:00+00:00,71265.8671875,71446.15625,71251.2578125,71367.03125,913764352,0.0,0.0
2026-03-18 15:45:00+00:00,71335.1796875,71515.359375,71305.921875,71515.359375,339918848,0.0,0.0
2026-03-18 16:00:00+00:00,71452.140625,71551.2890625,71226.5859375,71274.0859375,248889344,0.0,0.0
2026-03-18 16:15:00+00:00,71225.890625,71298.6640625,71138.625,71292.8203125,388063232,0.0,0.0
2026-03-18 16:30:00+00:00,71224.609375,71280.734375,71133.4765625,71280.734375,69595136,0.0,0.0
2026-03-18 16:45:00+00:00,71287.0078125,71403.734375,71275.6796875,71329.96875,73490432,0.0,0.0
2026-03-18 17:00:00+00:00,71316.6328125,71316.6328125,71220.6328125,71309.0078125,93786112,0.0,0.0
2026-03-18 17:15:00+00:00,71302.5234375,71488.0078125,71219.640625,71472.328125,0,0.0,0.0
2026-03-18 17:30:00+00:00,71419.2109375,71700.5078125,71371.3671875,71573.4453125,616792064,0.0,0.0
2026-03-18 17:45:00+00:00,71588.171875,71710.953125,71578.875,71616.7109375,129609728,0.0,0.0
2026-03-18 18:00:00+00:00,71775.625,71948.5546875,71764.1015625,71868.59375,436056064,0.0,0.0
2026-03-18 18:15:00+00:00,71888.9609375,71888.9609375,71587.4375,71645.4375,236158976,0.0,0.0
2026-03-18 18:30:00+00:00,71669.421875,71781.6796875,71517.328125,71643.0,333606912,0.0,0.0
2026-03-18 18:45:00+00:00,71622.546875,71622.546875,70992.875,70992.875,183238656,0.0,0.0
2026-03-18 19:00:00+00:00,71184.4765625,71368.9296875,71176.03125,71352.5,373993472,0.0,0.0
2026-03-18 19:15:00+00:00,71339.5078125,71453.0234375,71237.96875,71298.4140625,14237696,0.0,0.0
2026-03-18 19:30:00+00:00,71288.0390625,71288.0390625,71028.1875,71028.1875,208412672,0.0,0.0
2026-03-18 19:45:00+00:00,71051.90625,71124.9453125,71001.71875,71111.2421875,1206489088,0.0,0.0
2026-03-18 20:00:00+00:00,71058.625,71058.625,70605.0234375,70637.2109375,324407296,0.0,0.0
2026-03-18 20:15:00+00:00,70816.0703125,70993.046875,70804.7890625,70993.046875,398684160,0.0,0.0
2026-03-18 20:30:00+00:00,70990.90625,71267.25,70989.515625,71193.09375,264957952,0.0,0.0
2026-03-18 20:45:00+00:00,71171.4375,71273.40625,71154.1015625,71240.7265625,283836416,0.0,0.0
2026-03-18 21:00:00+00:00,71234.8359375,71406.578125,71234.8359375,71320.640625,891330560,0.0,0.0
2026-03-18 21:15:00+00:00,71294.65625,71347.7734375,71254.53125,71279.7578125,58347520,0.0,0.0
2026-03-18 21:30:00+00:00,71248.1875,71352.1171875,71190.4296875,71348.9140625,0,0.0,0.0
2026-03-18 21:45:00+00:00,71327.8671875,71358.7421875,71293.0625,71293.0625,136646656,0.0,0.0
2026-03-18 22:00:00+00:00,71218.265625,71218.265625,70985.78125,71000.4609375,19447808,0.0,0.0
2026-03-18 22:15:00+00:00,71017.2265625,71105.8671875,71017.2265625,71059.078125,334454784,0.0,0.0
2026-03-18 22:30:00+00:00,71088.953125,71088.953125,70979.8203125,71039.3125,263618560,0.0,0.0
2026-03-18 22:45:00+00:00,71065.84375,71139.421875,71036.7109375,71139.421875,73822208,0.0,0.0
2026-03-18 23:00:00+00:00,71119.5390625,71250.1640625,71115.7890625,71178.234375,233766912,0.0,0.0
2026-03-18 23:15:00+00:00,71154.8984375,71208.953125,71091.03125,71208.953125,17215488,0.0,0.0
2026-03-18 23:30:00+00:00,71241.3125,71331.0625,71241.3125,71287.1328125,165773312,0.0,0.0
2026-03-18 23:45:00+00:00,71250.859375,71349.421875,71240.265625,71250.3515625,131190784,0.0,0.0
2026-03-19 00:00:00+00:00,71216.484375,71285.5546875,71118.9140625,71143.0078125,144932864,0.0,0.0
2026-03-19 00:15:00+00:00,71187.921875,71215.5078125,71111.7578125,71215.5078125,0,0.0,0.0
2026-03-19 00:30:00+00:00,71298.9609375,71298.9609375,71071.8984375,71072.0078125,303439872,0.0,0.0
2026-03-19 00:45:00+00:00,71072.3203125,71111.125,71010.4921875,71010.4921875,247668736,0.0,0.0
2026-03-19 01:00:00+00:00,71058.0703125,71087.625,70991.265625,70991.265625,148131840,0.0,0.0
2026-03-19 01:15:00+00:00,70991.1796875,71060.4375,70964.4453125,71047.8828125,120868864,0.0,0.0
2026-03-19 01:30:00+00:00,71094.9375,71148.8359375,71036.7109375,71148.8359375,10649600,0.0,0.0
2026-03-19 01:45:00+00:00,71138.0546875,71165.8671875,71096.203125,71140.328125,42835968,0.0,0.0
2026-03-19 02:00:00+00:00,71075.46875,71194.8203125,70936.203125,71178.8125,17321984,0.0,0.0
2026-03-19 02:15:00+00:00,71184.2578125,71233.4921875,71167.7265625,71210.921875,244002816,0.0,0.0
2026-03-19 02:30:00+00:00,71231.171875,71253.0234375,71190.96875,71228.7109375,31457280,0.0,0.0
2026-03-19 02:45:00+00:00,71227.9375,71227.9375,71050.7421875,71050.7421875,68644864,0.0,0.0
2026-03-19 03:00:00+00:00,71060.1328125,71216.2578125,71060.1328125,71206.265625,0,0.0,0.0
2026-03-19 03:15:00+00:00,71202.921875,71593.9453125,71198.0390625,71538.7265625,1303097344,0.0,0.0
2026-03-19 03:30:00+00:00,71496.3125,71496.3125,71254.7890625,71265.3984375,844992512,0.0,0.0
2026-03-19 03:45:00+00:00,71268.234375,71301.9609375,71223.125,71223.125,53133312,0.0,0.0
2026-03-19 04:00:00+00:00,71157.5390625,71199.2578125,70818.78125,70855.515625,301367296,0.0,0.0
2026-03-19 04:15:00+00:00,70861.1640625,70932.09375,70698.765625,70698.765625,267530240,0.0,0.0
2026-03-19 04:30:00+00:00,70719.2109375,70805.8046875,70719.2109375,70798.96875,112259072,0.0,0.0
2026-03-19 04:45:00+00:00,70768.5,70863.8359375,70746.9921875,70841.8359375,171671552,0.0,0.0
2026-03-19 05:00:00+00:00,70854.7421875,70894.46875,70771.59375,70801.0234375,0,0.0,0.0
2026-03-19 05:15:00+00:00,70807.609375,70872.4765625,70718.0390625,70718.0390625,72638464,0.0,0.0
2026-03-19 05:30:00+00:00,70710.953125,70845.796875,70688.65625,70845.6640625,205307904,0.0,0.0
2026-03-19 05:45:00+00:00,70799.796875,70835.7734375,70739.7421875,70835.7734375,175419392,0.0,0.0
2026-03-19 06:00:00+00:00,70834.140625,70924.2109375,70735.9140625,70905.0703125,0,0.0,0.0
2026-03-19 06:15:00+00:00,70886.0234375,70930.9453125,70788.53125,70788.53125,233590784,0.0,0.0
2026-03-19 06:30:00+00:00,70715.9765625,70728.6796875,70585.3125,70699.4765625,302571520,0.0,0.0
2026-03-19 06:45:00+00:00,70703.4765625,70703.4765625,70532.890625,70538.578125,0,0.0,0.0
2026-03-19 07:00:00+00:00,70543.28125,70543.28125,70064.7265625,70064.7265625,1000935424,0.0,0.0
2026-03-19 07:15:00+00:00,70007.546875,70007.546875,69519.03125,69816.1953125,1225302016,0.0,0.0
2026-03-19 07:30:00+00:00,69834.578125,70167.015625,69834.578125,70151.921875,334618624,0.0,0.0
2026-03-19 07:45:00+00:00,70104.0078125,70288.9140625,70037.3671875,70220.4609375,1422008320,0.0,0.0
2026-03-19 08:00:00+00:00,70202.65625,70256.6875,70120.734375,70185.2578125,677097472,0.0,0.0
2026-03-19 08:15:00+00:00,70186.109375,70217.140625,70070.2265625,70070.2265625,66412544,0.0,0.0
2026-03-19 08:30:00+00:00,70070.78125,70122.0,70010.40625,70072.7734375,555835392,0.0,0.0
2026-03-19 08:45:00+00:00,70036.40625,70118.515625,69960.1171875,69960.1171875,154705920,0.0,0.0
2026-03-19 09:00:00+00:00,69992.7421875,70142.0,69992.7421875,70001.3359375,286031872,0.0,0.0
2026-03-19 09:15:00+00:00,70042.1015625,70428.2421875,70029.3671875,70185.7265625,70209536,0.0,0.0
2026-03-19 09:30:00+00:00,70329.375,70452.1484375,70176.46875,70452.1484375,704937984,0.0,0.0
2026-03-19 09:45:00+00:00,70449.515625,70530.7578125,70436.4609375,70494.7734375,361172992,0.0,0.0
2026-03-19 10:00:00+00:00,70499.0703125,70499.0703125,70416.5625,70416.5625,444985344,0.0,0.0
2026-03-19 10:15:00+00:00,70418.9765625,70499.0703125,70418.9765625,70423.7265625,138391552,0.0,0.0
2026-03-19 10:30:00+00:00,70381.390625,70381.390625,70199.125,70199.125,166649856,0.0,0.0
2026-03-19 10:45:00+00:00,70209.265625,70256.6484375,70119.53125,70119.53125,94109696,0.0,0.0
2026-03-19 11:00:00+00:00,70134.71875,70179.7265625,70097.265625,70159.9609375,0,0.0,0.0
2026-03-19 11:15:00+00:00,70135.421875,70201.5078125,70124.3984375,70199.390625,92999680,0.0,0.0
2026-03-19 11:30:00+00:00,70219.359375,70229.7265625,70008.3671875,70008.3671875,0,0.0,0.0
2026-03-19 11:45:00+00:00,70020.59375,70038.3046875,69915.0,69915.0,12013568,0.0,0.0
2026-03-19 12:00:00+00:00,69934.671875,69935.6484375,69651.0390625,69821.5,512000,0.0,0.0
2026-03-19 12:15:00+00:00,69802.5859375,69802.5859375,69561.1484375,69561.1484375,0,0.0,0.0
2026-03-19 12:30:00+00:00,69575.265625,69733.0078125,69550.40625,69733.0078125,0,0.0,0.0
2026-03-19 12:45:00+00:00,69651.34375,69651.34375,69186.2265625,69308.4140625,390316032,0.0,0.0
2026-03-19 13:00:00+00:00,69288.171875,69404.875,69115.0859375,69115.0859375,215859200,0.0,0.0
2026-03-19 13:15:00+00:00,69099.8671875,69392.6640625,69099.8671875,69334.34375,504098816,0.0,0.0
2026-03-19 13:30:00+00:00,69335.5390625,69757.625,69265.078125,69730.65625,117809152,0.0,0.0
2026-03-19 13:45:00+00:00,69712.9765625,69997.40625,69596.4375,69897.484375,639217664,0.0,0.0
2026-03-19 14:00:00+00:00,70009.0546875,70009.0546875,69588.203125,69606.9296875,0,0.0,0.0
2026-03-19 14:15:00+00:00,69546.3984375,69546.3984375,69164.671875,69164.671875,17846272,0.0,0.0
2026-03-19 14:30:00+00:00,69153.2890625,69335.5546875,69132.6796875,69335.5546875,12369920,0.0,0.0
2026-03-19 14:45:00+00:00,69234.3828125,69560.4921875,69211.1796875,69560.4921875,105480192,0.0,0.0
2026-03-19 15:00:00+00:00,69508.1953125,69847.2890625,69503.53125,69691.5625,0,0.0,0.0
2026-03-19 15:15:00+00:00,69717.875,69717.875,69235.84375,69250.6953125,10899456,0.0,0.0
2026-03-19 15:30:00+00:00,69214.53125,69325.2734375,68932.8984375,68932.8984375,0,0.0,0.0
2026-03-19 15:45:00+00:00,68903.0625,69531.40625,68829.8515625,69452.3203125,714035200,0.0,0.0
2026-03-19 16:00:00+00:00,69425.8359375,69512.5625,69236.4296875,69264.609375,1373609984,0.0,0.0
2026-03-19 16:15:00+00:00,69349.2109375,69571.46875,69242.4921875,69534.5625,238567424,0.0,0.0
2026-03-19 16:30:00+00:00,69541.875,69603.3125,69345.015625,69534.40625,25104384,0.0,0.0
2026-03-19 16:45:00+00:00,69522.2265625,69522.2265625,69315.03125,69446.2578125,185798656,0.0,0.0
2026-03-19 17:00:00+00:00,69467.7109375,69467.7109375,69145.453125,69188.8515625,950099968,0.0,0.0
2026-03-19 17:15:00+00:00,69233.2734375,69699.59375,69201.46875,69699.59375,144994304,0.0,0.0
2026-03-19 17:30:00+00:00,69654.5625,69730.8203125,69533.1484375,69571.7109375,240418816,0.0,0.0
2026-03-19 17:45:00+00:00,69581.6640625,69879.515625,69581.6640625,69858.3515625,18333696,0.0,0.0
2026-03-19 18:00:00+00:00,69850.21875,69903.6796875,69751.1015625,69903.6796875,582369280,0.0,0.0
2026-03-19 18:15:00+00:00,69847.4296875,69908.8203125,69693.34375,69703.96875,0,0.0,0.0
2026-03-19 18:30:00+00:00,69653.0390625,69738.5546875,69638.4765625,69667.0,0,0.0,0.0
2026-03-19 18:45:00+00:00,69705.3515625,69842.75,69613.9609375,69842.75,0,0.0,0.0
2026-03-19 19:00:00+00:00,69826.40625,70478.859375,69826.40625,70253.0546875,272625664,0.0,0.0
2026-03-19 19:15:00+00:00,70370.53125,70564.9453125,70260.328125,70260.328125,680525824,0.0,0.0
2026-03-19 19:30:00+00:00,70283.7421875,70476.203125,70190.2109375,70476.203125,81338368,0.0,0.0
2026-03-19 19:45:00+00:00,70465.109375,70465.109375,70216.1875,70280.046875,241545216,0.0,0.0
2026-03-19 20:00:00+00:00,70277.4296875,70320.5234375,70214.5390625,70244.7734375,0,0.0,0.0
2026-03-19 20:15:00+00:00,70293.0078125,70458.953125,70293.0078125,70391.1875,3571712,0.0,0.0
2026-03-19 20:30:00+00:00,70335.1796875,70633.4296875,70335.1796875,70541.1171875,71774208,0.0,0.0
2026-03-19 20:45:00+00:00,70527.8515625,70531.03125,70457.5,70490.953125,140832768,0.0,0.0
2026-03-19 21:00:00+00:00,70505.65625,70695.4375,70500.1875,70681.625,132530176,0.0,0.0
2026-03-19 21:15:00+00:00,70685.5390625,70685.5390625,70565.40625,70565.40625,211955712,0.0,0.0
2026-03-19 21:30:00+00:00,70571.8125,70571.8125,70451.4296875,70468.921875,179265536,0.0,0.0
2026-03-19 21:45:00+00:00,70468.203125,70541.5390625,70414.9921875,70485.6328125,108376064,0.0,0.0
2026-03-19 22:00:00+00:00,70437.625,70491.5234375,70326.5,70416.0859375,12124160,0.0,0.0
2026-03-19 22:15:00+00:00,70454.8515625,70454.8515625,70375.7578125,70410.8359375,149213184,0.0,0.0
2026-03-19 22:30:00+00:00,70386.125,70386.125,69969.984375,70074.734375,105152512,0.0,0.0
2026-03-19 22:45:00+00:00,70068.90625,70142.28125,70015.1484375,70139.3515625,71708672,0.0,0.0
2026-03-19 23:00:00+00:00,70180.421875,70270.4140625,70180.421875,70223.140625,156073984,0.0,0.0
2026-03-19 23:15:00+00:00,70215.1484375,70215.1484375,69998.6171875,70164.078125,0,0.0,0.0
2026-03-19 23:30:00+00:00,70157.3203125,70157.84375,69740.953125,69817.375,103477248,0.0,0.0
2026-03-19 23:45:00+00:00,69851.0078125,69973.0703125,69826.3046875,69911.53125,169877504,0.0,0.0
2026-03-20 00:00:00+00:00,69921.890625,70087.8203125,69849.15625,70057.1015625,128245760,0.0,0.0
2026-03-20 00:15:00+00:00,70084.6484375,70162.34375,69986.1171875,70083.6796875,210817024,0.0,0.0
2026-03-20 00:30:00+00:00,70100.3671875,70240.0234375,70072.125,70218.1015625,145899520,0.0,0.0
2026-03-20 00:45:00+00:00,70217.6953125,70280.90625,70186.6875,70232.03125,26906624,0.0,0.0
2026-03-20 01:00:00+00:00,70209.6875,70415.984375,70209.6875,70415.984375,104816640,0.0,0.0
2026-03-20 01:15:00+00:00,70411.3671875,70432.5703125,70362.6796875,70395.5703125,182116352,0.0,0.0
2026-03-20 01:30:00+00:00,70396.3046875,70577.0078125,70396.3046875,70577.0078125,271249408,0.0,0.0
2026-03-20 01:45:00+00:00,70581.65625,70581.65625,70411.375,70411.375,70688768,0.0,0.0
2026-03-20 02:00:00+00:00,70411.609375,70451.3046875,70356.8828125,70382.75,182378496,0.0,0.0
2026-03-20 02:15:00+00:00,70376.15625,70376.15625,70203.671875,70229.6875,0,0.0,0.0
2026-03-20 02:30:00+00:00,70194.0546875,70269.71875,70096.6171875,70269.71875,147193856,0.0,0.0
2026-03-20 02:45:00+00:00,70279.1484375,70501.953125,70240.5,70429.59375,18681856,0.0,0.0
2026-03-20 03:00:00+00:00,70423.8671875,70469.8984375,70408.3046875,70461.2265625,95449088,0.0,0.0
2026-03-20 03:15:00+00:00,70427.3671875,70546.6328125,70421.546875,70519.8828125,0,0.0,0.0
2026-03-20 03:30:00+00:00,70648.328125,70759.859375,70585.25,70632.015625,43266048,0.0,0.0
2026-03-20 03:45:00+00:00,70608.0703125,70765.3984375,70582.6953125,70747.953125,360001536,0.0,0.0
2026-03-20 04:00:00+00:00,70732.3515625,70939.7734375,70732.3515625,70924.78125,87007232,0.0,0.0
2026-03-20 04:15:00+00:00,70921.359375,70921.359375,70832.875,70904.09375,15069184,0.0,0.0
2026-03-20 04:30:00+00:00,70913.1875,70913.1875,70569.1015625,70580.0390625,189829120,0.0,0.0
2026-03-20 04:45:00+00:00,70590.953125,70785.0546875,70580.765625,70785.0546875,68284416,0.0,0.0
2026-03-20 05:00:00+00:00,70784.3203125,70839.3046875,70745.4453125,70825.453125,159625216,0.0,0.0
2026-03-20 05:15:00+00:00,70836.4453125,70846.8046875,70639.2578125,70639.2578125,125775872,0.0,0.0
2026-03-20 05:30:00+00:00,70622.0625,70719.0703125,70585.484375,70704.6875,148373504,0.0,0.0
2026-03-20 05:45:00+00:00,70701.65625,70702.265625,70555.8984375,70586.2578125,0,0.0,0.0
2026-03-20 06:00:00+00:00,70587.5625,70609.03125,70513.8671875,70529.5625,254726144,0.0,0.0
2026-03-20 06:15:00+00:00,70535.484375,70535.484375,70434.5546875,70434.5546875,195346432,0.0,0.0
2026-03-20 06:30:00+00:00,70463.75,70531.2890625,70359.3828125,70443.796875,23756800,0.0,0.0
2026-03-20 06:45:00+00:00,70464.5859375,70511.2109375,70454.1328125,70480.53125,55468032,0.0,0.0
2026-03-20 07:00:00+00:00,70495.2109375,70495.2109375,70223.3046875,70260.578125,0,0.0,0.0
2026-03-20 07:15:00+00:00,70270.8359375,70536.1796875,70270.8359375,70473.3359375,0,0.0,0.0
2026-03-20 07:30:00+00:00,70452.671875,70817.75,70435.3125,70811.8515625,0,0.0,0.0
2026-03-20 07:45:00+00:00,70852.1640625,70890.09375,70833.0390625,70857.6328125,97144832,0.0,0.0
2026-03-20 08:00:00+00:00,70859.1796875,71315.328125,70810.9453125,71195.90625,1716224,0.0,0.0
2026-03-20 08:15:00+00:00,71268.09375,71268.09375,71171.234375,71267.171875,398311424,0.0,0.0
2026-03-20 08:30:00+00:00,71258.453125,71258.453125,71127.9375,71149.2109375,0,0.0,0.0
2026-03-20 08:45:00+00:00,71133.1640625,71133.1640625,71027.5234375,71027.5234375,119988224,0.0,0.0
2026-03-20 09:00:00+00:00,70995.9140625,71002.9609375,70896.5703125,70907.9140625,185630720,0.0,0.0
2026-03-20 09:15:00+00:00,70850.96875,70850.96875,70482.7890625,70509.625,150650880,0.0,0.0
2026-03-20 09:30:00+00:00,70517.625,70711.7734375,70517.625,70638.0625,62500864,0.0,0.0
2026-03-20 09:45:00+00:00,70647.9609375,70647.9609375,70496.5390625,70564.0,146571264,0.0,0.0
2026-03-20 10:00:00+00:00,70570.6640625,70570.6640625,70319.6171875,70365.78125,38862848,0.0,0.0
2026-03-20 10:15:00+00:00,70363.5546875,70422.2890625,70242.9609375,70309.7109375,243904512,0.0,0.0
2026-03-20 10:30:00+00:00,70319.5,70643.9765625,70319.5,70536.0234375,835186688,0.0,0.0
2026-03-20 10:45:00+00:00,70533.359375,70631.203125,70533.359375,70606.1953125,172302336,0.0,0.0
2026-03-20 11:00:00+00:00,70606.625,70787.5,70575.734375,70705.234375,0,0.0,0.0
2026-03-20 11:15:00+00:00,70774.8359375,70774.8359375,70624.4296875,70707.4375,449814528,0.0,0.0
2026-03-20 11:30:00+00:00,70706.09375,70711.1328125,70356.6328125,70396.484375,59457536,0.0,0.0
2026-03-20 11:45:00+00:00,70398.109375,70472.921875,70334.421875,70472.921875,6074368,0.0,0.0
2026-03-20 12:00:00+00:00,70474.6953125,70659.421875,70442.09375,70636.4609375,0,0.0,0.0
2026-03-20 12:15:00+00:00,70577.7578125,70627.21875,70440.0703125,70463.3984375,0,0.0,0.0
2026-03-20 12:30:00+00:00,70447.640625,70447.640625,70266.2734375,70266.2734375,6475776,0.0,0.0
2026-03-20 12:45:00+00:00,70338.8359375,70340.9609375,70278.125,70321.734375,81920000,0.0,0.0
2026-03-20 13:00:00+00:00,70328.6484375,70434.984375,70257.4609375,70257.4609375,0,0.0,0.0
2026-03-20 13:15:00+00:00,70315.5546875,70610.78125,70315.5546875,70497.578125,13176832,0.0,0.0
2026-03-20 13:30:00+00:00,70484.421875,70484.421875,69947.7421875,70305.109375,37728256,0.0,0.0
2026-03-20 13:45:00+00:00,70293.21875,70361.6796875,69830.9765625,69830.9765625,118960128,0.0,0.0
2026-03-20 14:00:00+00:00,69853.2109375,69997.828125,69703.3828125,69839.390625,159514624,0.0,0.0
2026-03-20 14:15:00+00:00,69817.7265625,69952.4375,69637.5390625,69894.96875,643760128,0.0,0.0
2026-03-20 14:30:00+00:00,69936.0234375,70227.015625,69936.0234375,70062.0078125,17977344,0.0,0.0
2026-03-20 14:45:00+00:00,70018.203125,70018.203125,69676.3125,69792.6328125,667148288,0.0,0.0
2026-03-20 15:00:00+00:00,69738.203125,69845.1875,69512.046875,69720.5703125,86827008,0.0,0.0
2026-03-20 15:15:00+00:00,69767.5390625,69947.2265625,69614.796875,69779.09375,235921408,0.0,0.0
2026-03-20 15:30:00+00:00,69804.3125,69957.40625,69769.96875,69942.0859375,161935360,0.0,0.0
2026-03-20 15:45:00+00:00,69918.9140625,69953.5234375,69779.1484375,69812.21875,0,0.0,0.0
2026-03-20 16:00:00+00:00,69857.6171875,70060.78125,69857.6171875,70021.6875,420478976,0.0,0.0
2026-03-20 16:15:00+00:00,69995.6171875,70067.390625,69922.5546875,69996.140625,33894400,0.0,0.0
2026-03-20 16:30:00+00:00,70022.4609375,70022.4609375,69705.8828125,69778.953125,124346368,0.0,0.0
2026-03-20 16:45:00+00:00,69758.7890625,69862.078125,69658.296875,69862.078125,0,0.0,0.0
2026-03-20 17:00:00+00:00,69819.046875,69904.6015625,69698.5546875,69783.484375,131350528,0.0,0.0
2026-03-20 17:15:00+00:00,69783.8359375,69832.71875,69661.6953125,69661.6953125,0,0.0,0.0
2026-03-20 17:30:00+00:00,69641.8515625,69669.15625,69435.75,69549.515625,359018496,0.0,0.0
2026-03-20 17:45:00+00:00,69559.203125,69953.96875,69559.203125,69953.96875,109518848,0.0,0.0
2026-03-20 18:00:00+00:00,69960.4375,70025.2734375,69921.2890625,69977.265625,120905728,0.0,0.0
2026-03-20 18:15:00+00:00,69967.5,69973.8984375,69700.5234375,69700.5234375,18214912,0.0,0.0
2026-03-20 18:30:00+00:00,69649.2421875,69746.109375,69540.6171875,69713.1015625,610443264,0.0,0.0
2026-03-20 18:45:00+00:00,69703.421875,69882.3828125,69700.6640625,69700.6640625,203739136,0.0,0.0
2026-03-20 19:00:00+00:00,69750.9375,69871.6015625,69702.7578125,69810.4921875,0,0.0,0.0
2026-03-20 19:15:00+00:00,69857.6328125,69931.84375,69798.40625,69860.4609375,0,0.0,0.0
2026-03-20 19:30:00+00:00,69857.4140625,69941.4921875,69688.8984375,69913.75,0,0.0,0.0
2026-03-20 19:45:00+00:00,69988.40625,70165.765625,69900.890625,70164.53125,358273024,0.0,0.0
2026-03-20 20:00:00+00:00,70160.9375,70228.75,70109.609375,70202.703125,127918080,0.0,0.0
2026-03-20 20:15:00+00:00,70194.21875,70194.21875,69954.5078125,69954.5078125,37072896,0.0,0.0
2026-03-20 20:30:00+00:00,69982.8515625,69982.8515625,69775.8359375,69917.6953125,0,0.0,0.0
2026-03-20 20:45:00+00:00,69923.3984375,70063.6015625,69923.3984375,70047.375,224604160,0.0,0.0
2026-03-20 21:00:00+00:00,70044.4921875,70080.7578125,69978.828125,70077.296875,209948672,0.0,0.0
2026-03-20 21:15:00+00:00,70119.4765625,70497.125,70118.546875,70494.0078125,791453696,0.0,0.0
2026-03-20 21:30:00+00:00,70490.9921875,70624.5625,70399.890625,70399.890625,128413696,0.0,0.0
2026-03-20 21:45:00+00:00,70398.9765625,70582.515625,70398.9765625,70525.046875,167088128,0.0,0.0
2026-03-20 22:00:00+00:00,70545.578125,70877.3046875,70545.578125,70755.484375,331923456,0.0,0.0
2026-03-20 22:15:00+00:00,70786.71875,70852.3828125,70717.96875,70717.96875,179015680,0.0,0.0
2026-03-20 22:30:00+00:00,70694.7734375,70751.421875,70634.296875,70683.8984375,13066240,0.0,0.0
2026-03-20 22:45:00+00:00,70690.1484375,70805.75,70665.2890625,70791.7109375,101756928,0.0,0.0
2026-03-20 23:00:00+00:00,70783.875,70783.875,70521.109375,70521.109375,0,0.0,0.0
2026-03-20 23:15:00+00:00,70522.28125,70539.2578125,70457.359375,70485.9453125,127549440,0.0,0.0
2026-03-20 23:30:00+00:00,70491.671875,70524.09375,70468.59375,70524.09375,0,0.0,0.0
2026-03-20 23:45:00+00:00,70529.03125,70578.4609375,70485.671875,70522.46875,0,0.0,0.0
2026-03-21 00:00:00+00:00,70517.6171875,70580.03125,70490.8203125,70532.078125,0,0.0,0.0
2026-03-21 00:15:00+00:00,70577.375,70762.1640625,70577.375,70680.390625,78888960,0.0,0.0
2026-03-21 00:30:00+00:00,70651.6171875,70672.25,70592.21875,70615.1953125,0,0.0,0.0
2026-03-21 00:45:00+00:00,70618.0,70707.34375,70583.5859375,70695.8828125,37527552,0.0,0.0
2026-03-21 01:00:00+00:00,70680.7890625,70742.890625,70653.1328125,70679.71875,0,0.0,0.0
2026-03-21 01:15:00+00:00,70670.5390625,70670.5390625,70595.5546875,70637.5,16994304,0.0,0.0
2026-03-21 01:30:00+00:00,70610.1640625,70630.140625,70550.9296875,70563.8515625,89473024,0.0,0.0
2026-03-21 01:45:00+00:00,70549.53125,70567.5,70483.4453125,70483.4453125,15286272,0.0,0.0
2026-03-21 02:00:00+00:00,70480.125,70497.453125,70438.75,70476.453125,117010432,0.0,0.0
2026-03-21 02:15:00+00:00,70480.3359375,70664.1796875,70480.3359375,70664.1796875,0,0.0,0.0
2026-03-21 02:30:00+00:00,70652.296875,70726.296875,70584.03125,70702.4296875,0,0.0,0.0
2026-03-21 02:45:00+00:00,70708.65625,70764.6484375,70697.0390625,70715.328125,81666048,0.0,0.0
2026-03-21 03:00:00+00:00,70730.1640625,70767.015625,70682.1484375,70693.4140625,0,0.0,0.0
2026-03-21 03:15:00+00:00,70685.375,70702.9765625,70668.03125,70702.9765625,22405120,0.0,0.0
2026-03-21 03:30:00+00:00,70700.34375,70700.34375,70615.7421875,70643.84375,0,0.0,0.0
2026-03-21 03:45:00+00:00,70630.671875,70687.6875,70630.671875,70675.25,0,0.0,0.0
2026-03-21 04:00:00+00:00,70673.375,70769.1171875,70673.375,70762.3359375,0,0.0,0.0
2026-03-21 04:15:00+00:00,70735.3359375,70790.421875,70731.0,70788.984375,80248832,0.0,0.0
2026-03-21 04:30:00+00:00,70768.8125,70768.8125,70623.890625,70623.890625,33083392,0.0,0.0
2026-03-21 04:45:00+00:00,70637.609375,70653.34375,70629.3125,70632.328125,0,0.0,0.0
2026-03-21 05:00:00+00:00,70632.203125,70689.234375,70632.203125,70648.03125,31911936,0.0,0.0
2026-03-21 05:15:00+00:00,70646.0546875,70771.90625,70646.0546875,70771.90625,94539776,0.0,0.0
2026-03-21 05:30:00+00:00,70777.1953125,70782.8203125,70717.1640625,70728.84375,462524416,0.0,0.0
2026-03-21 05:45:00+00:00,70754.7265625,70761.703125,70686.1796875,70704.1328125,160071680,0.0,0.0
2026-03-21 06:00:00+00:00,70696.578125,70724.453125,70696.578125,70721.109375,0,0.0,0.0
2026-03-21 06:15:00+00:00,70720.875,70799.671875,70717.9921875,70782.96875,137084928,0.0,0.0
2026-03-21 06:30:00+00:00,70783.6953125,70787.8046875,70744.59375,70772.921875,166887424,0.0,0.0
2026-03-21 06:45:00+00:00,70776.28125,70776.28125,70758.1484375,70764.578125,24793088,0.0,0.0
2026-03-21 07:00:00+00:00,70771.8515625,70772.46875,70732.390625,70743.3828125,0,0.0,0.0
2026-03-21 07:15:00+00:00,70743.2890625,70871.8515625,70743.2890625,70871.8515625,0,0.0,0.0
2026-03-21 07:30:00+00:00,70865.765625,70865.765625,70767.9140625,70777.5546875,52097024,0.0,0.0
2026-03-21 07:45:00+00:00,70761.6328125,70761.6328125,70693.84375,70697.6328125,0,0.0,0.0
2026-03-21 08:00:00+00:00,70711.7109375,70727.671875,70691.6796875,70710.3828125,0,0.0,0.0
2026-03-21 08:15:00+00:00,70711.1171875,70711.1171875,70536.1484375,70536.1484375,106467328,0.0,0.0
2026-03-21 08:30:00+00:00,70520.171875,70623.109375,70489.359375,70623.109375,420507648,0.0,0.0
2026-03-21 08:45:00+00:00,70603.0078125,70604.1796875,70564.5625,70585.9921875,0,0.0,0.0
2026-03-21 09:00:00+00:00,70586.71875,70701.453125,70586.71875,70675.4140625,0,0.0,0.0
2026-03-21 09:15:00+00:00,70699.5859375,70700.8515625,70599.1796875,70599.1796875,0,0.0,0.0
2026-03-21 09:30:00+00:00,70594.7109375,70673.2734375,70583.3671875,70643.796875,0,0.0,0.0
2026-03-21 09:45:00+00:00,70636.8125,70667.5859375,70634.953125,70656.6015625,19165184,0.0,0.0
2026-03-21 10:00:00+00:00,70654.46875,70661.2421875,70613.3984375,70613.3984375,35287040,0.0,0.0
2026-03-21 10:15:00+00:00,70620.359375,70622.8203125,70562.703125,70572.0546875,0,0.0,0.0
2026-03-21 10:30:00+00:00,70582.9296875,70612.3203125,70576.609375,70576.609375,27017216,0.0,0.0
2026-03-21 10:45:00+00:00,70580.2265625,70590.25,70556.9921875,70589.5234375,0,0.0,0.0
2026-03-21 11:00:00+00:00,70588.78125,70598.1953125,70568.625,70570.71875,33386496,0.0,0.0
2026-03-21 11:15:00+00:00,70561.0,70598.671875,70558.6953125,70598.671875,0,0.0,0.0
2026-03-21 11:30:00+00:00,70597.1640625,70615.8046875,70567.609375,70615.8046875,22433792,0.0,0.0
2026-03-21 11:45:00+00:00,70618.7734375,70636.265625,70602.171875,70634.9609375,1605632,0.0,0.0
2026-03-21 12:00:00+00:00,70635.1640625,70705.84375,70635.1640625,70705.84375,15532032,0.0,0.0
2026-03-21 12:15:00+00:00,70710.7734375,70763.3984375,70682.34375,70760.7265625,0,0.0,0.0
2026-03-21 12:30:00+00:00,70751.5,70753.5859375,70706.421875,70734.859375,0,0.0,0.0
2026-03-21 12:45:00+00:00,70737.78125,70737.78125,70699.7109375,70704.8671875,0,0.0,0.0
2026-03-21 13:00:00+00:00,70703.015625,70733.125,70682.90625,70732.234375,0,0.0,0.0
2026-03-21 13:15:00+00:00,70730.7578125,70789.84375,70707.234375,70733.5703125,60041216,0.0,0.0
2026-03-21 13:30:00+00:00,70754.4921875,70761.2578125,70704.2421875,70710.375,0,0.0,0.0
2026-03-21 13:45:00+00:00,70704.9296875,70733.3984375,70698.7421875,70725.484375,0,0.0,0.0
2026-03-21 14:00:00+00:00,70717.6796875,71040.421875,70717.6796875,70971.234375,0,0.0,0.0
2026-03-21 14:15:00+00:00,70995.09375,71002.078125,70920.6796875,70930.734375,17682432,0.0,0.0
2026-03-21 14:30:00+00:00,70921.875,70980.46875,70920.703125,70946.3203125,0,0.0,0.0
2026-03-21 14:45:00+00:00,70928.1015625,70928.1015625,70590.8203125,70592.34375,0,0.0,0.0
2026-03-21 15:00:00+00:00,70615.625,70634.296875,70571.859375,70603.40625,42115072,0.0,0.0
2026-03-21 15:15:00+00:00,70622.1484375,70639.421875,70486.5078125,70639.421875,0,0.0,0.0
2026-03-21 15:30:00+00:00,70650.3125,70750.3203125,70638.1328125,70648.4609375,473088,0.0,0.0
2026-03-21 15:45:00+00:00,70647.9375,70669.90625,70624.4453125,70652.2265625,0,0.0,0.0
2026-03-21 16:00:00+00:00,70641.703125,70644.515625,70564.703125,70564.703125,0,0.0,0.0
2026-03-21 16:15:00+00:00,70555.3515625,70608.7890625,70353.84375,70353.84375,0,0.0,0.0
2026-03-21 16:30:00+00:00,70406.09375,70462.7578125,70355.2265625,70355.2265625,0,0.0,0.0
2026-03-21 16:45:00+00:00,70365.734375,70421.4296875,70269.796875,70290.7578125,34160640,0.0,0.0
2026-03-21 17:00:00+00:00,70295.28125,70351.4453125,70223.3203125,70268.078125,23769088,0.0,0.0
2026-03-21 17:15:00+00:00,70265.15625,70378.0546875,70250.6328125,70378.0546875,0,0.0,0.0
2026-03-21 17:30:00+00:00,70366.5234375,70403.3046875,70359.3984375,70398.546875,0,0.0,0.0
2026-03-21 17:45:00+00:00,70387.8359375,70393.2578125,70296.3046875,70317.5859375,0,0.0,0.0
2026-03-21 18:00:00+00:00,70312.9609375,70360.6328125,70297.890625,70339.6015625,0,0.0,0.0
2026-03-21 18:15:00+00:00,70366.40625,70427.671875,70350.96875,70408.953125,0,0.0,0.0
2026-03-21 18:30:00+00:00,70407.8828125,70489.90625,70394.6796875,70485.9921875,18434048,0.0,0.0
2026-03-21 18:45:00+00:00,70470.96875,70470.96875,70375.0,70404.65625,0,0.0,0.0
2026-03-21 19:00:00+00:00,70389.640625,70420.0234375,70389.640625,70417.625,0,0.0,0.0
2026-03-21 19:15:00+00:00,70418.7109375,70434.65625,70392.9453125,70426.296875,0,0.0,0.0
2026-03-21 19:30:00+00:00,70415.3046875,70415.3046875,70328.8984375,70328.8984375,0,0.0,0.0
2026-03-21 19:45:00+00:00,70334.5,70379.7109375,70334.5,70379.7109375,0,0.0,0.0
2026-03-21 20:00:00+00:00,70380.328125,70416.203125,70347.359375,70416.203125,0,0.0,0.0
2026-03-21 20:15:00+00:00,70382.3515625,70455.828125,70354.1328125,70438.3203125,12572672,0.0,0.0
2026-03-21 20:30:00+00:00,70440.375,70477.5234375,70432.78125,70432.78125,39004160,0.0,0.0
2026-03-21 20:45:00+00:00,70452.546875,70480.296875,70433.3203125,70456.4140625,152293376,0.0,0.0
2026-03-21 21:00:00+00:00,70454.390625,70490.6171875,70364.40625,70364.40625,49534976,0.0,0.0
2026-03-21 21:15:00+00:00,70365.6796875,70387.953125,70357.296875,70357.296875,0,0.0,0.0
2026-03-21 21:30:00+00:00,70355.1875,70377.6015625,70349.671875,70368.5,0,0.0,0.0
2026-03-21 21:45:00+00:00,70343.46875,70358.265625,70283.9140625,70346.4921875,0,0.0,0.0
2026-03-21 22:00:00+00:00,70346.078125,70346.078125,70270.5390625,70299.8203125,0,0.0,0.0
2026-03-21 22:15:00+00:00,70312.484375,70318.9296875,70273.8515625,70273.8515625,125857792,0.0,0.0
2026-03-21 22:30:00+00:00,70280.6875,70356.8671875,70271.8359375,70332.640625,18606080,0.0,0.0
2026-03-21 22:45:00+00:00,70302.796875,70302.796875,70276.1796875,70291.234375,139167744,0.0,0.0
2026-03-21 23:00:00+00:00,70265.4921875,70265.4921875,70133.7734375,70146.1640625,0,0.0,0.0
2026-03-21 23:15:00+00:00,70141.421875,70193.0078125,70128.5078125,70134.421875,5484544,0.0,0.0
2026-03-21 23:30:00+00:00,70115.15625,70178.75,70105.875,70169.6015625,64133120,0.0,0.0
2026-03-21 23:45:00+00:00,70162.5390625,70162.5390625,68737.4453125,68737.4453125,1584928768,0.0,0.0
2026-03-22 00:00:00+00:00,68903.21875,68921.9453125,68339.5859375,68679.578125,1467865088,0.0,0.0
2026-03-22 00:15:00+00:00,68686.4375,69024.4765625,68686.4375,68823.2578125,984395776,0.0,0.0
2026-03-22 00:30:00+00:00,68898.8359375,69084.8046875,68898.8359375,69029.9453125,702949376,0.0,0.0
2026-03-22 00:45:00+00:00,69055.4375,69081.671875,68830.375,68908.2109375,323362816,0.0,0.0
2026-03-22 01:00:00+00:00,68942.6171875,69039.4375,68878.625,68929.7421875,194109440,0.0,0.0
2026-03-22 01:15:00+00:00,68962.1796875,69074.5390625,68940.2421875,69009.6015625,202946560,0.0,0.0
2026-03-22 01:30:00+00:00,69013.8046875,69046.4609375,68802.9453125,68842.4921875,463222784,0.0,0.0
2026-03-22 01:45:00+00:00,68842.671875,68965.109375,68842.671875,68959.234375,143167488,0.0,0.0
2026-03-22 02:00:00+00:00,68963.9609375,69036.25,68959.140625,69030.7421875,37058560,0.0,0.0
2026-03-22 02:15:00+00:00,69063.96875,69333.015625,68991.9765625,69333.015625,90615808,0.0,0.0
2026-03-22 02:30:00+00:00,69336.53125,69336.53125,69209.359375,69222.7421875,258764800,0.0,0.0
2026-03-22 02:45:00+00:00,69225.6875,69335.7265625,69215.65625,69313.6015625,170483712,0.0,0.0
2026-03-22 03:00:00+00:00,69279.0546875,69323.2265625,69138.40625,69309.3515625,117448704,0.0,0.0
2026-03-22 03:15:00+00:00,69312.6171875,69446.953125,69270.765625,69446.953125,106170368,0.0,0.0
2026-03-22 03:30:00+00:00,69448.1953125,69552.2734375,69348.7421875,69348.7421875,333864960,0.0,0.0
2026-03-22 03:45:00+00:00,69345.0390625,69345.0390625,69282.9765625,69332.0703125,182097920,0.0,0.0
2026-03-22 04:00:00+00:00,69336.1171875,69471.03125,69330.328125,69406.3671875,65169408,0.0,0.0
2026-03-22 04:15:00+00:00,69411.046875,69494.2578125,69231.203125,69231.203125,34084864,0.0,0.0
2026-03-22 04:30:00+00:00,69257.390625,69352.7265625,69207.5078125,69321.3125,173266944,0.0,0.0
2026-03-22 04:45:00+00:00,69336.2265625,69381.234375,69311.96875,69322.4296875,66674688,0.0,0.0
2026-03-22 05:00:00+00:00,69341.4453125,69341.4453125,69221.5703125,69250.234375,68653056,0.0,0.0
2026-03-22 05:15:00+00:00,69237.8203125,69242.59375,69177.40625,69212.4296875,0,0.0,0.0
2026-03-22 05:30:00+00:00,69173.6328125,69223.140625,69166.34375,69205.84375,0,0.0,0.0
2026-03-22 05:45:00+00:00,69202.359375,69240.1484375,69147.1796875,69147.1796875,0,0.0,0.0
2026-03-22 06:00:00+00:00,69146.0546875,69147.9609375,69062.5078125,69139.3984375,571039744,0.0,0.0
2026-03-22 06:15:00+00:00,69124.4921875,69191.671875,69099.59375,69191.671875,0,0.0,0.0
2026-03-22 06:30:00+00:00,69219.9765625,69219.9765625,69170.53125,69189.421875,0,0.0,0.0
2026-03-22 06:45:00+00:00,69196.5,69196.5,69149.875,69151.9140625,0,0.0,0.0
2026-03-22 07:00:00+00:00,69152.8359375,69216.1171875,69124.5390625,69163.84375,4978688,0.0,0.0
2026-03-22 07:15:00+00:00,69165.046875,69193.2734375,69147.1953125,69193.2734375,50507776,0.0,0.0
2026-03-22 07:30:00+00:00,69178.5625,69178.5625,68968.1015625,68968.1015625,112752640,0.0,0.0
2026-03-22 07:45:00+00:00,68943.4453125,69044.5859375,68923.3125,68923.3125,63502336,0.0,0.0
2026-03-22 08:00:00+00:00,68907.0234375,68940.0625,68731.390625,68929.296875,148201472,0.0,0.0
2026-03-22 08:15:00+00:00,68971.8046875,68971.8046875,68664.5234375,68664.5234375,137408512,0.0,0.0
2026-03-22 08:30:00+00:00,68645.2890625,68764.7421875,68628.953125,68750.3984375,290715648,0.0,0.0
2026-03-22 08:45:00+00:00,68738.5859375,68805.8203125,68704.9296875,68805.8203125,171603968,0.0,0.0
2026-03-22 09:00:00+00:00,68799.2734375,68857.0625,68771.078125,68857.0625,0,0.0,0.0
2026-03-22 09:15:00+00:00,68854.6875,68854.6875,68608.9453125,68661.59375,239015936,0.0,0.0
2026-03-22 09:30:00+00:00,68646.1640625,68797.546875,68646.1640625,68790.28125,63049728,0.0,0.0
2026-03-22 09:45:00+00:00,68779.921875,68825.0703125,68772.21875,68817.265625,127113216,0.0,0.0
2026-03-22 10:00:00+00:00,68820.3828125,68820.3828125,68689.9296875,68725.796875,39788544,0.0,0.0
2026-03-22 10:15:00+00:00,68740.6328125,68740.6328125,68670.765625,68722.921875,161286144,0.0,0.0
2026-03-22 10:30:00+00:00,68721.1328125,68754.4765625,68606.453125,68616.5703125,115761152,0.0,0.0
2026-03-22 10:45:00+00:00,68608.8828125,68666.59375,68606.4296875,68659.65625,75642880,0.0,0.0
2026-03-22 11:00:00+00:00,68647.453125,68671.8671875,68595.2734375,68667.0390625,90079232,0.0,0.0
2026-03-22 11:15:00+00:00,68654.25,68670.2578125,68410.1484375,68422.953125,79824896,0.0,0.0
2026-03-22 11:30:00+00:00,68420.5234375,68496.234375,68313.109375,68345.3125,289232896,0.0,0.0
2026-03-22 11:45:00+00:00,68413.8984375,68413.8984375,68216.140625,68216.140625,573169664,0.0,0.0
2026-03-22 12:00:00+00:00,68213.7421875,68313.515625,68213.7421875,68309.5234375,179365888,0.0,0.0
2026-03-22 12:15:00+00:00,68307.8046875,68733.0703125,68307.8046875,68733.0703125,285382656,0.0,0.0
2026-03-22 12:30:00+00:00,68655.8046875,68655.8046875,68595.125,68611.7265625,205428736,0.0,0.0
2026-03-22 12:45:00+00:00,68608.8359375,68656.21875,68584.1875,68656.21875,148226048,0.0,0.0
2026-03-22 13:00:00+00:00,68653.9453125,68918.75,68653.9453125,68790.34375,261783552,0.0,0.0
2026-03-22 13:15:00+00:00,68807.4921875,68841.7890625,68776.0234375,68807.484375,218077184,0.0,0.0
2026-03-22 13:30:00+00:00,68805.8359375,68835.390625,68564.640625,68583.5703125,111613952,0.0,0.0
2026-03-22 13:45:00+00:00,68628.1171875,68736.609375,68607.9609375,68732.0625,114571264,0.0,0.0
2026-03-22 14:00:00+00:00,68709.0859375,68771.3046875,68574.5625,68771.3046875,54272000,0.0,0.0
2026-03-22 14:15:00+00:00,68780.4921875,68868.8203125,68743.1953125,68828.8671875,0,0.0,0.0
2026-03-22 14:30:00+00:00,68830.953125,68897.8046875,68794.4296875,68856.0234375,165281792,0.0,0.0
2026-03-22 14:45:00+00:00,68857.6015625,68857.6015625,68663.0,68705.0546875,43831296,0.0,0.0
2026-03-22 15:00:00+00:00,68708.7421875,68890.625,68708.7421875,68890.625,117444608,0.0,0.0
2026-03-22 15:15:00+00:00,68915.5,68940.5703125,68825.5859375,68884.828125,130428928,0.0,0.0
2026-03-22 15:30:00+00:00,68898.2578125,68898.2578125,68724.84375,68750.5625,67432448,0.0,0.0
2026-03-22 15:45:00+00:00,68812.5625,68834.859375,68769.921875,68828.15625,28821504,0.0,0.0
2026-03-22 16:00:00+00:00,68843.4296875,68860.4921875,68783.9609375,68801.3984375,137668608,0.0,0.0
2026-03-22 16:15:00+00:00,68796.859375,68811.65625,68719.4609375,68721.3671875,14206976,0.0,0.0
2026-03-22 16:30:00+00:00,68717.2421875,68779.46875,68698.125,68738.03125,0,0.0,0.0
2026-03-22 16:45:00+00:00,68739.90625,68841.8203125,68739.4453125,68829.7109375,0,0.0,0.0
2026-03-22 17:00:00+00:00,68816.875,68837.203125,68768.4375,68837.203125,108544,0.0,0.0
2026-03-22 17:15:00+00:00,68835.1171875,68852.375,68778.453125,68824.0859375,1157120,0.0,0.0
2026-03-22 17:30:00+00:00,68806.921875,68818.359375,68684.703125,68708.671875,24510464,0.0,0.0
2026-03-22 17:45:00+00:00,68693.65625,68728.3671875,68693.65625,68722.84375,34222080,0.0,0.0
2026-03-22 18:00:00+00:00,68688.203125,68717.1640625,68619.0859375,68716.7578125,61077504,0.0,0.0
2026-03-22 18:15:00+00:00,68722.59375,68734.703125,68680.4140625,68695.0,43399168,0.0,0.0
2026-03-22 18:30:00+00:00,68699.390625,68727.7890625,68438.71875,68507.0703125,217344000,0.0,0.0
2026-03-22 18:45:00+00:00,68488.2421875,68575.21875,68467.9140625,68572.1953125,93218816,0.0,0.0
2026-03-22 19:00:00+00:00,68610.453125,68610.453125,68407.578125,68407.578125,0,0.0,0.0
2026-03-22 19:15:00+00:00,68324.1015625,68395.2421875,68324.1015625,68368.6484375,258549760,0.0,0.0
2026-03-22 19:30:00+00:00,68315.6328125,68411.0,68230.59375,68388.0078125,115941376,0.0,0.0
2026-03-22 19:45:00+00:00,68397.5703125,68401.640625,68156.375,68184.2890625,841197568,0.0,0.0
2026-03-22 20:00:00+00:00,68194.046875,68326.28125,68194.046875,68303.984375,57874432,0.0,0.0
2026-03-22 20:15:00+00:00,68346.734375,68489.1875,68304.09375,68307.7421875,24127488,0.0,0.0
2026-03-22 20:30:00+00:00,68307.2265625,68358.9609375,68223.1875,68358.9609375,195821568,0.0,0.0
2026-03-22 20:45:00+00:00,68364.359375,68364.359375,68123.078125,68189.2109375,62271488,0.0,0.0
2026-03-22 21:00:00+00:00,68185.515625,68192.7578125,67674.75,67733.6484375,526743552,0.0,0.0
2026-03-22 21:15:00+00:00,67722.265625,67808.4375,67408.296875,67808.4375,615620608,0.0,0.0
2026-03-22 21:30:00+00:00,67800.953125,67930.0703125,67713.9609375,67873.625,402819072,0.0,0.0
2026-03-22 21:45:00+00:00,67868.5234375,67872.0234375,67791.125,67833.8359375,147716096,0.0,0.0
2026-03-22 22:00:00+00:00,67877.453125,68090.0703125,67619.6875,67943.6640625,161679360,0.0,0.0
2026-03-22 22:15:00+00:00,67921.6875,68324.0390625,67877.546875,68324.0390625,515373056,0.0,0.0
2026-03-22 22:30:00+00:00,68252.8828125,68308.3359375,68105.6015625,68105.6015625,345325568,0.0,0.0
2026-03-22 22:45:00+00:00,68125.1640625,68364.6640625,68125.1640625,68296.4609375,124125184,0.0,0.0
2026-03-22 23:00:00+00:00,68316.71875,68411.7734375,68220.21875,68403.1328125,30842880,0.0,0.0
2026-03-22 23:15:00+00:00,68346.9140625,68346.9140625,68114.7734375,68114.7734375,216832000,0.0,0.0
2026-03-22 23:30:00+00:00,68102.4453125,68134.671875,68001.828125,68134.671875,161882112,0.0,0.0
2026-03-22 23:45:00+00:00,68107.78125,68107.78125,67843.0,67843.0,0,0.0,0.0
2026-03-23 00:00:00+00:00,67854.984375,68107.921875,67786.25,68081.0703125,0,0.0,0.0
2026-03-23 00:15:00+00:00,67967.3671875,68130.328125,67863.921875,67992.0234375,0,0.0,0.0
2026-03-23 00:30:00+00:00,67983.6328125,67983.6328125,67466.7109375,67654.3828125,24246272,0.0,0.0
2026-03-23 00:45:00+00:00,67685.359375,67861.3671875,67652.9765625,67718.25,159340544,0.0,0.0
2026-03-23 01:00:00+00:00,67678.8125,67916.5234375,67583.265625,67866.203125,183851008,0.0,0.0
2026-03-23 01:15:00+00:00,67844.7890625,68107.21875,67844.7890625,68092.7265625,395804672,0.0,0.0
2026-03-23 01:30:00+00:00,68091.8046875,68129.265625,68012.578125,68012.578125,73756672,0.0,0.0
2026-03-23 01:45:00+00:00,68010.734375,68090.390625,67913.9375,67924.46875,119734272,0.0,0.0
2026-03-23 02:00:00+00:00,67902.3046875,68028.984375,67901.421875,67930.0546875,77660160,0.0,0.0
2026-03-23 02:15:00+00:00,67845.4140625,68214.8125,67820.4609375,68181.5390625,21706752,0.0,0.0
2026-03-23 02:30:00+00:00,68258.5859375,68319.953125,68200.0078125,68298.6875,111458304,0.0,0.0
2026-03-23 02:45:00+00:00,68240.71875,68289.7109375,68181.0546875,68289.7109375,142661632,0.0,0.0
2026-03-23 03:00:00+00:00,68371.6953125,68565.7421875,68259.4453125,68259.4453125,110497792,0.0,0.0
2026-03-23 03:15:00+00:00,68241.6640625,68254.078125,68181.4375,68181.4375,24006656,0.0,0.0
2026-03-23 03:30:00+00:00,68189.390625,68205.265625,68127.125,68156.0703125,136816640,0.0,0.0
2026-03-23 03:45:00+00:00,68193.21875,68211.03125,68062.515625,68068.9921875,53913600,0.0,0.0
2026-03-23 04:00:00+00:00,68072.1796875,68186.0078125,68069.9375,68154.453125,59850752,0.0,0.0
2026-03-23 04:15:00+00:00,68151.9453125,68193.7421875,68138.65625,68170.796875,2164736,0.0,0.0
2026-03-23 04:30:00+00:00,68206.1171875,68342.9765625,68206.1171875,68274.03125,57546752,0.0,0.0
2026-03-23 04:45:00+00:00,68260.4921875,68513.8515625,68260.4921875,68513.8515625,5064704,0.0,0.0
2026-03-23 05:00:00+00:00,68518.7734375,68744.84375,68518.7734375,68730.375,363085824,0.0,0.0
2026-03-23 05:15:00+00:00,68746.9765625,68828.2734375,68668.28125,68693.1640625,223051776,0.0,0.0
2026-03-23 05:30:00+00:00,68675.9921875,68808.390625,68594.578125,68623.484375,470048768,0.0,0.0
2026-03-23 05:45:00+00:00,68634.7109375,68850.125,68613.5390625,68845.609375,295542784,0.0,0.0
2026-03-23 06:00:00+00:00,68877.9765625,68877.9765625,68577.9453125,68577.9453125,137332736,0.0,0.0
2026-03-23 06:15:00+00:00,68650.0546875,68650.0546875,68531.9921875,68601.078125,99094528,0.0,0.0
2026-03-23 06:30:00+00:00,68554.8359375,68554.8359375,67741.265625,67741.265625,509140992,0.0,0.0
2026-03-23 06:45:00+00:00,67811.5546875,67904.8984375,67792.2578125,67806.609375,673146880,0.0,0.0
2026-03-23 07:00:00+00:00,67852.125,67914.2421875,67543.046875,67905.6171875,484534272,0.0,0.0
2026-03-23 07:15:00+00:00,67925.640625,67976.359375,67701.265625,67764.3984375,325128192,0.0,0.0
2026-03-23 07:30:00+00:00,67803.6796875,68272.4765625,67803.6796875,68272.4765625,337260544,0.0,0.0
2026-03-23 07:45:00+00:00,68371.3125,68414.875,68311.0390625,68311.0390625,677318656,0.0,0.0
2026-03-23 08:00:00+00:00,68303.515625,68622.6953125,68303.515625,68622.6953125,176576512,0.0,0.0
2026-03-23 08:15:00+00:00,68641.5234375,68641.5234375,68461.640625,68484.765625,430520320,0.0,0.0
2026-03-23 08:30:00+00:00,68451.4921875,68619.6875,68419.828125,68552.1953125,169013248,0.0,0.0
2026-03-23 08:45:00+00:00,68527.8359375,68539.9765625,68353.984375,68446.6875,940064768,0.0,0.0
2026-03-23 09:00:00+00:00,68417.78125,68417.78125,68216.359375,68244.9609375,158246912,0.0,0.0
2026-03-23 09:15:00+00:00,68262.2109375,68325.75,68146.0625,68212.8125,97114112,0.0,0.0
2026-03-23 09:30:00+00:00,68232.3515625,68232.3515625,67922.8515625,68117.1484375,371505152,0.0,0.0
2026-03-23 09:45:00+00:00,68119.2265625,68280.46875,68119.2265625,68247.9609375,364423168,0.0,0.0
2026-03-23 10:00:00+00:00,68321.6484375,68670.203125,68303.2109375,68648.734375,23617536,0.0,0.0
2026-03-23 10:15:00+00:00,68595.5703125,68606.796875,68410.546875,68438.03125,349059072,0.0,0.0
2026-03-23 10:30:00+00:00,68451.7578125,68452.8671875,68291.34375,68377.1484375,72937472,0.0,0.0
2026-03-23 10:45:00+00:00,68396.546875,68549.3203125,68381.65625,68549.3203125,155721728,0.0,0.0
2026-03-23 11:00:00+00:00,68534.1796875,71401.8515625,68534.1796875,71401.8515625,3167076352,0.0,0.0
2026-03-23 11:15:00+00:00,70942.1484375,70942.1484375,70508.9765625,70717.0703125,2983260160,0.0,0.0
2026-03-23 11:30:00+00:00,70688.984375,71144.4296875,70434.28125,70726.0390625,1028861952,0.0,0.0
2026-03-23 11:45:00+00:00,70655.9375,70655.9375,70063.984375,70063.984375,1116884992,0.0,0.0
2026-03-23 12:00:00+00:00,70082.0390625,70101.0625,69731.46875,70059.484375,1106624512,0.0,0.0
2026-03-23 12:15:00+00:00,70010.1328125,70464.953125,70010.1328125,70317.421875,548958208,0.0,0.0
2026-03-23 12:30:00+00:00,70331.0703125,70713.8671875,70173.65625,70705.8828125,528728064,0.0,0.0
2026-03-23 12:45:00+00:00,70721.140625,70828.5546875,70583.1953125,70630.6796875,626446336,0.0,0.0
2026-03-23 13:00:00+00:00,70719.125,70864.6640625,70629.4921875,70712.2734375,294502400,0.0,0.0
2026-03-23 13:15:00+00:00,70720.5390625,70878.953125,70720.5390625,70843.1796875,160468992,0.0,0.0
2026-03-23 13:30:00+00:00,70798.6328125,71324.6875,70698.9609375,71324.6875,522727424,0.0,0.0
2026-03-23 13:45:00+00:00,71228.375,71525.5546875,71018.5,71410.3125,1228972032,0.0,0.0
2026-03-23 14:00:00+00:00,71453.0390625,71696.078125,71445.3984375,71586.109375,931627008,0.0,0.0
2026-03-23 14:15:00+00:00,71541.9609375,71683.4375,71345.5546875,71345.5546875,388554752,0.0,0.0
2026-03-23 14:30:00+00:00,71375.28125,71489.46875,71239.7734375,71422.203125,720384000,0.0,0.0
2026-03-23 14:45:00+00:00,71382.890625,71382.890625,71190.4140625,71365.3203125,192188416,0.0,0.0
2026-03-23 15:00:00+00:00,71457.4375,71623.90625,71389.0703125,71389.0703125,170496000,0.0,0.0
2026-03-23 15:15:00+00:00,71361.71875,71361.71875,70920.8359375,70920.8359375,532697088,0.0,0.0
2026-03-23 15:30:00+00:00,70902.453125,70926.9453125,70582.6015625,70582.6015625,465059840,0.0,0.0
2026-03-23 15:45:00+00:00,70631.7421875,70824.6015625,70131.59375,70131.59375,973615104,0.0,0.0
2026-03-23 16:00:00+00:00,70107.0390625,70498.375,70107.0390625,70458.34375,776126464,0.0,0.0
2026-03-23 16:15:00+00:00,70508.5703125,70508.5703125,70259.2265625,70350.9375,545062912,0.0,0.0
2026-03-23 16:30:00+00:00,70216.9296875,70487.078125,70203.0703125,70415.2578125,212471808,0.0,0.0
2026-03-23 16:45:00+00:00,70513.53125,70680.6640625,70513.53125,70545.265625,1496141824,0.0,0.0
2026-03-23 17:00:00+00:00,70561.5625,70712.765625,70506.90625,70704.21875,763637760,0.0,0.0
2026-03-23 17:15:00+00:00,70648.453125,70648.453125,70419.9296875,70576.171875,72888320,0.0,0.0
2026-03-23 17:30:00+00:00,70548.828125,71032.3515625,70548.828125,70898.5859375,458399744,0.0,0.0
2026-03-23 17:45:00+00:00,70884.671875,71098.25,70878.484375,71083.4921875,322093056,0.0,0.0
2026-03-23 18:00:00+00:00,71067.3984375,71139.953125,70958.6015625,71028.5625,193630208,0.0,0.0
2026-03-23 18:15:00+00:00,70980.4453125,71019.9453125,70900.5234375,70900.5234375,281313280,0.0,0.0
2026-03-23 18:30:00+00:00,70942.265625,71106.7265625,70942.265625,71060.78125,39714816,0.0,0.0
2026-03-23 18:45:00+00:00,71042.4296875,71154.96875,70970.96875,71056.4375,169566208,0.0,0.0
2026-03-23 19:00:00+00:00,71075.15625,71170.8671875,70908.3671875,70912.203125,0,0.0,0.0
2026-03-23 19:15:00+00:00,70926.8671875,71055.7265625,70834.21875,71041.9375,859639808,0.0,0.0
2026-03-23 19:30:00+00:00,71023.546875,71029.1171875,70848.0625,70851.828125,0,0.0,0.0
2026-03-23 19:45:00+00:00,70885.796875,70923.8671875,70651.0703125,70651.0703125,0,0.0,0.0
2026-03-23 20:00:00+00:00,70679.421875,70741.6171875,70596.109375,70741.6171875,952532992,0.0,0.0
2026-03-23 20:15:00+00:00,70774.421875,70806.328125,70741.1796875,70777.625,909312,0.0,0.0
2026-03-23 20:30:00+00:00,70791.7421875,70952.390625,70791.7421875,70898.5703125,306114560,0.0,0.0
2026-03-23 20:45:00+00:00,70928.0546875,70928.0546875,70877.6796875,70907.671875,58531840,0.0,0.0
2026-03-23 21:00:00+00:00,70893.953125,70942.84375,70845.171875,70845.171875,0,0.0,0.0
2026-03-23 21:15:00+00:00,70818.7265625,70906.015625,70818.7265625,70886.5625,0,0.0,0.0
2026-03-23 21:30:00+00:00,70881.3515625,70972.8046875,70880.9921875,70962.8359375,147869696,0.0,0.0
2026-03-23 21:45:00+00:00,70933.46875,70962.703125,70889.0078125,70889.0078125,116883456,0.0,0.0
2026-03-23 22:00:00+00:00,70827.125,70827.125,70606.421875,70722.15625,0,0.0,0.0
2026-03-23 22:15:00+00:00,70719.0703125,70719.0703125,70613.109375,70651.1171875,66560000,0.0,0.0
2026-03-23 22:30:00+00:00,70644.5859375,70664.1484375,70535.609375,70639.78125,0,0.0,0.0
2026-03-23 22:45:00+00:00,70689.171875,70760.8046875,70671.5703125,70759.2578125,63246336,0.0,0.0
2026-03-23 23:00:00+00:00,70783.0,70783.0,70539.296875,70543.6015625,0,0.0,0.0
2026-03-23 23:15:00+00:00,70540.5,70686.3828125,70406.1171875,70657.9375,14974976,0.0,0.0
2026-03-23 23:30:00+00:00,70684.2578125,70758.359375,70618.0078125,70753.1875,198402048,0.0,0.0
2026-03-23 23:45:00+00:00,70749.3046875,70919.921875,70736.4609375,70912.671875,184999936,0.0,0.0
2026-03-24 00:00:00+00:00,70898.6640625,71045.5234375,70794.84375,70794.84375,0,0.0,0.0
2026-03-24 00:15:00+00:00,70782.15625,70787.234375,70652.84375,70700.3984375,154456064,0.0,0.0
2026-03-24 00:30:00+00:00,70705.796875,70705.796875,70510.125,70641.0,53145600,0.0,0.0
2026-03-24 00:45:00+00:00,70594.3828125,70789.8359375,70594.3828125,70694.296875,252436480,0.0,0.0
2026-03-24 01:00:00+00:00,70648.890625,70690.75,70518.3359375,70537.5234375,86675456,0.0,0.0
2026-03-24 01:15:00+00:00,70548.1953125,70832.515625,70506.375,70832.515625,51449856,0.0,0.0
2026-03-24 01:30:00+00:00,70823.09375,70823.09375,70406.734375,70415.2578125,129597440,0.0,0.0
2026-03-24 01:45:00+00:00,70360.375,70552.3359375,70360.375,70505.296875,354897920,0.0,0.0
2026-03-24 02:00:00+00:00,70499.40625,70656.46875,70455.40625,70495.2578125,18202624,0.0,0.0
2026-03-24 02:15:00+00:00,70465.1875,70604.1015625,70427.140625,70498.2265625,153833472,0.0,0.0
2026-03-24 02:30:00+00:00,70513.78125,70616.21875,70424.046875,70514.8359375,0,0.0,0.0
2026-03-24 02:45:00+00:00,70529.609375,70572.6015625,70428.2109375,70444.484375,23678976,0.0,0.0
2026-03-24 03:00:00+00:00,70440.03125,70497.0703125,70397.609375,70467.0703125,147410944,0.0,0.0
2026-03-24 03:15:00+00:00,70499.2265625,70554.234375,70499.2265625,70554.234375,98344960,0.0,0.0
2026-03-24 03:30:00+00:00,70534.375,70534.375,70427.3359375,70470.5234375,128712704,0.0,0.0
2026-03-24 03:45:00+00:00,70472.1171875,70536.328125,70455.9921875,70523.75,21671936,0.0,0.0
2026-03-24 04:00:00+00:00,70523.875,70671.8046875,70522.234375,70634.6484375,195506176,0.0,0.0
2026-03-24 04:15:00+00:00,70636.5234375,70636.5234375,70546.109375,70546.109375,412078080,0.0,0.0
2026-03-24 04:30:00+00:00,70494.375,70494.375,70312.125,70327.46875,258850816,0.0,0.0
2026-03-24 04:45:00+00:00,70329.3359375,70414.8671875,70270.3984375,70376.3203125,59461632,0.0,0.0
2026-03-24 05:00:00+00:00,70362.28125,70362.28125,70157.5703125,70203.2265625,78495744,0.0,0.0
2026-03-24 05:15:00+00:00,70181.8984375,70286.9921875,70129.859375,70160.7109375,904736768,0.0,0.0
2026-03-24 05:30:00+00:00,70161.2578125,70345.203125,70151.4296875,70327.0390625,75538432,0.0,0.0
2026-03-24 05:45:00+00:00,70312.7421875,70340.28125,70247.0078125,70260.484375,1156530176,0.0,0.0
2026-03-24 06:00:00+00:00,70263.3984375,70369.21875,70254.359375,70310.1328125,18550784,0.0,0.0
2026-03-24 06:15:00+00:00,70333.9609375,70431.25,70326.1796875,70326.1796875,153407488,0.0,0.0
2026-03-24 06:30:00+00:00,70352.5859375,70483.1875,70352.5859375,70482.3671875,751583232,0.0,0.0
2026-03-24 06:45:00+00:00,70452.1171875,70522.984375,70424.8125,70518.46875,55025664,0.0,0.0
2026-03-24 07:00:00+00:00,70518.859375,70868.8125,70489.46875,70821.0078125,522940416,0.0,0.0
2026-03-24 07:15:00+00:00,70821.4296875,70994.71875,70799.671875,70917.3359375,485818368,0.0,0.0
2026-03-24 07:30:00+00:00,70897.890625,70906.328125,70827.578125,70875.765625,239902720,0.0,0.0
2026-03-24 07:45:00+00:00,70897.5546875,71331.5,70832.9453125,71331.5,18915328,0.0,0.0
2026-03-24 08:00:00+00:00,71277.5234375,71277.5234375,71084.328125,71132.6328125,52011008,0.0,0.0
2026-03-24 08:15:00+00:00,71114.390625,71114.390625,70868.671875,70876.3828125,41095168,0.0,0.0
2026-03-24 08:30:00+00:00,70890.90625,71053.4375,70863.7890625,71014.7890625,197873664,0.0,0.0
2026-03-24 08:45:00+00:00,71051.984375,71070.1484375,70887.3046875,70915.6640625,255602688,0.0,0.0
2026-03-24 09:00:00+00:00,70954.3125,71005.4453125,70868.6640625,70930.453125,0,0.0,0.0
2026-03-24 09:15:00+00:00,70860.8984375,71010.0,70860.8984375,71010.0,225087488,0.0,0.0
2026-03-24 09:30:00+00:00,70998.75,71206.296875,70998.109375,71206.296875,24350720,0.0,0.0
2026-03-24 09:45:00+00:00,71221.140625,71318.828125,71168.484375,71307.640625,316567552,0.0,0.0
2026-03-24 10:00:00+00:00,71302.625,71307.2578125,71232.1640625,71240.765625,745472,0.0,0.0
2026-03-24 10:15:00+00:00,71246.0,71246.0,71141.2734375,71141.2734375,390914048,0.0,0.0
2026-03-24 10:30:00+00:00,71141.2734375,71246.0078125,71110.4140625,71233.453125,214790144,0.0,0.0
2026-03-24 10:45:00+00:00,71233.4375,71262.15625,71147.9765625,71262.15625,56336384,0.0,0.0
2026-03-24 11:00:00+00:00,71264.0703125,71264.0703125,71002.640625,71075.9609375,39010304,0.0,0.0
2026-03-24 11:15:00+00:00,71101.984375,71101.984375,70994.4375,71053.984375,0,0.0,0.0
2026-03-24 11:30:00+00:00,71055.4921875,71278.296875,71050.1953125,71277.15625,0,0.0,0.0
2026-03-24 11:45:00+00:00,71238.9765625,71291.578125,71038.4375,71123.2421875,0,0.0,0.0
2026-03-24 12:00:00+00:00,71143.7421875,71143.7421875,70974.484375,71088.0625,0,0.0,0.0
2026-03-24 12:15:00+00:00,71072.4140625,71089.765625,71013.03125,71073.9453125,0,0.0,0.0
2026-03-24 12:30:00+00:00,71066.5859375,71066.5859375,70869.4453125,70958.8984375,0,0.0,0.0
2026-03-24 12:45:00+00:00,70899.75,70998.8203125,70879.78125,70936.03125,0,0.0,0.0
2026-03-24 13:00:00+00:00,70940.84375,71020.2265625,70693.625,70855.265625,61321216,0.0,0.0
2026-03-24 13:15:00+00:00,70813.5625,70813.5625,70567.8125,70588.25,588873728,0.0,0.0
2026-03-24 13:30:00+00:00,70589.84375,70745.984375,70284.4609375,70307.09375,68485120,0.0,0.0
2026-03-24 13:45:00+00:00,70309.640625,70393.6484375,70017.3828125,70017.3828125,159510528,0.0,0.0
2026-03-24 14:00:00+00:00,70070.2578125,70423.1796875,69766.0390625,69766.0390625,0,0.0,0.0
2026-03-24 14:15:00+00:00,69850.0859375,70053.7578125,69850.0859375,70053.7578125,83136512,0.0,0.0
2026-03-24 14:30:00+00:00,69981.6953125,70085.6171875,69771.2109375,69771.2109375,323559424,0.0,0.0
2026-03-24 14:45:00+00:00,69817.28125,69989.2265625,69515.4765625,69906.9375,556441600,0.0,0.0
2026-03-24 15:00:00+00:00,69833.625,70006.0390625,69833.625,69919.1953125,253571072,0.0,0.0
2026-03-24 15:15:00+00:00,69920.546875,70193.4921875,69914.6875,70165.7734375,16715776,0.0,0.0
2026-03-24 15:30:00+00:00,70039.25,70106.8203125,69795.5703125,70053.5,149204992,0.0,0.0
2026-03-24 15:45:00+00:00,70029.71875,70147.4765625,69875.765625,69875.765625,0,0.0,0.0
2026-03-24 16:00:00+00:00,69869.234375,69911.625,69804.7109375,69911.625,0,0.0,0.0
2026-03-24 16:15:00+00:00,69893.5,69945.90625,69702.2734375,69787.5234375,43327488,0.0,0.0
2026-03-24 16:30:00+00:00,69781.7109375,69781.7109375,69383.1484375,69527.546875,1712128,0.0,0.0
2026-03-24 16:45:00+00:00,69518.3671875,69576.203125,69433.8515625,69452.984375,173195264,0.0,0.0
2026-03-24 17:00:00+00:00,69441.28125,69479.46875,69144.625,69186.1328125,174743552,0.0,0.0
2026-03-24 17:15:00+00:00,69210.0,69259.8984375,69091.6953125,69142.515625,205099008,0.0,0.0
2026-03-24 17:30:00+00:00,69145.0859375,69248.09375,69091.2265625,69126.1796875,563204096,0.0,0.0
2026-03-24 17:45:00+00:00,68934.4375,69221.265625,68934.4375,69221.265625,271056896,0.0,0.0
2026-03-24 18:00:00+00:00,69284.5390625,69299.0625,69166.9140625,69289.21875,103612416,0.0,0.0
2026-03-24 18:15:00+00:00,69335.8359375,69448.3046875,69281.4375,69359.8515625,427671552,0.0,0.0
2026-03-24 18:30:00+00:00,69373.7421875,69702.84375,69373.7421875,69493.015625,68849664,0.0,0.0
2026-03-24 18:45:00+00:00,69500.9765625,69536.296875,69419.03125,69419.03125,106749952,0.0,0.0
2026-03-24 19:00:00+00:00,69410.4375,69601.1640625,69410.4375,69594.953125,0,0.0,0.0
2026-03-24 19:15:00+00:00,69599.4296875,69648.640625,69546.2109375,69546.2109375,32452608,0.0,0.0
2026-03-24 19:30:00+00:00,69508.5546875,69508.5546875,69365.7421875,69440.609375,129089536,0.0,0.0
2026-03-24 19:45:00+00:00,69429.9140625,69429.9140625,69276.390625,69297.703125,116551680,0.0,0.0
2026-03-24 20:00:00+00:00,69318.796875,69357.359375,69277.375,69342.265625,73314304,0.0,0.0
2026-03-24 20:15:00+00:00,69366.546875,70220.421875,69366.546875,69945.828125,340557824,0.0,0.0
2026-03-24 20:30:00+00:00,69964.2109375,70152.359375,69964.2109375,70022.5546875,666767360,0.0,0.0
2026-03-24 20:45:00+00:00,70035.1796875,70170.2421875,69898.046875,70043.5078125,255942656,0.0,0.0
2026-03-24 21:00:00+00:00,70051.0234375,70154.46875,69934.859375,69934.859375,140087296,0.0,0.0
2026-03-24 21:15:00+00:00,69944.2265625,70032.125,69920.40625,70002.5703125,141094912,0.0,0.0
2026-03-24 21:30:00+00:00,70034.3046875,70308.9609375,70028.734375,70308.9609375,92909568,0.0,0.0
2026-03-24 21:45:00+00:00,70250.4609375,70314.296875,70194.65625,70280.640625,366604288,0.0,0.0
2026-03-24 22:00:00+00:00,70293.453125,70513.671875,70212.2734375,70513.671875,51613696,0.0,0.0
2026-03-24 22:15:00+00:00,70513.0859375,70513.0859375,70342.7734375,70355.2734375,430329856,0.0,0.0
2026-03-24 22:30:00+00:00,70186.4375,70273.5,70159.40625,70273.5,146604032,0.0,0.0
2026-03-24 22:45:00+00:00,70277.4375,70343.359375,70251.09375,70343.359375,394534912,0.0,0.0
2026-03-24 23:00:00+00:00,70298.3828125,70519.640625,70265.484375,70519.640625,159346688,0.0,0.0
2026-03-24 23:15:00+00:00,70517.1328125,70720.7890625,70490.515625,70720.7890625,281681920,0.0,0.0
2026-03-24 23:30:00+00:00,70708.703125,70783.234375,70671.59375,70671.59375,516780032,0.0,0.0
2026-03-24 23:45:00+00:00,70655.390625,70655.390625,70520.046875,70520.046875,101679104,0.0,0.0
2026-03-25 00:00:00+00:00,70525.5625,70705.8359375,70513.28125,70650.890625,112828416,0.0,0.0
2026-03-25 00:15:00+00:00,70706.4609375,70706.4609375,70559.1875,70650.125,28119040,0.0,0.0
2026-03-25 00:30:00+00:00,70638.25,70995.4453125,70510.4296875,70919.9921875,118808576,0.0,0.0
2026-03-25 00:45:00+00:00,70899.4140625,70941.3046875,70789.7265625,70869.515625,320184320,0.0,0.0
2026-03-25 01:00:00+00:00,70827.4140625,70925.3828125,70701.015625,70851.8203125,69844992,0.0,0.0
2026-03-25 01:15:00+00:00,70800.4375,70800.4375,70689.828125,70727.0078125,498589696,0.0,0.0
2026-03-25 01:30:00+00:00,70734.921875,70769.390625,70631.0390625,70755.015625,94085120,0.0,0.0
2026-03-25 01:45:00+00:00,70731.140625,70781.8046875,70702.359375,70702.359375,83824640,0.0,0.0
2026-03-25 02:00:00+00:00,70685.796875,70685.796875,70546.109375,70546.109375,76816384,0.0,0.0
2026-03-25 02:15:00+00:00,70556.9296875,70617.03125,70530.9140625,70617.03125,210370560,0.0,0.0
2026-03-25 02:30:00+00:00,70591.7890625,70721.453125,70533.0703125,70699.0078125,141656064,0.0,0.0
2026-03-25 02:45:00+00:00,70694.6484375,70713.484375,70483.390625,70483.5703125,97632256,0.0,0.0
2026-03-25 03:00:00+00:00,70490.4296875,70524.296875,70418.75,70445.359375,89735168,0.0,0.0
2026-03-25 03:15:00+00:00,70480.9765625,70480.9765625,70405.984375,70451.25,233713664,0.0,0.0
2026-03-25 03:30:00+00:00,70509.3671875,70749.5859375,70509.3671875,70717.5390625,229765120,0.0,0.0
2026-03-25 03:45:00+00:00,70709.3828125,70757.6796875,70708.6875,70729.296875,114409472,0.0,0.0
2026-03-25 04:00:00+00:00,70709.2578125,70859.4140625,70696.578125,70832.75,2822144,0.0,0.0
2026-03-25 04:15:00+00:00,70836.6796875,70895.9765625,70773.7421875,70895.9765625,329490432,0.0,0.0
2026-03-25 04:30:00+00:00,70855.578125,70855.578125,70717.046875,70757.3671875,55902208,0.0,0.0
2026-03-25 04:45:00+00:00,70763.4375,70924.8125,70718.640625,70924.8125,0,0.0,0.0
2026-03-25 05:00:00+00:00,70932.953125,71295.6171875,70932.828125,71227.71875,0,0.0,0.0
2026-03-25 05:15:00+00:00,71210.4140625,71212.671875,71076.125,71178.0546875,822956032,0.0,0.0
2026-03-25 05:30:00+00:00,71169.96875,71204.9765625,71113.4140625,71204.9765625,189333504,0.0,0.0
2026-03-25 05:45:00+00:00,71195.5703125,71202.0,71062.90625,71089.2734375,86523904,0.0,0.0
2026-03-25 06:00:00+00:00,71092.890625,71111.75,71000.7421875,71025.296875,4337664,0.0,0.0
2026-03-25 06:15:00+00:00,71040.0078125,71227.1484375,71040.0078125,71195.890625,71909376,0.0,0.0
2026-03-25 06:30:00+00:00,71208.8125,71214.078125,71153.5234375,71196.65625,359235584,0.0,0.0
2026-03-25 06:45:00+00:00,71178.71875,71200.0546875,71014.7578125,71014.7578125,168361984,0.0,0.0
2026-03-25 07:00:00+00:00,70982.921875,71111.7578125,70975.765625,71111.7578125,0,0.0,0.0
2026-03-25 07:15:00+00:00,71120.5703125,71130.0625,71040.5078125,71045.3984375,430080,0.0,0.0
2026-03-25 07:30:00+00:00,71048.8203125,71235.7109375,71048.8203125,71202.6953125,0,0.0,0.0
2026-03-25 07:45:00+00:00,71085.8515625,71085.8515625,70886.9609375,70908.28125,0,0.0,0.0
2026-03-25 08:00:00+00:00,70903.484375,70964.5078125,70795.3515625,70795.3515625,0,0.0,0.0
2026-03-25 08:15:00+00:00,70790.1015625,71214.6875,70790.1015625,71214.6875,196718592,0.0,0.0
2026-03-25 08:30:00+00:00,71188.40625,71468.2265625,71188.40625,71439.8125,440598528,0.0,0.0
2026-03-25 08:45:00+00:00,71445.046875,71445.046875,71210.703125,71229.4296875,64135168,0.0,0.0
2026-03-25 09:00:00+00:00,71226.1640625,71334.46875,71222.265625,71311.4765625,0,0.0,0.0
2026-03-25 09:15:00+00:00,71311.328125,71350.203125,71210.921875,71268.984375,1092767744,0.0,0.0
2026-03-25 09:30:00+00:00,71252.828125,71302.359375,71238.5390625,71253.734375,57352192,0.0,0.0
2026-03-25 09:45:00+00:00,71246.8515625,71327.7734375,71112.1015625,71327.7734375,154406912,0.0,0.0
2026-03-25 10:00:00+00:00,71365.6796875,71416.2578125,71299.5703125,71416.2578125,98828288,0.0,0.0
2026-03-25 10:15:00+00:00,71403.625,71437.2265625,71378.8671875,71394.8984375,103858176,0.0,0.0
2026-03-25 10:30:00+00:00,71395.9375,71395.9375,71324.6328125,71353.34375,17981440,0.0,0.0
2026-03-25 10:45:00+00:00,71411.9921875,71554.5703125,71411.9921875,71490.6015625,321019904,0.0,0.0
2026-03-25 11:00:00+00:00,71486.8984375,71554.609375,71467.0078125,71554.609375,0,0.0,0.0
2026-03-25 11:15:00+00:00,71577.296875,71783.59375,71577.296875,71776.390625,89530368,0.0,0.0
2026-03-25 11:30:00+00:00,71879.3203125,71946.390625,71798.3203125,71804.515625,774254592,0.0,0.0
2026-03-25 11:45:00+00:00,71794.4609375,71794.4609375,71539.6875,71661.7578125,323420160,0.0,0.0
2026-03-25 12:00:00+00:00,71705.8359375,71817.859375,71705.8359375,71754.9453125,673288192,0.0,0.0
2026-03-25 12:15:00+00:00,71699.984375,71699.984375,71218.5078125,71253.5546875,416067584,0.0,0.0
2026-03-25 12:30:00+00:00,71318.6875,71456.234375,71198.8984375,71417.3828125,939016192,0.0,0.0
2026-03-25 12:45:00+00:00,71372.6015625,71724.828125,71287.265625,71682.5703125,9797632,0.0,0.0
2026-03-25 13:00:00+00:00,71701.3828125,71829.3984375,71651.328125,71685.890625,734908416,0.0,0.0
2026-03-25 13:15:00+00:00,71686.671875,71686.671875,71585.140625,71597.1640625,120467456,0.0,0.0
2026-03-25 13:30:00+00:00,71600.328125,71907.1953125,71600.328125,71738.6953125,72609792,0.0,0.0
2026-03-25 13:45:00+00:00,71715.8515625,71751.7890625,71555.296875,71645.2109375,0,0.0,0.0
2026-03-25 14:00:00+00:00,71564.5859375,71626.0703125,71329.3671875,71329.3671875,228564992,0.0,0.0
2026-03-25 14:15:00+00:00,71356.765625,71509.84375,71258.9609375,71339.21875,15712256,0.0,0.0
2026-03-25 14:30:00+00:00,71342.484375,71497.7890625,71325.421875,71358.5390625,31367168,0.0,0.0
2026-03-25 14:45:00+00:00,71335.59375,71406.109375,71296.828125,71296.828125,0,0.0,0.0
2026-03-25 15:00:00+00:00,71223.5,71256.4375,70861.8515625,70861.8515625,87425024,0.0,0.0
2026-03-25 15:15:00+00:00,70789.796875,70966.6953125,70584.640625,70933.484375,258420736,0.0,0.0
2026-03-25 15:30:00+00:00,70995.9296875,71041.3203125,70799.3984375,70799.3984375,47116288,0.0,0.0
2026-03-25 15:45:00+00:00,70865.4296875,70911.3203125,70795.7578125,70834.3203125,643629056,0.0,0.0
2026-03-25 16:00:00+00:00,70838.890625,70955.0703125,70797.7578125,70862.8828125,173858816,0.0,0.0
2026-03-25 16:15:00+00:00,70864.1796875,71706.296875,70828.5546875,71584.6640625,296071168,0.0,0.0
2026-03-25 16:30:00+00:00,71478.7265625,71596.984375,71422.03125,71465.0546875,505733120,0.0,0.0
2026-03-25 16:45:00+00:00,71455.09375,71455.09375,71263.8359375,71291.734375,0,0.0,0.0
2026-03-25 17:00:00+00:00,71303.25,71327.46875,71123.359375,71123.359375,454246400,0.0,0.0
2026-03-25 17:15:00+00:00,71137.4375,71164.1328125,70956.1953125,71155.1484375,47562752,0.0,0.0
2026-03-25 17:30:00+00:00,71041.484375,71041.484375,70855.46875,70946.6015625,96423936,0.0,0.0
2026-03-25 17:45:00+00:00,70896.1796875,70940.1328125,70722.234375,70737.6953125,47030272,0.0,0.0
2026-03-25 18:00:00+00:00,70745.5390625,70911.0625,70738.8046875,70865.8046875,4263936,0.0,0.0
2026-03-25 18:15:00+00:00,70881.9609375,71080.75,70881.9609375,70964.53125,108310528,0.0,0.0
2026-03-25 18:30:00+00:00,70968.015625,70968.015625,70780.953125,70788.2265625,0,0.0,0.0
2026-03-25 18:45:00+00:00,70809.5,70937.640625,70732.734375,70758.75,99479552,0.0,0.0
2026-03-25 19:00:00+00:00,70773.6640625,70947.4140625,70769.6953125,70841.5234375,713691136,0.0,0.0
2026-03-25 19:15:00+00:00,70833.8359375,70940.140625,70820.25,70894.3671875,33992704,0.0,0.0
2026-03-25 19:30:00+00:00,70907.2265625,71024.2890625,70857.4140625,70989.5625,55590912,0.0,0.0
2026-03-25 19:45:00+00:00,70914.1875,70962.96875,70761.7265625,70781.0078125,160227328,0.0,0.0
2026-03-25 20:00:00+00:00,70849.5,70849.5,70672.703125,70712.1328125,215998464,0.0,0.0
2026-03-25 20:15:00+00:00,70713.3828125,70768.9609375,70636.125,70702.578125,303714304,0.0,0.0
2026-03-25 20:30:00+00:00,70693.2109375,70892.0546875,70693.2109375,70892.0546875,0,0.0,0.0
2026-03-25 20:45:00+00:00,70911.28125,71033.109375,70876.71875,70991.0234375,104316928,0.0,0.0
2026-03-25 21:00:00+00:00,70982.8828125,71122.625,70932.6328125,71122.625,109821952,0.0,0.0
2026-03-25 21:15:00+00:00,71135.3046875,71135.3046875,70933.0078125,70958.28125,80084992,0.0,0.0
2026-03-25 21:30:00+00:00,70952.0390625,71057.4609375,70947.7109375,71050.8515625,0,0.0,0.0
2026-03-25 21:45:00+00:00,71040.40625,71051.984375,70969.6171875,70997.5703125,0,0.0,0.0
2026-03-25 22:00:00+00:00,71007.4453125,71086.421875,70965.921875,70998.21875,0,0.0,0.0
2026-03-25 22:15:00+00:00,70979.0078125,71052.5390625,70940.5234375,71014.171875,78581760,0.0,0.0
2026-03-25 22:30:00+00:00,71010.4375,71524.359375,71010.4375,71326.2421875,127062016,0.0,0.0
2026-03-25 22:45:00+00:00,71354.8515625,71425.0078125,71311.421875,71345.9453125,171229184,0.0,0.0
2026-03-25 23:00:00+00:00,71353.3203125,71396.9453125,71323.2265625,71323.2265625,104513536,0.0,0.0
2026-03-25 23:15:00+00:00,71301.359375,71371.03125,71237.0390625,71369.3671875,9998336,0.0,0.0
2026-03-25 23:30:00+00:00,71336.0078125,71336.0078125,71189.0625,71189.0625,0,0.0,0.0
2026-03-25 23:45:00+00:00,71185.0546875,71338.8671875,71179.1328125,71310.1171875,20017152,0.0,0.0
2026-03-26 00:00:00+00:00,71311.6640625,71323.8046875,71179.984375,71191.2109375,503853056,0.0,0.0
2026-03-26 00:15:00+00:00,71198.5,71332.546875,71198.5,71232.890625,111878144,0.0,0.0
2026-03-26 00:30:00+00:00,71259.3984375,71351.859375,71259.3984375,71298.0625,66625536,0.0,0.0
2026-03-26 00:45:00+00:00,71326.890625,71393.2109375,71148.0390625,71243.4140625,0,0.0,0.0
2026-03-26 01:00:00+00:00,71258.0078125,71306.078125,71198.4140625,71250.8046875,0,0.0,0.0
2026-03-26 01:15:00+00:00,71248.53125,71287.453125,71153.0078125,71287.453125,44072960,0.0,0.0
2026-03-26 01:30:00+00:00,71287.453125,71312.203125,71222.84375,71222.84375,156471296,0.0,0.0
2026-03-26 01:45:00+00:00,71231.8203125,71261.9296875,71194.0703125,71252.234375,64319488,0.0,0.0
2026-03-26 02:00:00+00:00,71247.9609375,71255.8828125,71092.5625,71092.5625,46563328,0.0,0.0
2026-03-26 02:15:00+00:00,71070.3671875,71070.3671875,70879.5078125,70907.5078125,640139264,0.0,0.0
2026-03-26 02:30:00+00:00,70886.2890625,70886.2890625,70717.8671875,70832.59375,90963968,0.0,0.0
2026-03-26 02:45:00+00:00,70837.9453125,70875.1796875,70829.453125,70867.078125,669929472,0.0,0.0
2026-03-26 03:00:00+00:00,70880.796875,70886.25,70756.4609375,70886.25,542412800,0.0,0.0
2026-03-26 03:15:00+00:00,70945.40625,70945.40625,70675.46875,70683.1953125,0,0.0,0.0
2026-03-26 03:30:00+00:00,70686.296875,70865.7265625,70686.296875,70853.6171875,0,0.0,0.0
2026-03-26 03:45:00+00:00,70839.0234375,70866.78125,70783.1953125,70864.46875,99848192,0.0,0.0
2026-03-26 04:00:00+00:00,70860.96875,70874.7890625,70724.5703125,70724.5703125,167772160,0.0,0.0
2026-03-26 04:15:00+00:00,70728.046875,70834.8671875,70697.3125,70834.8671875,53198848,0.0,0.0
2026-03-26 04:30:00+00:00,70832.8046875,70856.8984375,70802.6640625,70827.4921875,0,0.0,0.0
2026-03-26 04:45:00+00:00,70831.1796875,70846.25,70753.6484375,70754.3984375,0,0.0,0.0
2026-03-26 05:00:00+00:00,70750.1015625,70750.1015625,70486.1484375,70517.9765625,15310848,0.0,0.0
2026-03-26 05:15:00+00:00,70532.625,70584.65625,70505.0625,70545.8125,565544960,0.0,0.0
2026-03-26 05:30:00+00:00,70553.1171875,70578.171875,70397.7109375,70397.7109375,183771136,0.0,0.0
2026-03-26 05:45:00+00:00,70279.0390625,70330.890625,69956.7734375,69983.71875,377458688,0.0,0.0
2026-03-26 06:00:00+00:00,69976.6640625,70054.5,69845.5703125,69978.8515625,501858304,0.0,0.0
2026-03-26 06:15:00+00:00,70012.5859375,70081.5234375,69913.0,70006.4140625,114028544,0.0,0.0
2026-03-26 06:30:00+00:00,70024.40625,70054.078125,69957.015625,69957.015625,553525248,0.0,0.0
2026-03-26 06:45:00+00:00,69970.0625,70114.34375,69970.0625,70077.34375,62136320,0.0,0.0
2026-03-26 07:00:00+00:00,70060.6171875,70103.21875,69998.421875,70035.0078125,0,0.0,0.0
2026-03-26 07:15:00+00:00,70007.4375,70032.6796875,69922.734375,69922.734375,950194176,0.0,0.0
2026-03-26 07:30:00+00:00,69926.9453125,70065.34375,69805.421875,70019.3203125,104640512,0.0,0.0
2026-03-26 07:45:00+00:00,70029.8203125,70109.34375,70029.8203125,70076.09375,31039488,0.0,0.0
2026-03-26 08:00:00+00:00,70063.6953125,70077.6953125,69924.09375,69924.09375,0,0.0,0.0
2026-03-26 08:15:00+00:00,69924.09375,69966.8203125,69818.203125,69824.25,68972544,0.0,0.0
2026-03-26 08:30:00+00:00,69806.3515625,69882.7109375,69794.609375,69882.7109375,0,0.0,0.0
2026-03-26 08:45:00+00:00,69899.609375,69991.234375,69895.3515625,69978.7265625,48076800,0.0,0.0
2026-03-26 09:00:00+00:00,69989.6875,70075.0546875,69922.1484375,70027.4375,218476544,0.0,0.0
2026-03-26 09:15:00+00:00,69999.5625,69999.5625,69870.546875,69997.7578125,368082944,0.0,0.0
2026-03-26 09:30:00+00:00,69994.09375,69994.09375,69424.6484375,69451.03125,1302986752,0.0,0.0
2026-03-26 09:45:00+00:00,69469.546875,69565.8046875,69383.3671875,69565.8046875,226721792,0.0,0.0
2026-03-26 10:00:00+00:00,69563.9609375,69572.1328125,69487.765625,69534.46875,208121856,0.0,0.0
2026-03-26 10:15:00+00:00,69540.4609375,69658.328125,69540.4609375,69657.1484375,195117056,0.0,0.0
2026-03-26 10:30:00+00:00,69583.125,69608.4140625,69506.3359375,69526.2421875,0,0.0,0.0
2026-03-26 10:45:00+00:00,69531.515625,69531.515625,69451.046875,69460.2890625,158281728,0.0,0.0
2026-03-26 11:00:00+00:00,69479.796875,69605.1875,69479.796875,69546.8359375,86040576,0.0,0.0
2026-03-26 11:15:00+00:00,69542.2578125,69542.2578125,69242.5625,69289.3984375,270901248,0.0,0.0
2026-03-26 11:30:00+00:00,69297.6171875,69425.65625,69297.6171875,69399.53125,87441408,0.0,0.0
2026-03-26 11:45:00+00:00,69373.4296875,69403.5703125,69264.1328125,69264.1328125,50147328,0.0,0.0
2026-03-26 12:00:00+00:00,69255.953125,69376.7890625,69222.3359375,69356.8046875,96374784,0.0,0.0
2026-03-26 12:15:00+00:00,69358.234375,69371.0390625,69333.9453125,69371.0390625,0,0.0,0.0
2026-03-26 12:30:00+00:00,69389.234375,69399.6015625,69240.6171875,69356.1484375,95715328,0.0,0.0
2026-03-26 12:45:00+00:00,69351.96875,69421.5703125,69351.96875,69421.5703125,6332416,0.0,0.0
2026-03-26 13:00:00+00:00,69414.984375,69470.96875,69396.8046875,69445.046875,32618496,0.0,0.0
2026-03-26 13:15:00+00:00,69451.59375,69496.25,69360.1796875,69360.1796875,144052224,0.0,0.0
2026-03-26 13:30:00+00:00,69367.453125,69367.453125,69245.7734375,69357.53125,30717952,0.0,0.0
2026-03-26 13:45:00+00:00,69474.625,69826.125,69474.625,69518.5390625,618115072,0.0,0.0
2026-03-26 14:00:00+00:00,69600.421875,69750.765625,69511.6328125,69542.8515625,108253184,0.0,0.0
2026-03-26 14:15:00+00:00,69573.125,69648.46875,69411.765625,69631.1328125,130033664,0.0,0.0
2026-03-26 14:30:00+00:00,69598.2265625,69739.7890625,69526.65625,69526.65625,192395264,0.0,0.0
2026-03-26 14:45:00+00:00,69488.390625,69506.859375,69293.4375,69506.859375,215191552,0.0,0.0
2026-03-26 15:00:00+00:00,69454.84375,69454.84375,69100.484375,69105.0234375,96026624,0.0,0.0
2026-03-26 15:15:00+00:00,68917.0078125,69038.0859375,68819.421875,69038.0859375,440631296,0.0,0.0
2026-03-26 15:30:00+00:00,68965.8671875,69021.3671875,68894.0,68923.3125,334815232,0.0,0.0
2026-03-26 15:45:00+00:00,68941.9609375,69178.40625,68941.9609375,69042.921875,43065344,0.0,0.0
2026-03-26 16:00:00+00:00,69059.0703125,69059.0703125,68935.703125,68966.2109375,125476864,0.0,0.0
2026-03-26 16:15:00+00:00,68981.21875,69001.125,68854.8984375,68889.4375,303759360,0.0,0.0
2026-03-26 16:30:00+00:00,68848.9296875,68944.546875,68808.8984375,68840.5625,0,0.0,0.0
2026-03-26 16:45:00+00:00,68885.1171875,68916.3125,68841.5234375,68897.984375,7335936,0.0,0.0
2026-03-26 17:00:00+00:00,68884.6796875,68975.8359375,68884.6796875,68910.9765625,43024384,0.0,0.0
2026-03-26 17:15:00+00:00,68889.4140625,68983.7578125,68889.4140625,68983.7265625,413696,0.0,0.0
2026-03-26 17:30:00+00:00,69036.0859375,69104.578125,68907.8203125,68907.8203125,109481984,0.0,0.0
2026-03-26 17:45:00+00:00,68911.34375,68915.828125,68448.4765625,68448.4765625,125976576,0.0,0.0
2026-03-26 18:00:00+00:00,68431.0390625,68535.171875,68365.3984375,68381.359375,790704128,0.0,0.0
2026-03-26 18:15:00+00:00,68401.140625,68401.140625,68134.265625,68147.234375,421560320,0.0,0.0
2026-03-26 18:30:00+00:00,68163.75,68280.1015625,68163.75,68269.5625,541593600,0.0,0.0
2026-03-26 18:45:00+00:00,68284.703125,68417.5703125,68284.703125,68417.5703125,207314944,0.0,0.0
2026-03-26 19:00:00+00:00,68435.5078125,68460.171875,68375.0859375,68400.9453125,3952640,0.0,0.0
2026-03-26 19:15:00+00:00,68406.59375,68517.0234375,68375.875,68375.875,113016832,0.0,0.0
2026-03-26 19:30:00+00:00,68377.4375,68616.3359375,68331.015625,68616.3359375,292409344,0.0,0.0
2026-03-26 19:45:00+00:00,68580.8984375,68621.546875,68562.1171875,68584.140625,163770368,0.0,0.0
2026-03-26 20:00:00+00:00,68510.28125,69251.84375,68413.1796875,69251.84375,171266048,0.0,0.0
2026-03-26 20:15:00+00:00,69151.6796875,69281.46875,69072.328125,69099.4453125,1485283328,0.0,0.0
2026-03-26 20:30:00+00:00,69121.3515625,69209.9140625,69066.4921875,69130.5859375,227921920,0.0,0.0
2026-03-26 20:45:00+00:00,69116.8359375,69151.21875,68915.4296875,68958.2109375,109551616,0.0,0.0
2026-03-26 21:00:00+00:00,68969.7578125,68969.7578125,68866.640625,68951.8984375,175255552,0.0,0.0
2026-03-26 21:15:00+00:00,68902.015625,69130.953125,68864.953125,69021.7109375,46366720,0.0,0.0
2026-03-26 21:30:00+00:00,69046.578125,69077.953125,68952.8203125,68979.6796875,177811456,0.0,0.0
2026-03-26 21:45:00+00:00,68973.90625,68973.90625,68879.5546875,68926.3828125,77414400,0.0,0.0
2026-03-26 22:00:00+00:00,68884.1171875,68986.375,68855.7421875,68893.65625,7393280,0.0,0.0
2026-03-26 22:15:00+00:00,68912.75,68914.75,68605.6484375,68767.4140625,189988864,0.0,0.0
2026-03-26 22:30:00+00:00,68722.9296875,68792.2734375,68711.46875,68772.3046875,12963840,0.0,0.0
2026-03-26 22:45:00+00:00,68769.625,68831.703125,68753.390625,68831.703125,50233344,0.0,0.0
2026-03-26 23:00:00+00:00,68851.03125,68930.9921875,68759.7734375,68759.7734375,29962240,0.0,0.0
2026-03-26 23:15:00+00:00,68782.9453125,68801.5,68623.6171875,68632.890625,112164864,0.0,0.0
2026-03-26 23:30:00+00:00,68684.2890625,68720.78125,68632.78125,68699.5390625,151142400,0.0,0.0
2026-03-26 23:45:00+00:00,68706.5234375,68793.9921875,68698.203125,68790.8359375,43397120,0.0,0.0
2026-03-27 00:00:00+00:00,68778.71875,68909.015625,68708.4453125,68893.9609375,84799488,0.0,0.0
2026-03-27 00:15:00+00:00,68890.8671875,68904.28125,68700.3359375,68736.5546875,119324672,0.0,0.0
2026-03-27 00:30:00+00:00,68722.421875,68730.078125,68524.25,68670.46875,175243264,0.0,0.0
2026-03-27 00:45:00+00:00,68681.0625,68727.5390625,68576.609375,68707.9765625,34992128,0.0,0.0
2026-03-27 01:00:00+00:00,68725.046875,68826.5859375,68668.96875,68826.5859375,160960512,0.0,0.0
2026-03-27 01:15:00+00:00,68817.25,68892.03125,68796.6640625,68874.9453125,33562624,0.0,0.0
2026-03-27 01:30:00+00:00,68875.109375,68881.859375,68827.3203125,68852.890625,446910464,0.0,0.0
2026-03-27 01:45:00+00:00,68856.3984375,69008.4453125,68850.5,68999.703125,0,0.0,0.0
2026-03-27 02:00:00+00:00,69009.4296875,69082.3515625,69009.4296875,69067.1875,242225152,0.0,0.0
2026-03-27 02:15:00+00:00,69027.234375,69027.234375,68934.921875,68966.5625,0,0.0,0.0
2026-03-27 02:30:00+00:00,69005.4921875,69038.125,68869.15625,68881.9609375,512806912,0.0,0.0
2026-03-27 02:45:00+00:00,68892.0625,68926.875,68862.15625,68884.2734375,269459456,0.0,0.0
2026-03-27 03:00:00+00:00,68873.0546875,68873.0546875,68644.6875,68709.3125,133361664,0.0,0.0
2026-03-27 03:15:00+00:00,68721.0625,68788.9609375,68706.4140625,68788.9609375,158179328,0.0,0.0
2026-03-27 03:30:00+00:00,68790.03125,68855.015625,68772.21875,68842.0546875,116236288,0.0,0.0
2026-03-27 03:45:00+00:00,68835.921875,68835.921875,68741.234375,68741.234375,64331776,0.0,0.0
2026-03-27 04:00:00+00:00,68729.7890625,68729.7890625,68269.15625,68347.671875,84668416,0.0,0.0
2026-03-27 04:15:00+00:00,68395.2578125,68519.640625,68379.7734375,68496.7890625,1003610112,0.0,0.0
2026-03-27 04:30:00+00:00,68499.5859375,68570.15625,68489.2734375,68551.375,88055808,0.0,0.0
2026-03-27 04:45:00+00:00,68548.6953125,68584.765625,68542.78125,68542.78125,196591616,0.0,0.0
2026-03-27 05:00:00+00:00,68542.09375,68720.046875,68517.9140625,68720.046875,5046272,0.0,0.0
2026-03-27 05:15:00+00:00,68759.0625,68817.0390625,68562.1875,68566.6328125,74956800,0.0,0.0
2026-03-27 05:30:00+00:00,68556.3125,68651.6875,68505.7578125,68576.625,179392512,0.0,0.0
2026-03-27 05:45:00+00:00,68570.6875,68585.4140625,68541.296875,68582.5859375,32624640,0.0,0.0
2026-03-27 06:00:00+00:00,68578.9765625,68681.3203125,68546.3046875,68668.1875,0,0.0,0.0
2026-03-27 06:15:00+00:00,68707.6328125,68788.1171875,68691.3046875,68788.1171875,0,0.0,0.0
2026-03-27 06:30:00+00:00,68771.9140625,68771.9140625,68713.140625,68718.4140625,236081152,0.0,0.0
2026-03-27 06:45:00+00:00,68700.0390625,68700.0390625,68615.8203125,68615.8203125,0,0.0,0.0
2026-03-27 07:00:00+00:00,68620.2109375,68815.7421875,68575.34375,68815.7421875,540667904,0.0,0.0
2026-03-27 07:15:00+00:00,68803.0859375,68907.578125,68784.3203125,68888.1875,160268288,0.0,0.0
2026-03-27 07:30:00+00:00,68885.703125,68891.6953125,68544.90625,68585.5546875,167645184,0.0,0.0
2026-03-27 07:45:00+00:00,68560.28125,68580.140625,68418.7265625,68418.7265625,1210490880,0.0,0.0
2026-03-27 08:00:00+00:00,68480.609375,68536.6796875,68434.4375,68455.6953125,354197504,0.0,0.0
2026-03-27 08:15:00+00:00,68436.015625,68455.765625,68303.1875,68343.7421875,991436800,0.0,0.0
2026-03-27 08:30:00+00:00,68200.765625,68232.5703125,67616.8203125,67777.0234375,734867456,0.0,0.0
2026-03-27 08:45:00+00:00,67773.5234375,67954.59375,67749.3046875,67910.8203125,509095936,0.0,0.0
2026-03-27 09:00:00+00:00,67896.78125,67896.78125,67607.5703125,67724.640625,109002752,0.0,0.0
2026-03-27 09:15:00+00:00,67732.3671875,67916.234375,67732.3671875,67879.2421875,49770496,0.0,0.0
2026-03-27 09:30:00+00:00,67890.640625,67890.640625,67699.140625,67699.140625,514617344,0.0,0.0
2026-03-27 09:45:00+00:00,67698.3046875,67809.3359375,67665.2578125,67670.0234375,15290368,0.0,0.0
2026-03-27 10:00:00+00:00,67641.8984375,67703.9296875,67598.6171875,67672.484375,0,0.0,0.0
2026-03-27 10:15:00+00:00,67633.2578125,67723.1796875,67633.2578125,67723.1796875,1556480,0.0,0.0
2026-03-27 10:30:00+00:00,67727.109375,67727.109375,66851.6796875,66945.21875,896892928,0.0,0.0
2026-03-27 10:45:00+00:00,66917.75,66917.75,66422.984375,66486.0078125,1250332672,0.0,0.0
2026-03-27 11:00:00+00:00,66460.5390625,66551.4453125,66371.2421875,66551.4453125,973766656,0.0,0.0
2026-03-27 11:15:00+00:00,66578.4453125,66684.8828125,66578.4453125,66658.1953125,297406464,0.0,0.0
2026-03-27 11:30:00+00:00,66686.859375,66733.6953125,66643.96875,66733.6953125,198352896,0.0,0.0
2026-03-27 11:45:00+00:00,66729.9375,66818.1328125,66659.078125,66668.6796875,287170560,0.0,0.0
2026-03-27 12:00:00+00:00,66676.8984375,66716.5234375,66602.5,66649.4453125,137306112,0.0,0.0
2026-03-27 12:15:00+00:00,66628.4296875,66660.7421875,66513.3828125,66513.3828125,41377792,0.0,0.0
2026-03-27 12:30:00+00:00,66498.9375,66583.3046875,66414.5625,66583.3046875,393191424,0.0,0.0
2026-03-27 12:45:00+00:00,66572.8125,66628.2578125,66467.0625,66590.46875,69591040,0.0,0.0
2026-03-27 13:00:00+00:00,66590.1796875,66667.9453125,66498.4453125,66507.875,34713600,0.0,0.0
2026-03-27 13:15:00+00:00,66502.4765625,66672.3125,66488.7734375,66672.3125,125480960,0.0,0.0
2026-03-27 13:30:00+00:00,66659.7890625,66662.9375,66248.3671875,66533.7109375,576569344,0.0,0.0
2026-03-27 13:45:00+00:00,66492.640625,66492.640625,66064.2578125,66095.171875,495169536,0.0,0.0
2026-03-27 14:00:00+00:00,66139.3671875,66322.46875,66139.09375,66168.546875,327888896,0.0,0.0
2026-03-27 14:15:00+00:00,66294.015625,66312.734375,65721.515625,65721.515625,673955840,0.0,0.0
2026-03-27 14:30:00+00:00,65703.7265625,65915.3515625,65703.7265625,65800.1171875,760819712,0.0,0.0
2026-03-27 14:45:00+00:00,65848.3828125,66175.203125,65790.984375,66175.203125,223662080,0.0,0.0
2026-03-27 15:00:00+00:00,66168.5625,66245.453125,66094.6796875,66195.078125,95035392,0.0,0.0
2026-03-27 15:15:00+00:00,66202.6484375,66382.71875,65953.578125,66182.28125,264376320,0.0,0.0
2026-03-27 15:30:00+00:00,66263.5859375,66552.0546875,66263.5859375,66340.5546875,929103872,0.0,0.0
2026-03-27 15:45:00+00:00,66354.0546875,66403.9296875,66068.125,66089.65625,645816320,0.0,0.0
2026-03-27 16:00:00+00:00,66075.796875,66075.796875,65794.703125,65918.5546875,348057600,0.0,0.0
2026-03-27 16:15:00+00:00,65930.59375,66033.1875,65832.578125,65936.375,207405056,0.0,0.0
2026-03-27 16:30:00+00:00,65920.4296875,65949.9140625,65796.0625,65949.9140625,203022336,0.0,0.0
2026-03-27 16:45:00+00:00,65972.7265625,66086.4375,65829.7265625,65933.7421875,254107648,0.0,0.0
2026-03-27 17:00:00+00:00,65952.265625,66173.7109375,65931.15625,66150.0546875,31920128,0.0,0.0
2026-03-27 17:15:00+00:00,66163.2578125,66232.8984375,65862.75,65862.75,379408384,0.0,0.0
2026-03-27 17:30:00+00:00,65854.6015625,65866.8671875,65666.453125,65666.453125,130801664,0.0,0.0
2026-03-27 17:45:00+00:00,65593.671875,65683.359375,65585.15625,65604.5,0,0.0,0.0
2026-03-27 18:00:00+00:00,65603.640625,65739.3515625,65603.640625,65633.59375,0,0.0,0.0
2026-03-27 18:15:00+00:00,65577.609375,65781.7734375,65539.1875,65701.7578125,63791104,0.0,0.0
2026-03-27 18:30:00+00:00,65722.9296875,65811.4921875,65713.6953125,65796.3984375,307421184,0.0,0.0
2026-03-27 18:45:00+00:00,65770.6171875,65884.921875,65770.6171875,65833.9140625,126976,0.0,0.0
2026-03-27 19:00:00+00:00,65817.0703125,65817.0703125,65668.4140625,65722.2578125,82161664,0.0,0.0
2026-03-27 19:15:00+00:00,65715.65625,65887.3515625,65715.65625,65887.3515625,347705344,0.0,0.0
2026-03-27 19:30:00+00:00,65937.296875,65974.4921875,65836.453125,65898.5,4567040,0.0,0.0
2026-03-27 19:45:00+00:00,65870.0,66041.453125,65837.46875,66041.453125,393850880,0.0,0.0
2026-03-27 20:00:00+00:00,66021.203125,66068.0546875,65977.578125,65986.875,533282816,0.0,0.0
2026-03-27 20:15:00+00:00,65965.7265625,66027.8671875,65824.4921875,65824.4921875,0,0.0,0.0
2026-03-27 20:30:00+00:00,65842.21875,65893.1875,65795.3515625,65868.6953125,54505472,0.0,0.0
2026-03-27 20:45:00+00:00,65849.6328125,66030.109375,65849.6328125,65980.7890625,433205248,0.0,0.0
2026-03-27 21:00:00+00:00,65972.2578125,66089.703125,65972.2578125,66089.703125,131031040,0.0,0.0
2026-03-27 21:15:00+00:00,66097.984375,66116.8671875,66075.125,66116.8671875,204849152,0.0,0.0
2026-03-27 21:30:00+00:00,66102.78125,66124.53125,66012.8359375,66061.765625,0,0.0,0.0
2026-03-27 21:45:00+00:00,66065.015625,66084.34375,66019.6171875,66034.46875,0,0.0,0.0
2026-03-27 22:00:00+00:00,66027.5625,66027.5625,65931.390625,65968.4375,0,0.0,0.0
2026-03-27 22:15:00+00:00,65982.109375,65982.109375,65909.1171875,65914.453125,140374016,0.0,0.0
2026-03-27 22:30:00+00:00,65958.5625,65996.1875,65882.765625,65980.953125,45699072,0.0,0.0
2026-03-27 22:45:00+00:00,66001.2578125,66027.7421875,65992.6875,65998.34375,0,0.0,0.0
2026-03-27 23:00:00+00:00,65979.34375,66042.8828125,65937.5546875,66042.8828125,250449920,0.0,0.0
2026-03-27 23:15:00+00:00,66046.734375,66171.09375,66031.3125,66153.3984375,11530240,0.0,0.0
2026-03-27 23:30:00+00:00,66147.0078125,66225.3515625,66141.4375,66225.3515625,103870464,0.0,0.0
2026-03-27 23:45:00+00:00,66238.8515625,66351.5703125,66238.8515625,66338.5,210010112,0.0,0.0
2026-03-28 00:00:00+00:00,66363.4140625,66416.5625,66275.796875,66275.796875,20963328,0.0,0.0
2026-03-28 00:15:00+00:00,66252.890625,66342.0,66252.890625,66321.1640625,31215616,0.0,0.0
2026-03-28 00:30:00+00:00,66315.7265625,66468.921875,66315.7265625,66387.109375,136749056,0.0,0.0
2026-03-28 00:45:00+00:00,66443.84375,66450.8359375,66376.828125,66376.828125,186757120,0.0,0.0
2026-03-28 01:00:00+00:00,66379.7421875,66379.7421875,66111.5859375,66111.5859375,0,0.0,0.0
2026-03-28 01:15:00+00:00,66103.1796875,66234.859375,66103.1796875,66176.6171875,189333504,0.0,0.0
2026-03-28 01:30:00+00:00,66177.765625,66236.8359375,66027.359375,66086.2890625,0,0.0,0.0
2026-03-28 01:45:00+00:00,66090.84375,66141.265625,66063.234375,66063.234375,840482816,0.0,0.0
2026-03-28 02:00:00+00:00,66125.5625,66205.796875,66125.5625,66176.484375,185032704,0.0,0.0
2026-03-28 02:15:00+00:00,66171.7890625,66171.7890625,65998.7890625,66002.0078125,0,0.0,0.0
2026-03-28 02:30:00+00:00,66003.3359375,66003.3359375,65916.359375,65994.59375,203177984,0.0,0.0
2026-03-28 02:45:00+00:00,65984.859375,66010.21875,65950.5625,66000.3359375,169758720,0.0,0.0
2026-03-28 03:00:00+00:00,66004.3125,66102.5625,66004.3125,66095.953125,0,0.0,0.0
2026-03-28 03:15:00+00:00,66085.640625,66141.109375,66085.640625,66103.53125,78807040,0.0,0.0
2026-03-28 03:30:00+00:00,66127.4140625,66180.3828125,66111.265625,66178.15625,169197568,0.0,0.0
2026-03-28 03:45:00+00:00,66183.7421875,66190.7421875,66156.5703125,66167.8359375,21409792,0.0,0.0
2026-03-28 04:00:00+00:00,66184.3125,66184.3125,66091.3359375,66098.125,0,0.0,0.0
2026-03-28 04:15:00+00:00,66098.125,66239.7734375,66098.125,66210.8671875,28545024,0.0,0.0
2026-03-28 04:30:00+00:00,66212.59375,66248.9921875,66207.671875,66207.671875,72785920,0.0,0.0
2026-03-28 04:45:00+00:00,66233.984375,66254.578125,66190.46875,66190.46875,790528,0.0,0.0
2026-03-28 05:00:00+00:00,66231.0703125,66244.9140625,66170.484375,66191.8828125,561152,0.0,0.0
2026-03-28 05:15:00+00:00,66197.9296875,66312.1640625,66184.6015625,66312.1640625,245661696,0.0,0.0
2026-03-28 05:30:00+00:00,66289.859375,66314.90625,66250.921875,66250.921875,0,0.0,0.0
2026-03-28 05:45:00+00:00,66271.7421875,66318.1640625,66271.7421875,66309.6015625,345362432,0.0,0.0
2026-03-28 06:00:00+00:00,66301.0625,66353.296875,66267.3125,66300.0390625,34971648,0.0,0.0
2026-03-28 06:15:00+00:00,66321.9453125,66446.078125,66317.8359375,66416.4609375,822050816,0.0,0.0
2026-03-28 06:30:00+00:00,66420.1328125,66438.1171875,66383.5234375,66407.546875,0,0.0,0.0
2026-03-28 06:45:00+00:00,66402.5390625,66402.5390625,66336.0546875,66365.6328125,189366272,0.0,0.0
2026-03-28 07:00:00+00:00,66372.9765625,66385.890625,66356.8046875,66378.6875,0,0.0,0.0
2026-03-28 07:15:00+00:00,66402.0546875,66436.7890625,66391.640625,66418.6875,0,0.0,0.0
2026-03-28 07:30:00+00:00,66420.796875,66421.0,66393.6328125,66398.90625,0,0.0,0.0
2026-03-28 07:45:00+00:00,66409.6953125,66508.2421875,66403.8046875,66508.2421875,0,0.0,0.0
2026-03-28 08:00:00+00:00,66504.671875,66505.734375,66460.59375,66461.890625,14467072,0.0,0.0
2026-03-28 08:15:00+00:00,66451.4140625,66512.9765625,66451.4140625,66504.640625,0,0.0,0.0
2026-03-28 08:30:00+00:00,66492.3828125,66497.046875,66409.4609375,66409.4609375,0,0.0,0.0
2026-03-28 08:45:00+00:00,66405.4765625,66410.3046875,66355.9765625,66355.9765625,0,0.0,0.0
2026-03-28 09:00:00+00:00,66358.8046875,66360.9140625,66301.0859375,66311.0,24293376,0.0,0.0
2026-03-28 09:15:00+00:00,66311.6328125,66347.75,66278.1953125,66341.453125,132251648,0.0,0.0
2026-03-28 09:30:00+00:00,66324.2890625,66324.2890625,66245.015625,66258.765625,95588352,0.0,0.0
2026-03-28 09:45:00+00:00,66245.5859375,66277.21875,66215.6796875,66266.0546875,0,0.0,0.0
2026-03-28 10:00:00+00:00,66267.984375,66364.84375,66252.3046875,66321.3984375,0,0.0,0.0
2026-03-28 10:15:00+00:00,66284.1484375,66295.8203125,66124.1796875,66125.453125,178028544,0.0,0.0
2026-03-28 10:30:00+00:00,66131.6171875,66183.953125,66096.53125,66148.15625,0,0.0,0.0
2026-03-28 10:45:00+00:00,66148.625,66188.984375,66138.09375,66188.984375,0,0.0,0.0
2026-03-28 11:00:00+00:00,66172.8671875,66235.1796875,66172.8671875,66186.8671875,0,0.0,0.0
2026-03-28 11:15:00+00:00,66189.515625,66256.3984375,66189.515625,66256.2109375,0,0.0,0.0
2026-03-28 11:30:00+00:00,66269.3125,66285.0,66259.25,66284.5859375,524288,0.0,0.0
2026-03-28 11:45:00+00:00,66288.0390625,66316.484375,66266.75,66306.5,0,0.0,0.0
2026-03-28 12:00:00+00:00,66298.8515625,66355.296875,66221.578125,66355.296875,0,0.0,0.0
2026-03-28 12:15:00+00:00,66367.8671875,66483.078125,66367.8671875,66385.328125,0,0.0,0.0
2026-03-28 12:30:00+00:00,66401.3046875,66401.3046875,66276.671875,66325.1875,19302400,0.0,0.0
2026-03-28 12:45:00+00:00,66322.7734375,66412.6484375,66312.8046875,66407.1015625,41607168,0.0,0.0
2026-03-28 13:00:00+00:00,66407.640625,66472.78125,66407.640625,66472.78125,0,0.0,0.0
2026-03-28 13:15:00+00:00,66467.03125,66467.03125,66386.6640625,66399.96875,630759424,0.0,0.0
2026-03-28 13:30:00+00:00,66403.4453125,67060.8515625,66403.4453125,66925.6796875,0,0.0,0.0
2026-03-28 13:45:00+00:00,66927.28125,66927.28125,66747.46875,66766.0703125,0,0.0,0.0
2026-03-28 14:00:00+00:00,66799.0078125,66867.3046875,66706.5546875,66721.3046875,0,0.0,0.0
2026-03-28 14:15:00+00:00,66729.6640625,66797.5703125,66701.8046875,66784.453125,0,0.0,0.0
2026-03-28 14:30:00+00:00,66784.5546875,66857.515625,66682.8671875,66857.515625,0,0.0,0.0
2026-03-28 14:45:00+00:00,66850.578125,66897.875,66672.484375,66715.3359375,0,0.0,0.0
2026-03-28 15:00:00+00:00,66710.609375,66838.5234375,66686.9765625,66838.5234375,0,0.0,0.0
2026-03-28 15:15:00+00:00,66833.0703125,67201.6484375,66833.0703125,67009.6484375,0,0.0,0.0
2026-03-28 15:30:00+00:00,66992.828125,67085.03125,66956.5078125,66994.234375,357744640,0.0,0.0
2026-03-28 15:45:00+00:00,67009.4453125,67009.4453125,66919.671875,66939.7421875,0,0.0,0.0
2026-03-28 16:00:00+00:00,66980.3828125,67027.015625,66916.0703125,67000.65625,0,0.0,0.0
2026-03-28 16:15:00+00:00,66996.25,67038.5390625,66996.25,67038.5390625,0,0.0,0.0
2026-03-28 16:30:00+00:00,67034.7734375,67034.7734375,66861.7109375,66861.7109375,0,0.0,0.0
2026-03-28 16:45:00+00:00,66861.6953125,66888.828125,66824.65625,66881.890625,0,0.0,0.0
2026-03-28 17:00:00+00:00,66880.21875,66935.890625,66859.625,66873.0234375,0,0.0,0.0
2026-03-28 17:15:00+00:00,66876.8984375,66876.8984375,66735.6015625,66749.265625,0,0.0,0.0
2026-03-28 17:30:00+00:00,66752.578125,66858.5234375,66687.828125,66806.9140625,421414912,0.0,0.0
2026-03-28 17:45:00+00:00,66791.3984375,66815.734375,66730.0078125,66807.7421875,192512,0.0,0.0
2026-03-28 18:00:00+00:00,66804.546875,66890.4140625,66804.546875,66889.859375,0,0.0,0.0
2026-03-28 18:15:00+00:00,66895.53125,66900.34375,66847.3984375,66874.828125,0,0.0,0.0
2026-03-28 18:30:00+00:00,66853.671875,66882.296875,66808.03125,66882.296875,28520448,0.0,0.0
2026-03-28 18:45:00+00:00,66894.484375,66894.484375,66854.28125,66886.6171875,32471040,0.0,0.0
2026-03-28 19:00:00+00:00,66866.6171875,66886.625,66789.859375,66789.859375,0,0.0,0.0
2026-03-28 19:15:00+00:00,66796.65625,66822.84375,66780.21875,66800.3828125,0,0.0,0.0
2026-03-28 19:30:00+00:00,66809.90625,66855.328125,66809.90625,66828.2734375,35833856,0.0,0.0
2026-03-28 19:45:00+00:00,66797.4765625,66848.3359375,66797.4765625,66848.3359375,0,0.0,0.0
2026-03-28 20:00:00+00:00,66853.859375,66950.6015625,66853.859375,66929.0234375,0,0.0,0.0
2026-03-28 20:15:00+00:00,66929.375,66952.625,66879.484375,66879.484375,0,0.0,0.0
2026-03-28 20:30:00+00:00,66879.0390625,66935.890625,66875.03125,66875.03125,7426048,0.0,0.0
2026-03-28 20:45:00+00:00,66860.2734375,66918.6484375,66860.2734375,66908.625,74954752,0.0,0.0
2026-03-28 21:00:00+00:00,66889.2578125,66889.2578125,66752.1171875,66780.640625,0,0.0,0.0
2026-03-28 21:15:00+00:00,66784.0234375,66799.015625,66764.71875,66766.71875,28348416,0.0,0.0
2026-03-28 21:30:00+00:00,66766.453125,66822.1640625,66766.453125,66821.625,114077696,0.0,0.0
2026-03-28 21:45:00+00:00,66823.328125,66823.328125,66591.984375,66648.7578125,17328128,0.0,0.0
2026-03-28 22:00:00+00:00,66645.828125,66663.2734375,66578.109375,66596.40625,17819648,0.0,0.0
2026-03-28 22:15:00+00:00,66571.4453125,66732.328125,66550.96875,66701.390625,40634368,0.0,0.0
2026-03-28 22:30:00+00:00,66698.859375,66720.328125,66682.3359375,66682.3359375,9488384,0.0,0.0
2026-03-28 22:45:00+00:00,66669.078125,66717.5390625,66669.078125,66693.78125,52578304,0.0,0.0
2026-03-28 23:00:00+00:00,66701.28125,66701.28125,66253.2265625,66346.15625,66125824,0.0,0.0
2026-03-28 23:15:00+00:00,66352.40625,66376.1328125,66254.78125,66356.5390625,193900544,0.0,0.0
2026-03-28 23:30:00+00:00,66349.09375,66429.765625,66349.09375,66413.9453125,50468864,0.0,0.0
2026-03-28 23:45:00+00:00,66361.671875,66361.671875,66280.6015625,66319.6953125,0,0.0,0.0
2026-03-29 00:00:00+00:00,66331.703125,66422.7890625,66316.71875,66368.859375,247420928,0.0,0.0
2026-03-29 00:15:00+00:00,66356.4609375,66426.90625,66259.4921875,66316.9765625,132243456,0.0,0.0
2026-03-29 00:30:00+00:00,66344.6640625,66394.390625,66315.75,66370.328125,913408,0.0,0.0
2026-03-29 00:45:00+00:00,66345.6953125,66438.765625,66345.6953125,66412.140625,16349184,0.0,0.0
2026-03-29 01:00:00+00:00,66433.6640625,66539.84375,66430.8125,66490.1953125,70404096,0.0,0.0
2026-03-29 01:15:00+00:00,66501.5078125,66535.046875,66486.203125,66486.203125,0,0.0,0.0
2026-03-29 01:30:00+00:00,66495.3203125,66495.3203125,66341.3125,66416.46875,0,0.0,0.0
2026-03-29 01:45:00+00:00,66423.6640625,66526.8515625,66387.9453125,66514.4921875,263219200,0.0,0.0
2026-03-29 02:00:00+00:00,66516.7578125,66555.9375,66510.9609375,66555.9375,43194368,0.0,0.0
2026-03-29 02:15:00+00:00,66585.953125,66633.96875,66548.484375,66612.4375,0,0.0,0.0
2026-03-29 02:30:00+00:00,66601.6640625,66679.40625,66538.4921875,66669.8515625,37142528,0.0,0.0
2026-03-29 02:45:00+00:00,66667.9921875,66765.59375,66643.4765625,66732.2578125,11689984,0.0,0.0
2026-03-29 03:00:00+00:00,66747.0859375,66754.078125,66720.859375,66729.984375,495515648,0.0,0.0
2026-03-29 03:15:00+00:00,66739.9765625,67000.8125,66739.9765625,66933.1484375,160507904,0.0,0.0
2026-03-29 03:30:00+00:00,66929.453125,66946.3984375,66857.7109375,66857.7109375,114733056,0.0,0.0
2026-03-29 03:45:00+00:00,66863.859375,66870.453125,66828.0,66851.75,107153408,0.0,0.0
2026-03-29 04:00:00+00:00,66850.796875,66876.4609375,66800.234375,66854.53125,73172992,0.0,0.0
2026-03-29 04:15:00+00:00,66859.609375,66859.609375,66740.7109375,66748.546875,23406592,0.0,0.0
2026-03-29 04:30:00+00:00,66758.46875,66788.953125,66728.921875,66760.078125,160970752,0.0,0.0
2026-03-29 04:45:00+00:00,66760.0234375,66760.0234375,66687.3203125,66687.3203125,22251520,0.0,0.0
2026-03-29 05:00:00+00:00,66682.03125,66698.515625,66638.3046875,66648.0390625,0,0.0,0.0
2026-03-29 05:15:00+00:00,66653.0546875,66674.671875,66565.828125,66584.296875,24055808,0.0,0.0
2026-03-29 05:30:00+00:00,66588.953125,66623.828125,66565.4375,66614.3984375,0,0.0,0.0
2026-03-29 05:45:00+00:00,66619.6484375,66750.3203125,66611.59375,66732.3125,65193984,0.0,0.0
2026-03-29 06:00:00+00:00,66732.8359375,66810.890625,66732.8359375,66776.03125,83011584,0.0,0.0
2026-03-29 06:15:00+00:00,66782.8828125,66800.59375,66592.71875,66616.734375,21532672,0.0,0.0
2026-03-29 06:30:00+00:00,66634.4453125,66669.390625,66621.1640625,66621.1640625,84260864,0.0,0.0
2026-03-29 06:45:00+00:00,66655.296875,66696.0390625,66633.9609375,66689.59375,171700224,0.0,0.0
2026-03-29 07:00:00+00:00,66687.859375,66687.859375,66507.3359375,66546.6796875,92344320,0.0,0.0
2026-03-29 07:15:00+00:00,66539.875,66609.7265625,66534.515625,66603.1953125,38983680,0.0,0.0
2026-03-29 07:30:00+00:00,66609.15625,66651.1796875,66564.6171875,66573.59375,124217344,0.0,0.0
2026-03-29 07:45:00+00:00,66580.6171875,66672.4765625,66572.4609375,66647.484375,27070464,0.0,0.0
2026-03-29 08:00:00+00:00,66614.203125,66676.734375,66588.625,66591.8984375,0,0.0,0.0
2026-03-29 08:15:00+00:00,66594.6796875,66623.109375,66574.2890625,66619.046875,0,0.0,0.0
2026-03-29 08:30:00+00:00,66623.1484375,66689.984375,66623.1484375,66689.984375,102840320,0.0,0.0
2026-03-29 08:45:00+00:00,66691.4453125,66691.4453125,66647.359375,66668.8125,119379968,0.0,0.0
2026-03-29 09:00:00+00:00,66668.53125,66696.4140625,66556.75,66630.328125,137162752,0.0,0.0
2026-03-29 09:15:00+00:00,66623.3984375,66661.1328125,66596.0234375,66604.1171875,298727424,0.0,0.0
2026-03-29 09:30:00+00:00,66615.4453125,66640.78125,66511.2890625,66539.96875,36278272,0.0,0.0
2026-03-29 09:45:00+00:00,66529.078125,66581.421875,66529.078125,66572.8046875,60692480,0.0,0.0
2026-03-29 10:00:00+00:00,66578.4765625,66578.4765625,66458.5234375,66458.5234375,127547392,0.0,0.0
2026-03-29 10:15:00+00:00,66474.1171875,66496.2578125,66407.375,66431.765625,116705280,0.0,0.0
2026-03-29 10:30:00+00:00,66434.4765625,66484.6328125,66390.203125,66457.6484375,24360960,0.0,0.0
2026-03-29 10:45:00+00:00,66491.703125,66515.8359375,66463.203125,66463.203125,22560768,0.0,0.0
2026-03-29 11:00:00+00:00,66461.15625,66743.609375,66461.15625,66716.046875,0,0.0,0.0
2026-03-29 11:15:00+00:00,66716.4453125,66779.1171875,66686.03125,66764.96875,507824128,0.0,0.0
2026-03-29 11:30:00+00:00,66780.140625,66848.796875,66722.9375,66839.4296875,45426688,0.0,0.0
2026-03-29 11:45:00+00:00,66851.7734375,66867.734375,66759.4765625,66766.0078125,63381504,0.0,0.0
2026-03-29 12:00:00+00:00,66770.6484375,66779.8125,66729.1953125,66749.1796875,61739008,0.0,0.0
2026-03-29 12:15:00+00:00,66739.1640625,66741.640625,66704.9140625,66732.71875,25747456,0.0,0.0
2026-03-29 12:30:00+00:00,66724.9453125,66745.640625,66656.234375,66710.40625,253607936,0.0,0.0
2026-03-29 12:45:00+00:00,66693.953125,66806.3046875,66682.1015625,66785.875,42442752,0.0,0.0
2026-03-29 13:00:00+00:00,66792.5234375,66792.5234375,66499.4921875,66551.375,159111168,0.0,0.0
2026-03-29 13:15:00+00:00,66560.0234375,66639.1796875,66560.0234375,66569.6328125,214343680,0.0,0.0
2026-03-29 13:30:00+00:00,66577.15625,66620.9375,66572.640625,66608.4921875,0,0.0,0.0
2026-03-29 13:45:00+00:00,66612.7109375,66614.2734375,66500.6015625,66500.6015625,0,0.0,0.0
2026-03-29 14:00:00+00:00,66518.8203125,66659.984375,66437.7265625,66642.59375,33075200,0.0,0.0
2026-03-29 14:15:00+00:00,66634.671875,66634.671875,66497.3671875,66522.46875,179527680,0.0,0.0
2026-03-29 14:30:00+00:00,66508.2421875,66551.296875,66483.703125,66499.90625,78417920,0.0,0.0
2026-03-29 14:45:00+00:00,66516.3203125,66518.265625,66459.1015625,66518.265625,0,0.0,0.0
2026-03-29 15:00:00+00:00,66533.1875,66654.0078125,66472.8515625,66472.8515625,124303360,0.0,0.0
2026-03-29 15:15:00+00:00,66528.9609375,66601.5390625,66321.5546875,66354.0390625,0,0.0,0.0
2026-03-29 15:30:00+00:00,66347.8046875,66401.015625,66308.6015625,66401.015625,51609600,0.0,0.0
2026-03-29 15:45:00+00:00,66397.8125,66473.5390625,66373.4375,66467.59375,50171904,0.0,0.0
2026-03-29 16:00:00+00:00,66464.84375,66485.3671875,66403.6953125,66417.28125,0,0.0,0.0
2026-03-29 16:15:00+00:00,66392.6640625,66590.9609375,66392.6640625,66562.4765625,120242176,0.0,0.0
2026-03-29 16:30:00+00:00,66566.7421875,66566.7421875,66482.671875,66486.6953125,22030336,0.0,0.0
2026-03-29 16:45:00+00:00,66478.6640625,66494.296875,66449.625,66449.625,126519296,0.0,0.0
2026-03-29 17:00:00+00:00,66443.671875,66475.109375,66414.953125,66414.953125,10924032,0.0,0.0
2026-03-29 17:15:00+00:00,66359.2890625,66359.2890625,66136.609375,66192.4375,335765504,0.0,0.0
2026-03-29 17:30:00+00:00,66186.78125,66349.234375,66186.78125,66349.234375,37842944,0.0,0.0
2026-03-29 17:45:00+00:00,66356.8046875,66366.8828125,66307.84375,66329.515625,70627328,0.0,0.0
2026-03-29 18:00:00+00:00,66328.7109375,66344.8125,66281.7265625,66333.5078125,83716096,0.0,0.0
2026-03-29 18:15:00+00:00,66342.78125,66388.3359375,66322.8359375,66346.1015625,10274816,0.0,0.0
2026-03-29 18:30:00+00:00,66342.3984375,66449.1171875,66342.3984375,66398.7734375,34314240,0.0,0.0
2026-03-29 18:45:00+00:00,66382.4921875,66400.1953125,66343.546875,66368.765625,96204800,0.0,0.0
2026-03-29 19:00:00+00:00,66370.5,66391.671875,66344.8515625,66366.53125,79521792,0.0,0.0
2026-03-29 19:15:00+00:00,66373.984375,66411.25,66360.921875,66363.1328125,22792192,0.0,0.0
2026-03-29 19:30:00+00:00,66366.578125,66415.1640625,66308.046875,66329.875,203931648,0.0,0.0
2026-03-29 19:45:00+00:00,66330.1484375,66361.4140625,66290.3046875,66290.3046875,151656448,0.0,0.0
2026-03-29 20:00:00+00:00,66294.15625,66425.3125,66294.15625,66408.3515625,0,0.0,0.0
2026-03-29 20:15:00+00:00,66407.609375,66710.8046875,66407.609375,66659.3203125,100022272,0.0,0.0
2026-03-29 20:30:00+00:00,66666.28125,66666.28125,66578.1953125,66578.1953125,268259328,0.0,0.0
2026-03-29 20:45:00+00:00,66545.5078125,66566.1953125,66520.765625,66540.9609375,232742912,0.0,0.0
2026-03-29 21:00:00+00:00,66557.625,66606.703125,66504.6875,66506.28125,63727616,0.0,0.0
2026-03-29 21:15:00+00:00,66503.53125,66597.0625,66486.296875,66596.984375,9707520,0.0,0.0
2026-03-29 21:30:00+00:00,66605.5,66638.15625,66566.6640625,66576.7890625,43386880,0.0,0.0
2026-03-29 21:45:00+00:00,66584.0078125,66693.1015625,66584.0078125,66677.4140625,138442752,0.0,0.0
2026-03-29 22:00:00+00:00,66672.9296875,66672.9296875,66192.9296875,66216.421875,26279936,0.0,0.0
2026-03-29 22:15:00+00:00,66268.65625,66371.2734375,66235.953125,66348.421875,339388416,0.0,0.0
2026-03-29 22:30:00+00:00,66335.2734375,66356.3671875,65612.1015625,65612.1015625,126232576,0.0,0.0
2026-03-29 22:45:00+00:00,65646.15625,65872.296875,65036.53125,65802.9296875,1519095808,0.0,0.0
2026-03-29 23:00:00+00:00,65802.6875,66140.265625,65802.6875,66069.2109375,1006460928,0.0,0.0
2026-03-29 23:15:00+00:00,66054.265625,66180.78125,65924.046875,65950.9453125,183898112,0.0,0.0
2026-03-29 23:30:00+00:00,65966.0625,66033.1484375,65835.7734375,65937.2109375,244211712,0.0,0.0
2026-03-29 23:45:00+00:00,65966.6484375,66061.65625,65851.890625,65958.3515625,308439040,0.0,0.0
2026-03-30 00:00:00+00:00,65957.6015625,66003.0390625,65799.6484375,65832.984375,142974976,0.0,0.0
2026-03-30 00:15:00+00:00,65811.59375,66876.328125,65773.0546875,66637.4140625,745433088,0.0,0.0
2026-03-30 00:30:00+00:00,66532.4609375,66642.4140625,66183.125,66243.21875,525840384,0.0,0.0
2026-03-30 00:45:00+00:00,66264.03125,66349.9296875,66099.859375,66259.03125,188422144,0.0,0.0
2026-03-30 01:00:00+00:00,66234.484375,66456.6015625,66234.484375,66333.46875,505102336,0.0,0.0
2026-03-30 01:15:00+00:00,66346.9296875,66579.09375,66301.890625,66579.09375,87291904,0.0,0.0
2026-03-30 01:30:00+00:00,66557.015625,66645.96875,66508.2890625,66527.0,274896896,0.0,0.0
2026-03-30 01:45:00+00:00,66575.4140625,66751.1875,66575.4140625,66585.34375,86820864,0.0,0.0
2026-03-30 02:00:00+00:00,66579.6796875,66764.1015625,66550.625,66692.3359375,561231872,0.0,0.0
2026-03-30 02:15:00+00:00,66775.5234375,66775.5234375,66638.4453125,66669.6171875,251406336,0.0,0.0
2026-03-30 02:30:00+00:00,66678.8203125,66803.2109375,66568.0703125,66803.2109375,237568000,0.0,0.0
2026-03-30 02:45:00+00:00,66944.8359375,67286.265625,66944.8359375,67039.9296875,624293888,0.0,0.0
2026-03-30 03:00:00+00:00,67087.5078125,67087.5078125,66934.859375,66949.390625,1054816256,0.0,0.0
2026-03-30 03:15:00+00:00,66939.9453125,67216.2421875,66939.9453125,67168.34375,212279296,0.0,0.0
2026-03-30 03:30:00+00:00,67156.0546875,67218.75,67085.2109375,67145.109375,120805376,0.0,0.0
2026-03-30 03:45:00+00:00,67141.3203125,67224.9609375,67083.1015625,67106.546875,244254720,0.0,0.0
2026-03-30 04:00:00+00:00,67091.390625,67391.6171875,67091.390625,67337.3515625,247558144,0.0,0.0
2026-03-30 04:15:00+00:00,67347.5625,67540.75,67326.6328125,67540.75,382777344,0.0,0.0
2026-03-30 04:30:00+00:00,67396.8359375,67459.234375,67346.4765625,67346.4765625,393078784,0.0,0.0
2026-03-30 04:45:00+00:00,67349.4375,67561.2578125,67349.4375,67541.890625,268556288,0.0,0.0
2026-03-30 05:00:00+00:00,67559.140625,67640.2421875,67559.140625,67623.7265625,400924672,0.0,0.0
2026-03-30 05:15:00+00:00,67582.75,67655.2265625,67548.0078125,67630.3359375,229337088,0.0,0.0
2026-03-30 05:30:00+00:00,67626.734375,67627.9921875,67459.78125,67459.78125,139356160,0.0,0.0
2026-03-30 05:45:00+00:00,67456.0078125,67493.78125,67402.3515625,67476.421875,123838464,0.0,0.0
2026-03-30 06:00:00+00:00,67452.453125,67517.578125,67376.2734375,67391.4296875,60327936,0.0,0.0
2026-03-30 06:15:00+00:00,67384.34375,67385.6015625,67259.65625,67276.59375,244770816,0.0,0.0
2026-03-30 06:30:00+00:00,67268.3984375,67301.5625,67246.5546875,67301.5625,336076800,0.0,0.0
2026-03-30 06:45:00+00:00,67317.015625,67352.5234375,67270.421875,67274.3828125,237838336,0.0,0.0
2026-03-30 07:00:00+00:00,67252.828125,67378.7265625,67193.8203125,67329.3359375,217952256,0.0,0.0
2026-03-30 07:15:00+00:00,67320.8125,67355.546875,67261.3828125,67264.1953125,127514624,0.0,0.0
2026-03-30 07:30:00+00:00,67274.4375,67353.0703125,67252.53125,67265.8359375,28688384,0.0,0.0
2026-03-30 07:45:00+00:00,67266.9140625,67512.0078125,67264.203125,67502.453125,260462592,0.0,0.0
2026-03-30 08:00:00+00:00,67554.953125,67816.8125,67554.953125,67776.5,707063808,0.0,0.0
2026-03-30 08:15:00+00:00,67830.078125,67830.078125,67691.46875,67712.8359375,844277760,0.0,0.0
2026-03-30 08:30:00+00:00,67707.21875,67779.3984375,67692.5390625,67693.8125,382181376,0.0,0.0
2026-03-30 08:45:00+00:00,67711.96875,67748.7265625,67616.2734375,67619.65625,557285376,0.0,0.0
2026-03-30 09:00:00+00:00,67616.3671875,67621.3125,67561.9921875,67569.4453125,372226048,0.0,0.0
2026-03-30 09:15:00+00:00,67561.0234375,67596.6953125,67464.0078125,67474.796875,201607168,0.0,0.0
2026-03-30 09:30:00+00:00,67470.0703125,67477.3984375,67415.8359375,67461.3125,177430528,0.0,0.0
2026-03-30 09:45:00+00:00,67505.109375,67530.7265625,67439.0625,67453.9765625,144093184,0.0,0.0
2026-03-30 10:00:00+00:00,67448.46875,67448.46875,67374.421875,67374.9921875,48580608,0.0,0.0
2026-03-30 10:15:00+00:00,67385.421875,67435.125,67371.609375,67371.609375,0,0.0,0.0
2026-03-30 10:30:00+00:00,67371.078125,67377.671875,67341.5859375,67355.796875,86614016,0.0,0.0
2026-03-30 10:45:00+00:00,67367.3125,67465.34375,67367.3125,67438.390625,98787328,0.0,0.0
2026-03-30 11:00:00+00:00,67443.2265625,67531.6875,67443.2265625,67526.4765625,10598400,0.0,0.0
2026-03-30 11:15:00+00:00,67533.1015625,67840.6015625,67499.7734375,67613.5859375,176914432,0.0,0.0
2026-03-30 11:30:00+00:00,67633.7578125,67659.9921875,67491.203125,67554.4453125,479418368,0.0,0.0
2026-03-30 11:45:00+00:00,67539.3828125,67666.453125,67539.3828125,67602.984375,179034112,0.0,0.0
2026-03-30 12:00:00+00:00,67624.53125,67809.1953125,67615.203125,67809.1953125,105105408,0.0,0.0
2026-03-30 12:15:00+00:00,67805.828125,67909.1640625,67781.3359375,67825.171875,148373504,0.0,0.0
2026-03-30 12:30:00+00:00,67882.46875,67919.5078125,67793.8828125,67824.6953125,647421952,0.0,0.0
2026-03-30 12:45:00+00:00,67844.7890625,67889.4296875,67815.4296875,67863.6015625,152014848,0.0,0.0
2026-03-30 13:00:00+00:00,67853.6953125,67906.25,67821.2734375,67879.2578125,76546048,0.0,0.0
2026-03-30 13:15:00+00:00,67867.5859375,68069.59375,67839.0,67884.3125,411455488,0.0,0.0
2026-03-30 13:30:00+00:00,67834.5234375,67930.1328125,67716.015625,67733.984375,540661760,0.0,0.0
2026-03-30 13:45:00+00:00,67688.578125,67744.953125,67478.3203125,67478.3203125,480260096,0.0,0.0
2026-03-30 14:00:00+00:00,67461.21875,67656.1015625,67457.8125,67656.1015625,453156864,0.0,0.0
2026-03-30 14:15:00+00:00,67627.1640625,67627.1640625,67303.7265625,67303.7265625,75773952,0.0,0.0
2026-03-30 14:30:00+00:00,67255.4453125,67309.1484375,67099.046875,67142.0390625,897318912,0.0,0.0
2026-03-30 14:45:00+00:00,67104.7109375,67811.078125,67104.7109375,67757.8203125,519352320,0.0,0.0
2026-03-30 15:00:00+00:00,67753.5625,67760.3125,67556.96875,67643.40625,486080512,0.0,0.0
2026-03-30 15:15:00+00:00,67554.4140625,67554.4140625,67398.2109375,67499.2734375,146489344,0.0,0.0
2026-03-30 15:30:00+00:00,67485.65625,67823.1171875,67453.2734375,67716.609375,160149504,0.0,0.0
2026-03-30 15:45:00+00:00,67702.8046875,67727.6015625,67578.46875,67578.46875,291078144,0.0,0.0
2026-03-30 16:00:00+00:00,67587.203125,67587.203125,67325.7265625,67395.3359375,190713856,0.0,0.0
2026-03-30 16:15:00+00:00,67406.5390625,67419.6171875,67253.0546875,67303.3828125,78741504,0.0,0.0
2026-03-30 16:30:00+00:00,67306.28125,67431.2734375,67281.03125,67334.65625,212189184,0.0,0.0
2026-03-30 16:45:00+00:00,67330.90625,67385.8046875,67220.7421875,67274.59375,150908928,0.0,0.0
2026-03-30 17:00:00+00:00,67303.3203125,67375.0390625,67155.8046875,67155.8046875,438091776,0.0,0.0
2026-03-30 17:15:00+00:00,67138.7578125,67138.7578125,66664.7890625,66705.296875,221454336,0.0,0.0
2026-03-30 17:30:00+00:00,66745.1171875,66874.1796875,66721.09375,66852.4140625,437989376,0.0,0.0
2026-03-30 17:45:00+00:00,66896.8203125,66917.9921875,66727.1640625,66727.1640625,190099456,0.0,0.0
2026-03-30 18:00:00+00:00,66764.703125,66823.0625,66694.859375,66716.4375,207917056,0.0,0.0
2026-03-30 18:15:00+00:00,66771.4765625,66800.515625,66570.9921875,66646.1875,199299072,0.0,0.0
2026-03-30 18:30:00+00:00,66637.9375,66753.59375,66565.5625,66687.5859375,820219904,0.0,0.0
2026-03-30 18:45:00+00:00,66684.90625,66731.0625,66468.46875,66535.0078125,234442752,0.0,0.0
2026-03-30 19:00:00+00:00,66594.2734375,66594.2734375,66291.921875,66313.125,350212096,0.0,0.0
2026-03-30 19:15:00+00:00,66377.4375,66387.3515625,66211.5234375,66302.5234375,319131648,0.0,0.0
2026-03-30 19:30:00+00:00,66257.8203125,66330.3359375,66228.15625,66251.8125,164569088,0.0,0.0
2026-03-30 19:45:00+00:00,66290.4296875,66502.34375,66269.5859375,66424.765625,135913472,0.0,0.0
2026-03-30 20:00:00+00:00,66480.578125,66609.9453125,66480.578125,66563.0703125,191393792,0.0,0.0
2026-03-30 20:15:00+00:00,66553.75,66606.703125,66509.109375,66595.9296875,65576960,0.0,0.0
2026-03-30 20:30:00+00:00,66595.765625,66610.4921875,66505.2421875,66599.59375,227024896,0.0,0.0
2026-03-30 20:45:00+00:00,66599.8515625,66617.78125,66568.2578125,66608.578125,229908480,0.0,0.0
2026-03-30 21:00:00+00:00,66594.25,66706.4921875,66550.0234375,66697.484375,20312064,0.0,0.0
2026-03-30 21:15:00+00:00,66736.4921875,66930.125,66736.4921875,66819.0625,268967936,0.0,0.0
2026-03-30 21:30:00+00:00,66816.2578125,66920.0,66782.59375,66903.6328125,1158729728,0.0,0.0
2026-03-30 21:45:00+00:00,66881.1015625,66881.1015625,66763.3046875,66763.3046875,63250432,0.0,0.0
2026-03-30 22:00:00+00:00,66758.3671875,66928.9453125,66665.78125,66713.6953125,33558528,0.0,0.0
2026-03-30 22:15:00+00:00,66734.828125,66824.796875,66734.828125,66772.7890625,0,0.0,0.0
2026-03-30 22:30:00+00:00,66775.6640625,66800.0078125,66727.640625,66788.421875,1523712,0.0,0.0
2026-03-30 22:45:00+00:00,66792.46875,66792.46875,66650.421875,66739.3828125,0,0.0,0.0
2026-03-30 23:00:00+00:00,66735.6875,66735.6875,66378.109375,66466.328125,0,0.0,0.0
2026-03-30 23:15:00+00:00,66496.1953125,66656.3046875,66496.1953125,66653.171875,39706624,0.0,0.0
2026-03-30 23:30:00+00:00,66650.0,66723.5234375,66625.75,66708.2265625,45305856,0.0,0.0
2026-03-30 23:45:00+00:00,66705.53125,66709.875,66681.3046875,66694.5859375,0,0.0,0.0
2026-03-31 00:00:00+00:00,66727.5234375,66727.5234375,66532.375,66579.9140625,1720320,0.0,0.0
2026-03-31 00:15:00+00:00,66607.1328125,66735.46875,66507.421875,66734.9921875,0,0.0,0.0
2026-03-31 00:30:00+00:00,66753.5859375,66875.484375,66727.8984375,66808.7734375,94515200,0.0,0.0
2026-03-31 00:45:00+00:00,67063.921875,67225.8984375,66998.3125,67084.796875,142532608,0.0,0.0
2026-03-31 01:00:00+00:00,67140.5390625,67222.875,67021.2109375,67148.90625,469999616,0.0,0.0
2026-03-31 01:15:00+00:00,67200.8515625,67761.9140625,67200.8515625,67665.21875,172314624,0.0,0.0
2026-03-31 01:30:00+00:00,67716.2578125,68292.8125,67716.2578125,67882.8828125,1528549376,0.0,0.0
2026-03-31 01:45:00+00:00,67892.8984375,67970.7109375,67776.1796875,67933.984375,226398208,0.0,0.0
2026-03-31 02:00:00+00:00,67901.2578125,67901.2578125,67765.625,67847.875,1300905984,0.0,0.0
2026-03-31 02:15:00+00:00,67855.2578125,68028.9375,67855.2578125,67984.0859375,55062528,0.0,0.0
2026-03-31 02:30:00+00:00,67976.0859375,67980.1875,67839.703125,67891.453125,221007872,0.0,0.0
2026-03-31 02:45:00+00:00,67935.875,68019.421875,67875.953125,67948.859375,0,0.0,0.0
2026-03-31 03:00:00+00:00,67932.046875,67949.8671875,67793.078125,67896.875,0,0.0,0.0
2026-03-31 03:15:00+00:00,67864.328125,67876.015625,67780.3984375,67780.3984375,0,0.0,0.0
2026-03-31 03:30:00+00:00,67790.0,67839.359375,67630.375,67665.6796875,205844480,0.0,0.0
2026-03-31 03:45:00+00:00,67667.109375,67692.5859375,67610.25,67651.0625,11157504,0.0,0.0
2026-03-31 04:00:00+00:00,67653.84375,67712.625,67535.3203125,67535.3203125,0,0.0,0.0
2026-03-31 04:15:00+00:00,67586.1484375,67788.0078125,67495.09375,67510.6875,1298432,0.0,0.0
2026-03-31 04:30:00+00:00,67535.453125,67593.625,67483.7421875,67559.3515625,59686912,0.0,0.0
2026-03-31 04:45:00+00:00,67560.921875,67621.0390625,67471.7109375,67482.0234375,61411328,0.0,0.0
2026-03-31 05:00:00+00:00,67489.15625,67531.0390625,67399.375,67413.328125,172904448,0.0,0.0
2026-03-31 05:15:00+00:00,67366.65625,67599.5078125,67362.265625,67599.5078125,505982976,0.0,0.0
2026-03-31 05:30:00+00:00,67587.625,67650.3359375,67528.625,67602.671875,268427264,0.0,0.0
2026-03-31 05:45:00+00:00,67611.0859375,67713.53125,67611.0859375,67622.9765625,139825152,0.0,0.0
2026-03-31 06:00:00+00:00,67632.703125,67632.703125,67442.4921875,67442.4921875,294785024,0.0,0.0
2026-03-31 06:15:00+00:00,67437.2265625,67439.125,67320.5546875,67361.5234375,0,0.0,0.0
2026-03-31 06:30:00+00:00,67345.2734375,67401.3203125,67316.7109375,67356.03125,549765120,0.0,0.0
2026-03-31 06:45:00+00:00,67368.4765625,67475.84375,67368.4765625,67456.2890625,0,0.0,0.0
2026-03-31 07:00:00+00:00,67439.3359375,67451.171875,67252.6796875,67252.6796875,130838528,0.0,0.0
2026-03-31 07:15:00+00:00,67257.109375,67257.109375,67084.0625,67242.3671875,267964416,0.0,0.0
2026-03-31 07:30:00+00:00,67236.875,67288.2265625,67200.578125,67271.1875,304046080,0.0,0.0
2026-03-31 07:45:00+00:00,67266.6171875,67372.953125,67266.6171875,67316.1640625,312512512,0.0,0.0
2026-03-31 08:00:00+00:00,67315.796875,67433.5546875,67252.7265625,67332.78125,0,0.0,0.0
2026-03-31 08:15:00+00:00,67318.5234375,67373.2734375,67263.375,67263.375,513347584,0.0,0.0
2026-03-31 08:30:00+00:00,67251.265625,67251.265625,66815.890625,66875.578125,41070592,0.0,0.0
2026-03-31 08:45:00+00:00,66792.0703125,66856.625,66732.75,66766.40625,240979968,0.0,0.0
2026-03-31 09:00:00+00:00,66738.4765625,66827.4765625,66567.4296875,66632.6328125,224821248,0.0,0.0
2026-03-31 09:15:00+00:00,66633.4296875,66639.984375,66353.34375,66377.8203125,389484544,0.0,0.0
2026-03-31 09:30:00+00:00,66362.390625,66439.8828125,66352.546875,66439.8828125,271331328,0.0,0.0
2026-03-31 09:45:00+00:00,66444.640625,66444.640625,65980.9765625,66037.6875,157331456,0.0,0.0
2026-03-31 10:00:00+00:00,66107.5078125,66302.6171875,66092.1796875,66302.6171875,483667968,0.0,0.0
2026-03-31 10:15:00+00:00,66312.171875,66392.828125,66310.3671875,66316.3046875,92864512,0.0,0.0
2026-03-31 10:30:00+00:00,66315.03125,66351.9921875,66194.1015625,66194.328125,224616448,0.0,0.0
2026-03-31 10:45:00+00:00,66214.421875,66398.21875,66210.5,66294.359375,461844480,0.0,0.0
2026-03-31 11:00:00+00:00,66305.7109375,66441.359375,66202.2109375,66441.359375,233054208,0.0,0.0
2026-03-31 11:15:00+00:00,66496.7734375,66778.96875,66496.7734375,66601.7265625,529166336,0.0,0.0
2026-03-31 11:30:00+00:00,66579.75,66761.1171875,66579.75,66702.6796875,0,0.0,0.0
2026-03-31 11:45:00+00:00,66687.7109375,66687.7109375,66539.8125,66638.390625,165216256,0.0,0.0
2026-03-31 12:00:00+00:00,66629.9375,66711.09375,66557.46875,66573.7265625,0,0.0,0.0
2026-03-31 12:15:00+00:00,66517.9765625,66713.90625,66490.625,66687.1484375,398299136,0.0,0.0
2026-03-31 12:30:00+00:00,66742.890625,66861.7421875,66683.6328125,66830.3125,581406720,0.0,0.0
2026-03-31 12:45:00+00:00,66837.1171875,66840.4921875,66597.4375,66617.140625,158552064,0.0,0.0
2026-03-31 13:00:00+00:00,66630.609375,66763.6875,66630.609375,66759.09375,174510080,0.0,0.0
2026-03-31 13:15:00+00:00,66763.09375,66881.171875,66730.0390625,66748.1171875,69914624,0.0,0.0
2026-03-31 13:30:00+00:00,66745.6796875,67079.5625,66715.171875,67079.5625,14123008,0.0,0.0
2026-03-31 13:45:00+00:00,66927.625,67321.1328125,66927.625,67197.9765625,437243904,0.0,0.0
2026-03-31 14:00:00+00:00,67202.6015625,67432.9453125,67109.7734375,67238.2734375,56848384,0.0,0.0
2026-03-31 14:15:00+00:00,67284.1484375,67667.7421875,67284.1484375,67572.65625,237264896,0.0,0.0
2026-03-31 14:30:00+00:00,67667.2578125,67667.2578125,67067.0234375,67067.0234375,121176064,0.0,0.0
2026-03-31 14:45:00+00:00,67154.0,67154.0,66478.3984375,66552.484375,192831488,0.0,0.0
2026-03-31 15:00:00+00:00,66609.2734375,67095.0546875,66609.2734375,67095.0546875,166731776,0.0,0.0
2026-03-31 15:15:00+00:00,67190.75,67210.8828125,66928.890625,66928.890625,178790400,0.0,0.0
2026-03-31 15:30:00+00:00,66888.71875,67048.3515625,66844.4921875,66915.9140625,392097792,0.0,0.0
2026-03-31 15:45:00+00:00,66865.515625,66997.515625,66695.515625,66695.515625,0,0.0,0.0
2026-03-31 16:00:00+00:00,66753.0078125,66928.25,66732.5,66812.2734375,508583936,0.0,0.0
2026-03-31 16:15:00+00:00,66874.6015625,67108.8515625,66874.6015625,67085.6640625,81235968,0.0,0.0
2026-03-31 16:30:00+00:00,67038.640625,67924.3515625,66914.671875,67853.546875,405688320,0.0,0.0
2026-03-31 16:45:00+00:00,67721.328125,67792.0546875,67517.1484375,67551.109375,797831168,0.0,0.0
2026-03-31 17:00:00+00:00,67590.2265625,68005.6015625,67569.4140625,67956.21875,995667968,0.0,0.0
2026-03-31 17:15:00+00:00,68399.34375,68399.34375,67964.953125,67964.953125,870019072,0.0,0.0
2026-03-31 17:30:00+00:00,67970.7265625,68000.484375,67621.375,67641.0703125,196259840,0.0,0.0
2026-03-31 17:45:00+00:00,67621.6640625,67676.515625,67396.1328125,67426.0546875,274608128,0.0,0.0
2026-03-31 18:00:00+00:00,67461.6953125,67689.28125,67461.6953125,67684.4609375,69545984,0.0,0.0
2026-03-31 18:15:00+00:00,67717.03125,67839.4453125,67600.9140625,67718.2578125,914153472,0.0,0.0
2026-03-31 18:30:00+00:00,67723.34375,67801.5,67607.828125,67744.9375,46768128,0.0,0.0
2026-03-31 18:45:00+00:00,67750.640625,67873.828125,67716.859375,67720.03125,94306304,0.0,0.0
2026-03-31 19:00:00+00:00,67788.4375,67953.578125,67788.4375,67945.21875,502808576,0.0,0.0
2026-03-31 19:15:00+00:00,67946.3828125,67946.3828125,67833.0390625,67842.7890625,0,0.0,0.0
2026-03-31 19:30:00+00:00,67824.203125,67836.703125,67701.6328125,67726.3359375,179163136,0.0,0.0
2026-03-31 19:45:00+00:00,67772.7578125,67901.21875,67738.65625,67760.78125,117633024,0.0,0.0
2026-03-31 20:00:00+00:00,67817.828125,68111.421875,67817.828125,68111.421875,0,0.0,0.0
2026-03-31 20:15:00+00:00,68088.6171875,68090.46875,67910.5078125,67919.1484375,440983552,0.0,0.0
2026-03-31 20:30:00+00:00,67928.40625,68063.59375,67911.84375,67983.34375,127328256,0.0,0.0
2026-03-31 20:45:00+00:00,67985.984375,68184.640625,67974.125,68184.640625,205373440,0.0,0.0
2026-03-31 21:00:00+00:00,68192.359375,68192.359375,67938.7421875,67947.484375,78479360,0.0,0.0
2026-03-31 21:15:00+00:00,67950.3046875,67993.5234375,67852.984375,67951.625,283852800,0.0,0.0
2026-03-31 21:30:00+00:00,67994.28125,68102.9609375,67994.28125,68102.9609375,328040448,0.0,0.0
2026-03-31 21:45:00+00:00,68094.828125,68309.3203125,68094.828125,68185.9765625,148205568,0.0,0.0
2026-03-31 22:00:00+00:00,68219.96875,68231.4765625,68021.7265625,68070.6640625,137019392,0.0,0.0
2026-03-31 22:15:00+00:00,68156.2421875,68228.421875,68059.4609375,68090.1015625,215949312,0.0,0.0
2026-03-31 22:30:00+00:00,68080.6640625,68103.3359375,67956.28125,68103.3359375,116064256,0.0,0.0
2026-03-31 22:45:00+00:00,68152.4296875,68152.4296875,68059.625,68148.875,453971968,0.0,0.0
2026-03-31 23:00:00+00:00,68135.40625,68196.9609375,68043.8828125,68187.859375,62259200,0.0,0.0
2026-03-31 23:15:00+00:00,68133.21875,68293.5390625,68133.21875,68205.296875,131473408,0.0,0.0
2026-03-31 23:30:00+00:00,68213.8828125,68299.4375,68202.6484375,68274.3828125,29286400,0.0,0.0
2026-03-31 23:45:00+00:00,68267.90625,68267.90625,68161.34375,68232.890625,29446144,0.0,0.0
2026-04-01 00:00:00+00:00,68224.46875,68224.46875,68014.0703125,68027.6328125,0,0.0,0.0
2026-04-01 00:15:00+00:00,67985.9296875,68146.9453125,67890.1171875,67890.1171875,248680448,0.0,0.0
2026-04-01 00:30:00+00:00,67926.234375,67970.3515625,67823.25,67953.9609375,111329280,0.0,0.0
2026-04-01 00:45:00+00:00,67991.3984375,68232.4765625,67986.8515625,68230.671875,41857024,0.0,0.0
2026-04-01 01:00:00+00:00,68245.1171875,68270.3046875,68129.2265625,68241.6015625,51310592,0.0,0.0
2026-04-01 01:15:00+00:00,68202.3203125,68202.3203125,68004.640625,68004.640625,87617536,0.0,0.0
2026-04-01 01:30:00+00:00,68021.5625,68027.890625,67801.0859375,67828.203125,0,0.0,0.0
2026-04-01 01:45:00+00:00,67886.2578125,67888.6171875,67744.7734375,67745.234375,0,0.0,0.0
2026-04-01 02:00:00+00:00,67733.984375,67818.9453125,67715.140625,67715.140625,557371392,0.0,0.0
2026-04-01 02:15:00+00:00,67750.9140625,67843.6796875,67602.421875,67602.421875,151707648,0.0,0.0
2026-04-01 02:30:00+00:00,67591.140625,67644.0,67582.125,67598.4609375,228118528,0.0,0.0
2026-04-01 02:45:00+00:00,67609.0625,67672.609375,67565.3984375,67588.2421875,155316224,0.0,0.0
2026-04-01 03:00:00+00:00,67599.8046875,68027.640625,67599.8046875,67966.9609375,203177984,0.0,0.0
2026-04-01 03:15:00+00:00,67938.1015625,67961.2421875,67881.03125,67883.265625,134467584,0.0,0.0
2026-04-01 03:30:00+00:00,67902.6328125,67966.6328125,67873.671875,67966.6328125,369340416,0.0,0.0
2026-04-01 03:45:00+00:00,68000.703125,68151.8671875,68000.703125,68083.9375,177016832,0.0,0.0
2026-04-01 04:00:00+00:00,68097.21875,68169.8125,68004.875,68009.1171875,621735936,0.0,0.0
2026-04-01 04:15:00+00:00,68023.34375,68151.953125,68001.984375,68100.265625,71213056,0.0,0.0
2026-04-01 04:30:00+00:00,68116.140625,68211.0390625,68078.0859375,68199.375,0,0.0,0.0
2026-04-01 04:45:00+00:00,68180.34375,68294.9140625,68156.515625,68231.046875,122040320,0.0,0.0
2026-04-01 05:00:00+00:00,68251.6484375,68267.4375,68114.7265625,68267.4375,0,0.0,0.0
2026-04-01 05:15:00+00:00,68364.3203125,68650.8515625,68318.234375,68540.6796875,2627686400,0.0,0.0
2026-04-01 05:30:00+00:00,68538.84375,68577.59375,68441.7109375,68515.4140625,519946240,0.0,0.0
2026-04-01 05:45:00+00:00,68474.9140625,68498.390625,68399.4296875,68399.7578125,84684800,0.0,0.0
2026-04-01 06:00:00+00:00,68401.53125,68611.4296875,68401.53125,68603.359375,0,0.0,0.0
2026-04-01 06:15:00+00:00,68597.0234375,68830.0546875,68597.0234375,68830.0546875,260636672,0.0,0.0
2026-04-01 06:30:00+00:00,68820.8828125,69025.09375,68782.9921875,69025.09375,495230976,0.0,0.0
2026-04-01 06:45:00+00:00,69160.7578125,69160.7578125,69008.40625,69125.265625,279932928,0.0,0.0
2026-04-01 07:00:00+00:00,69079.140625,69204.46875,69079.140625,69132.453125,796770304,0.0,0.0
2026-04-01 07:15:00+00:00,69129.875,69141.9765625,68845.5078125,68933.671875,292782080,0.0,0.0
2026-04-01 07:30:00+00:00,68890.0703125,68943.984375,68843.9453125,68853.015625,112222208,0.0,0.0
2026-04-01 07:45:00+00:00,68840.109375,68843.7734375,68651.3828125,68651.3828125,0,0.0,0.0
2026-04-01 08:00:00+00:00,68654.0,68698.5234375,68511.3671875,68577.296875,6692864,0.0,0.0
2026-04-01 08:15:00+00:00,68540.2734375,68707.6484375,68467.265625,68688.34375,542842880,0.0,0.0
2026-04-01 08:30:00+00:00,68697.65625,68809.0859375,68697.65625,68706.4375,151289856,0.0,0.0
2026-04-01 08:45:00+00:00,68742.9765625,68749.7421875,68578.5625,68671.5390625,0,0.0,0.0
2026-04-01 09:00:00+00:00,68636.90625,68690.46875,68454.2890625,68457.234375,0,0.0,0.0
2026-04-01 09:15:00+00:00,68465.5234375,68508.2734375,68368.171875,68508.2734375,0,0.0,0.0
2026-04-01 09:30:00+00:00,68526.6875,68565.4296875,68395.5859375,68444.6953125,0,0.0,0.0
2026-04-01 09:45:00+00:00,68440.3671875,68645.6640625,68440.3671875,68618.8515625,142569472,0.0,0.0
2026-04-01 10:00:00+00:00,68620.6328125,68629.75,68496.1640625,68556.03125,867233792,0.0,0.0
2026-04-01 10:15:00+00:00,68519.640625,68577.5859375,68483.625,68497.3046875,112807936,0.0,0.0
2026-04-01 10:30:00+00:00,68488.625,68525.1875,68404.09375,68506.859375,0,0.0,0.0
2026-04-01 10:45:00+00:00,68496.9765625,68575.9375,68418.796875,68496.25,113168384,0.0,0.0
2026-04-01 11:00:00+00:00,68539.9140625,68575.265625,68488.0390625,68558.8671875,129277952,0.0,0.0
2026-04-01 11:15:00+00:00,68596.2890625,68606.0234375,68518.0546875,68562.515625,595525632,0.0,0.0
2026-04-01 11:30:00+00:00,68555.6796875,68590.09375,68529.359375,68529.359375,26566656,0.0,0.0
2026-04-01 11:45:00+00:00,68581.5546875,68696.3515625,68581.5546875,68687.2265625,3809280,0.0,0.0
2026-04-01 12:00:00+00:00,68687.5546875,68687.5546875,68475.9921875,68531.3359375,139378688,0.0,0.0
2026-04-01 12:15:00+00:00,68537.515625,68631.7734375,68492.6015625,68495.71875,76718080,0.0,0.0
2026-04-01 12:30:00+00:00,68495.5625,68530.859375,68291.765625,68305.1484375,98795520,0.0,0.0
2026-04-01 12:45:00+00:00,68423.796875,68579.765625,68334.515625,68334.515625,1049542656,0.0,0.0
2026-04-01 13:00:00+00:00,68346.671875,68385.3203125,68161.65625,68385.3203125,114122752,0.0,0.0
2026-04-01 13:15:00+00:00,68395.8359375,68558.5703125,68395.8359375,68545.6171875,294465536,0.0,0.0
2026-04-01 13:30:00+00:00,68534.3984375,68551.15625,68006.921875,68006.921875,0,0.0,0.0
2026-04-01 13:45:00+00:00,68085.2890625,68192.375,67969.1171875,68154.0546875,180723712,0.0,0.0
2026-04-01 14:00:00+00:00,68082.6953125,68211.8359375,68054.28125,68157.9921875,0,0.0,0.0
2026-04-01 14:15:00+00:00,68214.1953125,68458.359375,68214.1953125,68458.359375,97517568,0.0,0.0
2026-04-01 14:30:00+00:00,68481.9765625,68568.03125,68278.53125,68365.6953125,111742976,0.0,0.0
2026-04-01 14:45:00+00:00,68366.4609375,68607.71875,68366.4609375,68581.8125,100405248,0.0,0.0
2026-04-01 15:00:00+00:00,68579.0390625,68590.859375,68467.484375,68490.765625,0,0.0,0.0
2026-04-01 15:15:00+00:00,68458.34375,68774.515625,68426.890625,68682.0234375,0,0.0,0.0
2026-04-01 15:30:00+00:00,68719.7109375,68835.453125,68652.6796875,68717.4765625,160022528,0.0,0.0
2026-04-01 15:45:00+00:00,68735.765625,68915.3125,68735.765625,68915.3125,64200704,0.0,0.0
2026-04-01 16:00:00+00:00,68884.7578125,68884.7578125,68637.03125,68675.7421875,0,0.0,0.0
2026-04-01 16:15:00+00:00,68641.9375,68889.359375,68617.0703125,68889.359375,122621952,0.0,0.0
2026-04-01 16:30:00+00:00,68841.734375,68923.234375,68723.15625,68893.8671875,251600896,0.0,0.0
2026-04-01 16:45:00+00:00,68894.578125,68894.578125,68792.8515625,68792.8515625,356491264,0.0,0.0
2026-04-01 17:00:00+00:00,68801.203125,69104.828125,68729.90625,68729.90625,45654016,0.0,0.0
2026-04-01 17:15:00+00:00,68725.40625,68758.8203125,68493.3359375,68512.7734375,329691136,0.0,0.0
2026-04-01 17:30:00+00:00,68458.9921875,68508.359375,68313.984375,68410.390625,0,0.0,0.0
2026-04-01 17:45:00+00:00,68401.40625,68401.40625,68238.046875,68238.046875,10264576,0.0,0.0
2026-04-01 18:00:00+00:00,68238.0390625,68238.0390625,67981.9140625,68109.515625,265379840,0.0,0.0
2026-04-01 18:15:00+00:00,68082.40625,68109.6953125,67993.421875,68073.2265625,130756608,0.0,0.0
2026-04-01 18:30:00+00:00,68075.8125,68258.8828125,68075.8125,68191.7890625,72937472,0.0,0.0
2026-04-01 18:45:00+00:00,68194.75,68194.75,68001.6171875,68006.453125,41721856,0.0,0.0
2026-04-01 19:00:00+00:00,68054.734375,68197.9375,68054.734375,68103.046875,63336448,0.0,0.0
2026-04-01 19:15:00+00:00,68054.3125,68178.640625,68034.3984375,68170.125,93806592,0.0,0.0
2026-04-01 19:30:00+00:00,68218.84375,68237.3515625,68093.8359375,68182.625,73846784,0.0,0.0
2026-04-01 19:45:00+00:00,68138.421875,68249.8125,68122.21875,68152.3203125,134918144,0.0,0.0
2026-04-01 20:00:00+00:00,68129.8046875,68151.0703125,68024.6640625,68062.0,31252480,0.0,0.0
2026-04-01 20:15:00+00:00,68064.3671875,68111.0078125,68015.84375,68053.1796875,38060032,0.0,0.0
2026-04-01 20:30:00+00:00,68024.546875,68124.65625,67985.3671875,68108.5859375,84275200,0.0,0.0
2026-04-01 20:45:00+00:00,68152.5546875,68226.4609375,68148.484375,68173.234375,0,0.0,0.0
2026-04-01 21:00:00+00:00,68171.5,68332.0625,68169.2421875,68307.046875,0,0.0,0.0
2026-04-01 21:15:00+00:00,68263.546875,68485.8671875,68262.0390625,68463.125,0,0.0,0.0
2026-04-01 21:30:00+00:00,68420.6015625,68479.0078125,68330.265625,68334.28125,118312960,0.0,0.0
2026-04-01 21:45:00+00:00,68325.25,68421.5859375,68257.640625,68421.5859375,0,0.0,0.0
2026-04-01 22:00:00+00:00,68375.8828125,68375.8828125,68190.390625,68191.6171875,17244160,0.0,0.0
2026-04-01 22:15:00+00:00,68189.2421875,68231.1875,68075.5625,68155.5390625,93700096,0.0,0.0
2026-04-01 22:30:00+00:00,68177.21875,68264.46875,68151.703125,68219.6953125,115793920,0.0,0.0
2026-04-01 22:45:00+00:00,68223.5859375,68228.140625,68079.734375,68104.0859375,18743296,0.0,0.0
2026-04-01 23:00:00+00:00,68109.8203125,68225.453125,68109.8203125,68181.375,38674432,0.0,0.0
2026-04-01 23:15:00+00:00,68166.9609375,68166.9609375,68089.6328125,68108.8828125,168554496,0.0,0.0
2026-04-01 23:30:00+00:00,68065.4609375,68148.53125,67999.71875,68111.8671875,46768128,0.0,0.0
2026-04-01 23:45:00+00:00,68090.7421875,68142.7421875,68071.5625,68077.8984375,177422336,0.0,0.0
2026-04-02 00:00:00+00:00,68095.265625,68212.921875,68052.53125,68212.921875,25862144,0.0,0.0
2026-04-02 00:15:00+00:00,68200.8359375,68249.65625,68183.109375,68220.171875,0,0.0,0.0
2026-04-02 00:30:00+00:00,68204.1875,68449.2421875,68200.9375,68401.5625,211308544,0.0,0.0
2026-04-02 00:45:00+00:00,68440.59375,68633.1484375,68439.859375,68590.65625,61353984,0.0,0.0
2026-04-02 01:00:00+00:00,68588.5390625,68588.5390625,67769.9921875,68117.421875,420651008,0.0,0.0
2026-04-02 01:15:00+00:00,68141.734375,68141.734375,67382.8046875,67590.6484375,1042964480,0.0,0.0
2026-04-02 01:30:00+00:00,67427.4140625,67427.4140625,67161.921875,67161.921875,483655680,0.0,0.0
2026-04-02 01:45:00+00:00,67236.109375,67342.8828125,67099.5390625,67328.8203125,257851392,0.0,0.0
2026-04-02 02:00:00+00:00,67334.1875,67334.1875,66946.828125,66946.828125,523919360,0.0,0.0
2026-04-02 02:15:00+00:00,66858.2734375,66969.5234375,66825.4375,66904.6171875,456241152,0.0,0.0
2026-04-02 02:30:00+00:00,66897.2890625,66967.0,66720.1484375,66720.1484375,18759680,0.0,0.0
2026-04-02 02:45:00+00:00,66686.6796875,66895.515625,66686.6796875,66880.640625,692486144,0.0,0.0
2026-04-02 03:00:00+00:00,66862.453125,66937.0,66775.390625,66811.375,153739264,0.0,0.0
2026-04-02 03:15:00+00:00,66753.265625,66872.8203125,66728.9921875,66812.7734375,151453696,0.0,0.0
2026-04-02 03:30:00+00:00,66830.984375,66856.109375,66506.125,66556.609375,147021824,0.0,0.0
2026-04-02 03:45:00+00:00,66583.8359375,66606.0390625,66511.15625,66570.546875,238305280,0.0,0.0
2026-04-02 04:00:00+00:00,66566.046875,66624.515625,66548.609375,66548.609375,142884864,0.0,0.0
2026-04-02 04:15:00+00:00,66506.1953125,66579.578125,66371.90625,66377.40625,8777728,0.0,0.0
2026-04-02 04:30:00+00:00,66396.34375,66413.625,66230.2421875,66236.671875,214716416,0.0,0.0
2026-04-02 04:45:00+00:00,66268.84375,66350.2734375,66268.84375,66318.2578125,195637248,0.0,0.0
2026-04-02 05:00:00+00:00,66311.9140625,66434.9140625,66308.21875,66374.390625,106803200,0.0,0.0
2026-04-02 05:15:00+00:00,66368.65625,66457.3515625,66353.7421875,66444.5859375,222781440,0.0,0.0
2026-04-02 05:30:00+00:00,66438.953125,66565.359375,66397.8125,66565.359375,495861760,0.0,0.0
2026-04-02 05:45:00+00:00,66553.7421875,66608.3984375,66456.1953125,66595.1875,192020480,0.0,0.0
2026-04-02 06:00:00+00:00,66585.09375,66600.1953125,66545.984375,66545.984375,69107712,0.0,0.0
2026-04-02 06:15:00+00:00,66556.765625,66743.8515625,66556.765625,66659.125,143958016,0.0,0.0
2026-04-02 06:30:00+00:00,66623.3359375,66652.2890625,66544.078125,66544.078125,0,0.0,0.0
2026-04-02 06:45:00+00:00,66544.3515625,66641.453125,66543.484375,66641.453125,0,0.0,0.0
2026-04-02 07:00:00+00:00,66656.6328125,66681.0078125,66544.8671875,66566.1328125,0,0.0,0.0
2026-04-02 07:15:00+00:00,66570.03125,66685.1015625,66570.03125,66654.28125,0,0.0,0.0
2026-04-02 07:30:00+00:00,66654.734375,66823.140625,66654.734375,66823.140625,549474304,0.0,0.0
2026-04-02 07:45:00+00:00,66849.96875,66915.609375,66849.96875,66915.609375,94167040,0.0,0.0
2026-04-02 08:00:00+00:00,66908.1484375,66908.1484375,66709.1796875,66709.1796875,61517824,0.0,0.0
2026-04-02 08:15:00+00:00,66729.953125,66742.5234375,66613.5078125,66614.9140625,458309632,0.0,0.0
2026-04-02 08:30:00+00:00,66651.109375,66704.421875,66505.4375,66505.4375,0,0.0,0.0
2026-04-02 08:45:00+00:00,66496.171875,66530.125,66445.2734375,66445.2734375,130277376,0.0,0.0
2026-04-02 09:00:00+00:00,66433.671875,66454.3125,66301.4765625,66343.3828125,190799872,0.0,0.0
2026-04-02 09:15:00+00:00,66398.1328125,66482.453125,66366.515625,66482.453125,35213312,0.0,0.0
2026-04-02 09:30:00+00:00,66457.3515625,66474.203125,66413.609375,66447.84375,101724160,0.0,0.0
2026-04-02 09:45:00+00:00,66422.109375,66430.875,66357.234375,66420.6640625,22614016,0.0,0.0
2026-04-02 10:00:00+00:00,66443.3046875,66454.3671875,66225.1875,66268.34375,21688320,0.0,0.0
2026-04-02 10:15:00+00:00,66242.90625,66352.8125,66228.828125,66346.984375,89100288,0.0,0.0
2026-04-02 10:30:00+00:00,66360.8203125,66466.609375,66359.4609375,66466.609375,86994944,0.0,0.0
2026-04-02 10:45:00+00:00,66455.2578125,66461.6796875,66416.0703125,66444.28125,15433728,0.0,0.0
2026-04-02 11:00:00+00:00,66442.875,66450.234375,66247.0078125,66247.0078125,0,0.0,0.0
2026-04-02 11:15:00+00:00,66255.7109375,66424.8046875,66255.7109375,66410.6171875,558104576,0.0,0.0
2026-04-02 11:30:00+00:00,66424.2421875,66450.53125,66311.703125,66321.4609375,0,0.0,0.0
2026-04-02 11:45:00+00:00,66315.0546875,66338.2265625,66170.84375,66194.6484375,88559616,0.0,0.0
2026-04-02 12:00:00+00:00,66202.0,66202.0,66091.875,66165.15625,48336896,0.0,0.0
2026-04-02 12:15:00+00:00,66162.078125,66162.078125,65967.6640625,66121.8984375,395046912,0.0,0.0
2026-04-02 12:30:00+00:00,66122.1484375,66189.5,66108.3671875,66189.5,190853120,0.0,0.0
2026-04-02 12:45:00+00:00,66189.640625,66199.5234375,66032.328125,66032.328125,0,0.0,0.0
2026-04-02 13:00:00+00:00,66025.453125,66122.6171875,65975.6015625,65990.1953125,150405120,0.0,0.0
2026-04-02 13:15:00+00:00,65989.4375,66140.515625,65902.2734375,66140.515625,129363968,0.0,0.0
2026-04-02 13:30:00+00:00,66141.3984375,66141.3984375,65788.75,65802.6015625,460394496,0.0,0.0
2026-04-02 13:45:00+00:00,65848.1875,66204.3046875,65848.1875,66204.3046875,174563328,0.0,0.0
2026-04-02 14:00:00+00:00,66249.2578125,66402.40625,66200.2578125,66379.9453125,170168320,0.0,0.0
2026-04-02 14:15:00+00:00,66376.328125,66448.84375,66239.734375,66239.734375,235577344,0.0,0.0
2026-04-02 14:30:00+00:00,66247.3515625,66929.1875,66247.3515625,66903.640625,605446144,0.0,0.0
2026-04-02 14:45:00+00:00,67029.875,67029.875,66717.6171875,66939.234375,539488256,0.0,0.0
2026-04-02 15:00:00+00:00,66870.296875,66917.203125,66736.140625,66909.2265625,295411712,0.0,0.0
2026-04-02 15:15:00+00:00,66885.1796875,66885.1796875,66669.28125,66835.34375,141508608,0.0,0.0
2026-04-02 15:30:00+00:00,66832.953125,66943.203125,66704.171875,66810.078125,64167936,0.0,0.0
2026-04-02 15:45:00+00:00,66921.5625,66921.5625,66740.5078125,66785.171875,136318976,0.0,0.0
2026-04-02 16:00:00+00:00,66835.65625,66931.1328125,66807.171875,66931.1328125,158646272,0.0,0.0
2026-04-02 16:15:00+00:00,66893.8125,66918.0,66774.828125,66883.875,49016832,0.0,0.0
2026-04-02 16:30:00+00:00,66875.1328125,67178.0546875,66868.921875,67148.4140625,170209280,0.0,0.0
2026-04-02 16:45:00+00:00,67148.734375,67217.4765625,67104.25,67104.25,240320512,0.0,0.0
2026-04-02 17:00:00+00:00,67088.6875,67094.9765625,66866.125,67094.9765625,0,0.0,0.0
2026-04-02 17:15:00+00:00,67139.9375,67384.4453125,67139.9375,67307.09375,270135296,0.0,0.0
2026-04-02 17:30:00+00:00,67244.9453125,67244.9453125,66940.109375,66940.109375,628195328,0.0,0.0
2026-04-02 17:45:00+00:00,66975.7265625,66975.7265625,66671.09375,66671.09375,463319040,0.0,0.0
2026-04-02 18:00:00+00:00,66667.8203125,66767.4765625,66602.015625,66693.3359375,65327104,0.0,0.0
2026-04-02 18:15:00+00:00,66673.3515625,66808.25,66651.8046875,66651.8046875,79097856,0.0,0.0
2026-04-02 18:30:00+00:00,66622.8359375,66773.46875,66622.8359375,66690.3125,172208128,0.0,0.0
2026-04-02 18:45:00+00:00,66720.625,66982.1640625,66720.625,66966.8984375,149557248,0.0,0.0
2026-04-02 19:00:00+00:00,66969.359375,67069.6640625,66941.921875,67044.0078125,131350528,0.0,0.0
2026-04-02 19:15:00+00:00,67040.1875,67071.7734375,66955.84375,67023.046875,154091520,0.0,0.0
2026-04-02 19:30:00+00:00,67011.75,67038.9140625,66884.28125,66963.9296875,113344512,0.0,0.0
2026-04-02 19:45:00+00:00,66925.03125,67041.609375,66925.03125,66993.984375,52256768,0.0,0.0
2026-04-02 20:00:00+00:00,66964.6328125,66964.6328125,66809.7109375,66893.296875,0,0.0,0.0
2026-04-02 20:15:00+00:00,66878.0,66975.4296875,66878.0,66942.015625,47583232,0.0,0.0
2026-04-02 20:30:00+00:00,67039.78125,67084.671875,66965.7578125,67004.015625,272994304,0.0,0.0
2026-04-02 20:45:00+00:00,67016.2421875,67016.2421875,66936.6484375,66940.75,206409728,0.0,0.0
2026-04-02 21:00:00+00:00,66932.421875,66981.0078125,66759.9140625,66803.0703125,1875968,0.0,0.0
2026-04-02 21:15:00+00:00,66797.6796875,66922.3515625,66797.6796875,66842.359375,85499904,0.0,0.0
2026-04-02 21:30:00+00:00,66829.984375,66852.265625,66762.8671875,66762.8671875,32088064,0.0,0.0
2026-04-02 21:45:00+00:00,66774.078125,66912.7578125,66774.078125,66912.7578125,0,0.0,0.0
2026-04-02 22:00:00+00:00,66920.703125,66985.015625,66892.34375,66892.34375,66777088,0.0,0.0
2026-04-02 22:15:00+00:00,66895.640625,66971.7265625,66866.2109375,66896.0234375,4091904,0.0,0.0
2026-04-02 22:30:00+00:00,66888.7109375,66988.8828125,66888.7109375,66977.6484375,225280,0.0,0.0
2026-04-02 22:45:00+00:00,66975.015625,67020.5078125,66918.9765625,67020.5078125,99278848,0.0,0.0
2026-04-02 23:00:00+00:00,66980.140625,67071.5546875,66946.15625,66946.15625,112558080,0.0,0.0
2026-04-02 23:15:00+00:00,66944.40625,67012.9296875,66932.1171875,66945.046875,0,0.0,0.0
2026-04-02 23:30:00+00:00,66930.9375,66948.421875,66885.921875,66891.609375,47267840,0.0,0.0
2026-04-02 23:45:00+00:00,66882.6171875,66893.7421875,66862.4296875,66889.015625,80953344,0.0,0.0
2026-04-03 00:00:00+00:00,66888.4765625,66972.71875,66814.1953125,66822.34375,17481728,0.0,0.0
2026-04-03 00:15:00+00:00,66820.828125,66940.609375,66809.65625,66822.84375,42266624,0.0,0.0
2026-04-03 00:30:00+00:00,66815.953125,66880.1796875,66792.515625,66820.3515625,102080512,0.0,0.0
2026-04-03 00:45:00+00:00,66807.078125,66807.078125,66709.3203125,66753.7578125,0,0.0,0.0
2026-04-03 01:00:00+00:00,66775.6171875,66800.3046875,66739.75,66764.796875,0,0.0,0.0
2026-04-03 01:15:00+00:00,66793.6796875,66864.015625,66743.8984375,66857.0859375,0,0.0,0.0
2026-04-03 01:30:00+00:00,66856.0703125,66881.6796875,66502.9765625,66568.96875,0,0.0,0.0
2026-04-03 01:45:00+00:00,66563.5859375,66599.890625,66495.8125,66599.890625,452878336,0.0,0.0
2026-04-03 02:00:00+00:00,66607.8828125,66607.8828125,66415.1875,66514.7734375,0,0.0,0.0
2026-04-03 02:15:00+00:00,66512.25,66719.828125,66489.7578125,66489.7578125,0,0.0,0.0
2026-04-03 02:30:00+00:00,66416.1015625,66473.9453125,66281.984375,66348.1328125,62476288,0.0,0.0
2026-04-03 02:45:00+00:00,66336.0546875,66500.8671875,66325.7890625,66480.96875,0,0.0,0.0
2026-04-03 03:00:00+00:00,66507.984375,66613.0859375,66488.1328125,66613.0859375,0,0.0,0.0
2026-04-03 03:15:00+00:00,66622.078125,66695.0,66610.03125,66610.03125,46182400,0.0,0.0
2026-04-03 03:30:00+00:00,66603.3359375,66683.9453125,66538.375,66554.1484375,0,0.0,0.0
2026-04-03 03:45:00+00:00,66565.0078125,66608.2890625,66565.0078125,66586.28125,0,0.0,0.0
2026-04-03 04:00:00+00:00,66587.0859375,66635.2734375,66581.40625,66614.3125,0,0.0,0.0
2026-04-03 04:15:00+00:00,66604.2890625,66660.578125,66556.1328125,66571.859375,0,0.0,0.0
2026-04-03 04:30:00+00:00,66545.0,66594.5390625,66508.5859375,66553.7109375,123924480,0.0,0.0
2026-04-03 04:45:00+00:00,66568.6953125,66645.4453125,66568.6953125,66618.578125,85256192,0.0,0.0
2026-04-03 05:00:00+00:00,66604.4765625,66657.0078125,66589.6328125,66589.6328125,0,0.0,0.0
2026-04-03 05:15:00+00:00,66584.734375,66584.734375,66459.9296875,66537.1484375,6414336,0.0,0.0
2026-04-03 05:30:00+00:00,66574.7265625,66747.3046875,66574.7265625,66732.359375,339337216,0.0,0.0
2026-04-03 05:45:00+00:00,66747.15625,66751.96875,66554.4296875,66555.1875,272336896,0.0,0.0
2026-04-03 06:00:00+00:00,66571.5234375,66652.703125,66571.5234375,66627.125,25325568,0.0,0.0
2026-04-03 06:15:00+00:00,66647.1953125,66658.09375,66610.90625,66612.328125,0,0.0,0.0
2026-04-03 06:30:00+00:00,66608.3125,66772.21875,66601.2421875,66738.296875,0,0.0,0.0
2026-04-03 06:45:00+00:00,66733.109375,66770.640625,66719.359375,66764.3125,129550336,0.0,0.0
2026-04-03 07:00:00+00:00,66775.1875,66881.21875,66765.859375,66804.140625,10055680,0.0,0.0
2026-04-03 07:15:00+00:00,66808.40625,66880.7421875,66796.296875,66880.7421875,223877120,0.0,0.0
2026-04-03 07:30:00+00:00,66917.3125,67162.359375,66917.3125,67092.0234375,64651264,0.0,0.0
2026-04-03 07:45:00+00:00,67068.1953125,67074.0703125,67008.9140625,67027.1484375,90533888,0.0,0.0
2026-04-03 08:00:00+00:00,67032.546875,67268.6796875,67032.296875,67191.3359375,71051264,0.0,0.0
2026-04-03 08:15:00+00:00,67176.046875,67176.046875,67065.0234375,67065.0234375,102205440,0.0,0.0
2026-04-03 08:30:00+00:00,67051.7578125,67099.8515625,66924.140625,66924.140625,74276864,0.0,0.0
2026-04-03 08:45:00+00:00,66925.265625,66980.265625,66909.2421875,66961.9296875,73553920,0.0,0.0
2026-04-03 09:00:00+00:00,66959.03125,66981.890625,66877.7109375,66888.90625,0,0.0,0.0
2026-04-03 09:15:00+00:00,66890.0703125,66895.9921875,66757.6171875,66791.015625,90298368,0.0,0.0
2026-04-03 09:30:00+00:00,66794.453125,66902.484375,66794.453125,66902.484375,0,0.0,0.0
2026-04-03 09:45:00+00:00,66893.8671875,66893.8671875,66811.0078125,66843.3203125,85659648,0.0,0.0
2026-04-03 10:00:00+00:00,66828.2734375,66828.2734375,66768.671875,66807.9140625,22441984,0.0,0.0
2026-04-03 10:15:00+00:00,66814.953125,66831.6875,66778.609375,66799.1796875,0,0.0,0.0
2026-04-03 10:30:00+00:00,66761.6875,66780.125,66691.5390625,66780.125,9029632,0.0,0.0
2026-04-03 10:45:00+00:00,66781.40625,66879.4921875,66781.40625,66879.4921875,70156288,0.0,0.0
2026-04-03 11:00:00+00:00,66880.1796875,66887.2578125,66832.5546875,66832.5546875,12251136,0.0,0.0
2026-04-03 11:15:00+00:00,66837.640625,66932.875,66837.640625,66924.1171875,0,0.0,0.0
2026-04-03 11:30:00+00:00,66923.453125,67026.71875,66910.3125,67026.71875,29579264,0.0,0.0
2026-04-03 11:45:00+00:00,66995.3046875,67018.6953125,66964.3125,66995.7109375,26576896,0.0,0.0
2026-04-03 12:00:00+00:00,67002.0078125,67020.1015625,66941.203125,66973.7734375,0,0.0,0.0
2026-04-03 12:15:00+00:00,66968.2890625,67099.0546875,66944.421875,67099.0546875,0,0.0,0.0
2026-04-03 12:30:00+00:00,67041.4609375,67041.4609375,66821.3984375,66845.140625,460849152,0.0,0.0
2026-04-03 12:45:00+00:00,66852.8984375,66873.5546875,66658.375,66751.78125,115363840,0.0,0.0
2026-04-03 13:00:00+00:00,66719.546875,66719.546875,66566.796875,66603.859375,0,0.0,0.0
2026-04-03 13:15:00+00:00,66676.2890625,66698.7109375,66613.8359375,66666.640625,54876160,0.0,0.0
2026-04-03 13:30:00+00:00,66670.359375,66670.359375,66584.2578125,66584.2578125,0,0.0,0.0
2026-04-03 13:45:00+00:00,66579.5390625,66671.6328125,66507.0625,66662.890625,256817152,0.0,0.0
2026-04-03 14:00:00+00:00,66640.3125,66772.5390625,66640.3125,66732.53125,0,0.0,0.0
2026-04-03 14:15:00+00:00,66747.875,66943.390625,66731.1484375,66943.390625,0,0.0,0.0
2026-04-03 14:30:00+00:00,66915.34375,66915.34375,66816.1640625,66822.90625,0,0.0,0.0
2026-04-03 14:45:00+00:00,66817.5546875,66963.7421875,66817.5546875,66955.96875,0,0.0,0.0
2026-04-03 15:00:00+00:00,66943.6796875,66992.6328125,66921.09375,66968.9921875,0,0.0,0.0
2026-04-03 15:15:00+00:00,66956.5078125,66956.5078125,66869.8515625,66913.359375,0,0.0,0.0
2026-04-03 15:30:00+00:00,66920.6796875,66924.3671875,66849.8125,66861.859375,0,0.0,0.0
2026-04-03 15:45:00+00:00,66825.3046875,66852.5234375,66820.0625,66837.7265625,0,0.0,0.0
2026-04-03 16:00:00+00:00,66844.640625,66895.1796875,66811.6640625,66895.1796875,0,0.0,0.0
2026-04-03 16:15:00+00:00,66898.90625,66961.984375,66870.109375,66961.984375,0,0.0,0.0
2026-04-03 16:30:00+00:00,66971.796875,66984.546875,66932.796875,66937.4375,0,0.0,0.0
2026-04-03 16:45:00+00:00,66952.046875,67039.765625,66944.6015625,67002.765625,35049472,0.0,0.0
2026-04-03 17:00:00+00:00,67000.875,67042.3359375,66960.1796875,67011.515625,0,0.0,0.0
2026-04-03 17:15:00+00:00,66957.5078125,66957.5078125,66771.21875,66848.890625,0,0.0,0.0
2026-04-03 17:30:00+00:00,66872.7109375,66941.3828125,66863.1328125,66863.1328125,187772928,0.0,0.0
2026-04-03 17:45:00+00:00,66878.6953125,66878.6953125,66808.8828125,66852.078125,0,0.0,0.0
2026-04-03 18:00:00+00:00,66845.25,66845.875,66772.5625,66808.015625,0,0.0,0.0
2026-04-03 18:15:00+00:00,66822.328125,66909.8515625,66822.328125,66888.4140625,0,0.0,0.0
2026-04-03 18:30:00+00:00,66879.3359375,66904.28125,66838.7421875,66843.0625,0,0.0,0.0
2026-04-03 18:45:00+00:00,66844.3203125,66844.3203125,66792.0078125,66806.78125,0,0.0,0.0
2026-04-03 19:00:00+00:00,66812.5859375,66826.3984375,66766.1328125,66779.46875,526829568,0.0,0.0
2026-04-03 19:15:00+00:00,66783.7734375,66832.5703125,66775.6171875,66777.5625,8448000,0.0,0.0
2026-04-03 19:30:00+00:00,66777.0078125,66822.5234375,66774.9921875,66822.5234375,9197568,0.0,0.0
2026-04-03 19:45:00+00:00,66854.03125,66887.8671875,66854.03125,66861.78125,608020480,0.0,0.0
2026-04-03 20:00:00+00:00,66870.6015625,66897.8359375,66854.0703125,66854.0703125,534614016,0.0,0.0
2026-04-03 20:15:00+00:00,66890.3046875,66895.8984375,66854.9921875,66867.2265625,0,0.0,0.0
2026-04-03 20:30:00+00:00,66868.8046875,66898.0546875,66852.609375,66898.0546875,0,0.0,0.0
2026-04-03 20:45:00+00:00,66886.875,66899.375,66842.6015625,66842.6015625,17672192,0.0,0.0
2026-04-03 21:00:00+00:00,66832.8125,66847.4921875,66831.203125,66842.140625,4005888,0.0,0.0
2026-04-03 21:15:00+00:00,66906.0390625,66914.3125,66886.15625,66893.5703125,25640960,0.0,0.0
2026-04-03 21:30:00+00:00,66893.5234375,66923.984375,66889.3515625,66923.984375,12734464,0.0,0.0
2026-04-03 21:45:00+00:00,66930.2578125,66930.2578125,66904.8046875,66925.671875,618496,0.0,0.0
2026-04-03 22:00:00+00:00,66949.21875,66949.21875,66846.578125,66857.796875,48795648,0.0,0.0
2026-04-03 22:15:00+00:00,66858.2265625,66903.03125,66858.2265625,66875.4453125,18991104,0.0,0.0
2026-04-03 22:30:00+00:00,66878.5859375,66930.6328125,66878.5859375,66930.6328125,24647680,0.0,0.0
2026-04-03 22:45:00+00:00,66923.1484375,66923.4140625,66861.5859375,66890.34375,46835712,0.0,0.0
2026-04-03 23:00:00+00:00,66882.15625,66894.2890625,66846.734375,66846.734375,0,0.0,0.0
2026-04-03 23:15:00+00:00,66853.7890625,66865.640625,66829.953125,66841.5,11395072,0.0,0.0
2026-04-03 23:30:00+00:00,66849.421875,66890.1953125,66815.640625,66859.515625,14837760,0.0,0.0
2026-04-03 23:45:00+00:00,66860.6875,66938.6484375,66860.6875,66938.6484375,95295488,0.0,0.0
2026-04-04 00:00:00+00:00,66937.25,66937.25,66888.578125,66900.03125,262240256,0.0,0.0
2026-04-04 00:15:00+00:00,66906.75,66937.703125,66885.2109375,66931.921875,0,0.0,0.0
2026-04-04 00:30:00+00:00,66902.46875,66939.015625,66902.46875,66928.2421875,1757184,0.0,0.0
2026-04-04 00:45:00+00:00,66924.859375,66924.859375,66881.3125,66882.7265625,0,0.0,0.0
2026-04-04 01:00:00+00:00,66884.5546875,66904.328125,66863.515625,66865.5546875,11569152,0.0,0.0
2026-04-04 01:15:00+00:00,66836.4765625,66866.6484375,66836.4765625,66860.3515625,16283648,0.0,0.0
2026-04-04 01:30:00+00:00,66842.2578125,66854.1171875,66834.578125,66844.25,103270400,0.0,0.0
2026-04-04 01:45:00+00:00,66822.015625,66842.9453125,66822.015625,66842.9453125,0,0.0,0.0
2026-04-04 02:00:00+00:00,66845.0859375,66903.1796875,66834.234375,66835.203125,0,0.0,0.0
2026-04-04 02:15:00+00:00,66831.0234375,66831.0234375,66808.34375,66817.6015625,0,0.0,0.0
2026-04-04 02:30:00+00:00,66826.53125,66855.4375,66823.8515625,66829.03125,0,0.0,0.0
2026-04-04 02:45:00+00:00,66830.3671875,66833.609375,66803.2265625,66811.125,0,0.0,0.0
2026-04-04 03:00:00+00:00,66825.40625,66893.453125,66825.40625,66893.453125,0,0.0,0.0
2026-04-04 03:15:00+00:00,66888.203125,66888.203125,66839.5625,66845.84375,0,0.0,0.0
2026-04-04 03:30:00+00:00,66834.40625,66841.265625,66825.6953125,66837.15625,0,0.0,0.0
2026-04-04 03:45:00+00:00,66835.1875,66846.9296875,66821.40625,66821.40625,0,0.0,0.0
2026-04-04 04:00:00+00:00,66826.0625,66828.453125,66814.0625,66815.671875,6268928,0.0,0.0
2026-04-04 04:15:00+00:00,66799.34375,66824.390625,66790.7890625,66818.578125,0,0.0,0.0
2026-04-04 04:30:00+00:00,66839.8828125,66849.0390625,66836.2734375,66841.125,0,0.0,0.0
2026-04-04 04:45:00+00:00,66845.796875,66858.125,66840.53125,66858.1015625,0,0.0,0.0
2026-04-04 05:00:00+00:00,66859.6640625,66877.2890625,66852.9296875,66868.0859375,31537152,0.0,0.0
2026-04-04 05:15:00+00:00,66865.5234375,66883.171875,66842.1484375,66842.1484375,78827520,0.0,0.0
2026-04-04 05:30:00+00:00,66844.0078125,66916.3515625,66844.0078125,66893.078125,70688768,0.0,0.0
2026-04-04 05:45:00+00:00,66889.2265625,66909.453125,66889.2265625,66898.328125,0,0.0,0.0
2026-04-04 06:00:00+00:00,66908.6015625,66933.8671875,66908.6015625,66933.8671875,0,0.0,0.0
2026-04-04 06:15:00+00:00,66943.4375,66955.859375,66892.90625,66896.296875,0,0.0,0.0
2026-04-04 06:30:00+00:00,66912.7265625,66935.921875,66908.078125,66925.46875,0,0.0,0.0
2026-04-04 06:45:00+00:00,66925.3828125,67021.1328125,66925.3828125,67004.875,0,0.0,0.0
2026-04-04 07:00:00+00:00,66996.2109375,67018.578125,66968.734375,66968.734375,0,0.0,0.0
2026-04-04 07:15:00+00:00,66982.515625,66989.9609375,66937.21875,66950.484375,5969920,0.0,0.0
2026-04-04 07:30:00+00:00,66937.5,66990.8046875,66937.5,66990.8046875,16408576,0.0,0.0
2026-04-04 07:45:00+00:00,66972.421875,67022.4453125,66958.7578125,67022.4453125,0,0.0,0.0
2026-04-04 08:00:00+00:00,67011.6328125,67028.4609375,66989.828125,67000.5859375,7657472,0.0,0.0
2026-04-04 08:15:00+00:00,66999.1953125,67025.234375,66992.9296875,67025.234375,0,0.0,0.0
2026-04-04 08:30:00+00:00,67030.6875,67030.6875,66951.1328125,66952.3671875,6721536,0.0,0.0
2026-04-04 08:45:00+00:00,66953.90625,66953.90625,66910.1328125,66917.296875,0,0.0,0.0
2026-04-04 09:00:00+00:00,66913.0390625,66970.4375,66913.0390625,66961.4140625,0,0.0,0.0
2026-04-04 09:15:00+00:00,66966.796875,66971.1484375,66931.1953125,66931.1953125,16965632,0.0,0.0
2026-04-04 09:30:00+00:00,66940.078125,66959.7890625,66940.078125,66955.734375,4732928,0.0,0.0
2026-04-04 09:45:00+00:00,66952.328125,66965.1328125,66951.9609375,66961.2109375,0,0.0,0.0
2026-04-04 10:00:00+00:00,66964.5703125,66988.6171875,66920.421875,66920.421875,41623552,0.0,0.0
2026-04-04 10:15:00+00:00,66905.3359375,66918.2890625,66905.3359375,66917.5078125,18368512,0.0,0.0
2026-04-04 10:30:00+00:00,66917.1171875,67040.8515625,66907.2578125,67030.5625,125290496,0.0,0.0
2026-04-04 10:45:00+00:00,67020.078125,67149.1328125,67020.078125,67137.640625,76367872,0.0,0.0
2026-04-04 11:00:00+00:00,67143.5078125,67194.5546875,67143.5078125,67152.0234375,195895296,0.0,0.0
2026-04-04 11:15:00+00:00,67152.3359375,67152.3359375,67101.75,67105.9375,0,0.0,0.0
2026-04-04 11:30:00+00:00,67108.9921875,67117.1328125,67082.7890625,67117.1328125,15290368,0.0,0.0
2026-04-04 11:45:00+00:00,67125.8125,67129.3359375,67102.3046875,67113.609375,18163712,0.0,0.0
2026-04-04 12:00:00+00:00,67125.0234375,67152.953125,67076.84375,67091.7734375,0,0.0,0.0
2026-04-04 12:15:00+00:00,67095.890625,67116.3984375,67089.4453125,67099.6328125,0,0.0,0.0
2026-04-04 12:30:00+00:00,67097.578125,67105.1640625,67048.6484375,67048.6484375,0,0.0,0.0
2026-04-04 12:45:00+00:00,67051.9609375,67090.4453125,67051.9609375,67084.578125,224222208,0.0,0.0
2026-04-04 13:00:00+00:00,67081.375,67093.3828125,67074.5078125,67083.8984375,0,0.0,0.0
2026-04-04 13:15:00+00:00,67092.390625,67104.046875,67081.7421875,67088.4296875,0,0.0,0.0
2026-04-04 13:30:00+00:00,67090.203125,67243.5703125,67084.0078125,67230.984375,0,0.0,0.0
2026-04-04 13:45:00+00:00,67230.15625,67230.15625,67174.4296875,67204.6640625,64258048,0.0,0.0
2026-04-04 14:00:00+00:00,67195.3359375,67202.46875,67181.65625,67197.109375,0,0.0,0.0
2026-04-04 14:15:00+00:00,67192.921875,67200.3828125,67185.578125,67195.8828125,0,0.0,0.0
2026-04-04 14:30:00+00:00,67181.40625,67181.40625,67028.609375,67086.671875,19142656,0.0,0.0
2026-04-04 14:45:00+00:00,67087.7578125,67172.6953125,67087.7578125,67172.6953125,67831808,0.0,0.0
2026-04-04 15:00:00+00:00,67198.84375,67386.6875,67171.2109375,67379.1328125,98545664,0.0,0.0
2026-04-04 15:15:00+00:00,67356.1640625,67435.46875,67299.9453125,67315.8125,332878848,0.0,0.0
2026-04-04 15:30:00+00:00,67324.265625,67324.265625,67303.328125,67320.1796875,0,0.0,0.0
2026-04-04 15:45:00+00:00,67327.96875,67364.34375,67291.421875,67364.34375,45039616,0.0,0.0
2026-04-04 16:00:00+00:00,67368.828125,67377.890625,67325.7890625,67325.7890625,0,0.0,0.0
2026-04-04 16:15:00+00:00,67326.5859375,67437.9921875,67316.109375,67437.9921875,25229312,0.0,0.0
2026-04-04 16:30:00+00:00,67435.796875,67480.6484375,67374.3828125,67468.171875,17307648,0.0,0.0
2026-04-04 16:45:00+00:00,67485.484375,67491.78125,67434.0390625,67442.90625,57513984,0.0,0.0
2026-04-04 17:00:00+00:00,67357.265625,67357.265625,67292.453125,67351.75,0,0.0,0.0
2026-04-04 17:15:00+00:00,67364.4140625,67399.9765625,67339.328125,67399.7578125,0,0.0,0.0
2026-04-04 17:30:00+00:00,67385.984375,67385.984375,67328.609375,67331.921875,16023552,0.0,0.0
2026-04-04 17:45:00+00:00,67321.4765625,67334.515625,67313.4296875,67334.515625,25574400,0.0,0.0
2026-04-04 18:00:00+00:00,67325.609375,67325.609375,67304.875,67321.390625,0,0.0,0.0
2026-04-04 18:15:00+00:00,67318.859375,67360.1796875,67318.859375,67331.25,10721280,0.0,0.0
2026-04-04 18:30:00+00:00,67326.7265625,67326.7265625,67285.234375,67292.0078125,0,0.0,0.0
2026-04-04 18:45:00+00:00,67275.03125,67304.859375,67266.375,67287.0078125,23702528,0.0,0.0
2026-04-04 19:00:00+00:00,67286.078125,67418.5703125,67286.078125,67411.75,37063680,0.0,0.0
2026-04-04 19:15:00+00:00,67474.109375,67474.109375,67354.9765625,67360.9453125,109024256,0.0,0.0
2026-04-04 19:30:00+00:00,67357.7265625,67358.3515625,67285.609375,67289.7421875,963584,0.0,0.0
2026-04-04 19:45:00+00:00,67289.5390625,67311.984375,67287.53125,67287.53125,120361984,0.0,0.0
2026-04-04 20:00:00+00:00,67278.640625,67278.640625,67184.6953125,67216.640625,70495232,0.0,0.0
2026-04-04 20:15:00+00:00,67218.1875,67262.1171875,67218.1875,67262.1171875,19147776,0.0,0.0
2026-04-04 20:30:00+00:00,67259.7734375,67282.1875,67249.8125,67282.1875,69898240,0.0,0.0
2026-04-04 20:45:00+00:00,67266.25,67272.4765625,67250.4296875,67259.1875,15374336,0.0,0.0
2026-04-04 21:00:00+00:00,67262.2734375,67283.3828125,67224.5625,67224.5625,0,0.0,0.0
2026-04-04 21:15:00+00:00,67230.796875,67270.28125,67230.796875,67270.28125,16477184,0.0,0.0
2026-04-04 21:30:00+00:00,67272.453125,67296.6171875,67257.5703125,67296.6171875,7605248,0.0,0.0
2026-04-04 21:45:00+00:00,67293.4765625,67402.5859375,67293.4765625,67366.3125,110598144,0.0,0.0
2026-04-04 22:00:00+00:00,67349.390625,67371.5625,67340.1640625,67356.34375,40785920,0.0,0.0
2026-04-04 22:15:00+00:00,67369.96875,67426.90625,67369.96875,67417.8671875,22622208,0.0,0.0
2026-04-04 22:30:00+00:00,67420.2109375,67420.2109375,67386.5546875,67393.2578125,14540800,0.0,0.0
2026-04-04 22:45:00+00:00,67399.015625,67404.5,67373.140625,67378.8359375,12904448,0.0,0.0
2026-04-04 23:00:00+00:00,67385.171875,67385.5078125,67323.75,67356.4765625,59589632,0.0,0.0
2026-04-04 23:15:00+00:00,67356.5234375,67356.5234375,67308.984375,67309.3671875,34483200,0.0,0.0
2026-04-04 23:30:00+00:00,67304.375,67315.25,67267.0390625,67268.6875,0,0.0,0.0
2026-04-04 23:45:00+00:00,67287.015625,67291.1953125,67260.1640625,67291.1953125,110544896,0.0,0.0
2026-04-05 00:00:00+00:00,67280.21875,67297.15625,67237.1640625,67237.1640625,2315264,0.0,0.0
2026-04-05 00:15:00+00:00,67243.96875,67243.96875,67224.265625,67224.265625,54118400,0.0,0.0
2026-04-05 00:30:00+00:00,67243.4375,67257.2421875,67230.9765625,67257.2421875,95547392,0.0,0.0
2026-04-05 00:45:00+00:00,67249.1328125,67249.2421875,67166.9375,67169.21875,42265600,0.0,0.0
2026-04-05 01:00:00+00:00,67180.0625,67218.015625,67112.8984375,67184.3828125,278284288,0.0,0.0
2026-04-05 01:15:00+00:00,67179.5078125,67179.5078125,67115.6640625,67139.546875,6735872,0.0,0.0
2026-04-05 01:30:00+00:00,67131.9140625,67131.9140625,67080.3125,67093.8359375,4078592,0.0,0.0
2026-04-05 01:45:00+00:00,67086.984375,67095.234375,67086.203125,67091.6640625,83404800,0.0,0.0
2026-04-05 02:00:00+00:00,67074.1328125,67074.1328125,66992.8203125,66992.8203125,142492672,0.0,0.0
2026-04-05 02:15:00+00:00,66981.0390625,67110.1875,66981.0390625,67110.1875,87928832,0.0,0.0
2026-04-05 02:30:00+00:00,67121.0390625,67147.46875,67121.0390625,67129.625,23712768,0.0,0.0
2026-04-05 02:45:00+00:00,67124.3125,67160.0859375,67119.15625,67154.7734375,4702208,0.0,0.0
2026-04-05 03:00:00+00:00,67152.09375,67169.9921875,67141.0625,67148.015625,37768192,0.0,0.0
2026-04-05 03:15:00+00:00,67147.6875,67155.84375,67130.0859375,67146.875,61062144,0.0,0.0
2026-04-05 03:30:00+00:00,67140.8359375,67140.8359375,67088.21875,67115.4375,46993408,0.0,0.0
2026-04-05 03:45:00+00:00,67122.2734375,67122.890625,67109.90625,67113.9453125,19511296,0.0,0.0
2026-04-05 04:00:00+00:00,67117.3671875,67117.5859375,67066.6171875,67071.3515625,5487616,0.0,0.0
2026-04-05 04:15:00+00:00,67073.5546875,67164.1171875,67066.0234375,67164.1171875,40145920,0.0,0.0
2026-04-05 04:30:00+00:00,67165.34375,67165.34375,67119.2265625,67119.2265625,8977408,0.0,0.0
2026-04-05 04:45:00+00:00,67117.390625,67119.4296875,67081.8671875,67086.5078125,26737664,0.0,0.0
2026-04-05 05:00:00+00:00,67085.7421875,67130.3203125,67085.7421875,67110.375,0,0.0,0.0
2026-04-05 05:15:00+00:00,67103.03125,67105.7109375,67050.1484375,67074.1875,7197696,0.0,0.0
2026-04-05 05:30:00+00:00,67077.875,67089.2265625,67050.375,67072.96875,52083712,0.0,0.0
2026-04-05 05:45:00+00:00,67079.265625,67087.265625,66901.8828125,66904.875,52147200,0.0,0.0
2026-04-05 06:00:00+00:00,66912.59375,66922.078125,66669.203125,66671.234375,419602432,0.0,0.0
2026-04-05 06:15:00+00:00,66633.890625,66762.1875,66615.0390625,66738.1640625,392892416,0.0,0.0
2026-04-05 06:30:00+00:00,66748.203125,66820.2421875,66748.203125,66812.7109375,240714752,0.0,0.0
2026-04-05 06:45:00+00:00,66809.2734375,66834.78125,66806.109375,66825.3125,44051456,0.0,0.0
2026-04-05 07:00:00+00:00,66812.578125,66871.3828125,66812.578125,66849.8203125,115877888,0.0,0.0
2026-04-05 07:15:00+00:00,66882.109375,66888.6875,66789.5234375,66789.7734375,54572032,0.0,0.0
2026-04-05 07:30:00+00:00,66797.9765625,66797.9765625,66715.0546875,66745.3671875,34725888,0.0,0.0
2026-04-05 07:45:00+00:00,66746.2265625,66795.5,66726.78125,66795.5,137169920,0.0,0.0
2026-04-05 08:00:00+00:00,66793.6015625,66867.484375,66793.6015625,66851.578125,0,0.0,0.0
2026-04-05 08:15:00+00:00,66846.1328125,66882.3671875,66846.1328125,66859.1328125,0,0.0,0.0
2026-04-05 08:30:00+00:00,66854.5625,66868.703125,66827.8203125,66827.8203125,0,0.0,0.0
2026-04-05 08:45:00+00:00,66836.59375,66907.5234375,66836.59375,66907.5234375,31376384,0.0,0.0
2026-04-05 09:00:00+00:00,66907.75,66955.2890625,66889.0703125,66905.84375,110857216,0.0,0.0
2026-04-05 09:15:00+00:00,66908.203125,67001.0546875,66908.203125,67001.0546875,18968576,0.0,0.0
2026-04-05 09:30:00+00:00,66996.28125,67006.390625,66963.3203125,67006.390625,37137408,0.0,0.0
2026-04-05 09:45:00+00:00,66998.9375,67015.375,66996.9609375,67013.7265625,94916608,0.0,0.0
2026-04-05 10:00:00+00:00,66975.5703125,67010.0625,66958.46875,66958.46875,39993344,0.0,0.0
2026-04-05 10:15:00+00:00,66956.4140625,66964.46875,66954.6875,66962.0,50698240,0.0,0.0
2026-04-05 10:30:00+00:00,66965.9296875,67096.5859375,66965.9296875,67040.578125,78452736,0.0,0.0
2026-04-05 10:45:00+00:00,67059.6484375,67059.6484375,66996.1171875,67033.0078125,232065024,0.0,0.0
2026-04-05 11:00:00+00:00,67027.9375,67064.8984375,67025.84375,67050.9453125,7408640,0.0,0.0
2026-04-05 11:15:00+00:00,67045.9921875,67061.1015625,66979.5703125,66979.5703125,6708224,0.0,0.0
2026-04-05 11:30:00+00:00,66981.4921875,66993.640625,66962.578125,66972.5234375,56493056,0.0,0.0
2026-04-05 11:45:00+00:00,66972.5625,66975.9921875,66955.75,66972.8359375,18753536,0.0,0.0
2026-04-05 12:00:00+00:00,66977.1484375,66977.1484375,66898.2890625,66905.515625,266255360,0.0,0.0
2026-04-05 12:15:00+00:00,66900.40625,66915.7734375,66880.4453125,66880.4453125,84150272,0.0,0.0
2026-04-05 12:30:00+00:00,66861.9609375,66861.9609375,66706.4765625,66725.421875,331085824,0.0,0.0
2026-04-05 12:45:00+00:00,66726.7265625,66778.859375,66691.171875,66767.5546875,215971840,0.0,0.0
2026-04-05 13:00:00+00:00,66771.5390625,66824.1171875,66769.1953125,66778.3515625,123408384,0.0,0.0
2026-04-05 13:15:00+00:00,66745.890625,66827.640625,66741.4140625,66749.6328125,57604096,0.0,0.0
2026-04-05 13:30:00+00:00,66699.7109375,66815.6015625,66699.7109375,66814.40625,64131072,0.0,0.0
2026-04-05 13:45:00+00:00,66813.90625,66880.171875,66813.90625,66876.3671875,81035264,0.0,0.0
2026-04-05 14:00:00+00:00,66876.9921875,66930.8359375,66865.9609375,66865.9609375,25311232,0.0,0.0
2026-04-05 14:15:00+00:00,66865.9296875,66891.796875,66828.1640625,66888.5546875,43249664,0.0,0.0
2026-04-05 14:30:00+00:00,66891.96875,66942.1875,66876.2578125,66942.1875,22114304,0.0,0.0
2026-04-05 14:45:00+00:00,66930.0859375,66930.0859375,66898.6640625,66906.125,50335744,0.0,0.0
2026-04-05 15:00:00+00:00,66903.1015625,66941.4765625,66823.8828125,66941.4765625,0,0.0,0.0
2026-04-05 15:15:00+00:00,66929.15625,67427.8203125,66929.15625,67427.8203125,28813312,0.0,0.0
2026-04-05 15:30:00+00:00,67453.9609375,67516.1640625,67322.3359375,67426.0625,889966592,0.0,0.0
2026-04-05 15:45:00+00:00,67421.8671875,67421.8671875,67270.234375,67270.234375,520706048,0.0,0.0
2026-04-05 16:00:00+00:00,67281.09375,67353.4296875,67281.09375,67322.265625,87908352,0.0,0.0
2026-04-05 16:15:00+00:00,67295.5234375,67347.3359375,67295.5234375,67330.7421875,48535552,0.0,0.0
2026-04-05 16:30:00+00:00,67317.6796875,67375.78125,67261.1953125,67306.984375,48977920,0.0,0.0
2026-04-05 16:45:00+00:00,67302.2109375,67302.2109375,67172.9140625,67188.7421875,107696128,0.0,0.0
2026-04-05 17:00:00+00:00,67195.2421875,67268.015625,67179.046875,67260.9609375,27054080,0.0,0.0
2026-04-05 17:15:00+00:00,67261.1328125,67313.5390625,67174.0703125,67313.5390625,35792896,0.0,0.0
2026-04-05 17:30:00+00:00,67312.2890625,67365.5234375,67293.0703125,67365.5234375,5539840,0.0,0.0
2026-04-05 17:45:00+00:00,67344.1640625,67344.1640625,67296.734375,67334.2890625,31985664,0.0,0.0
2026-04-05 18:00:00+00:00,67346.96875,67346.96875,67271.28125,67305.5703125,16001024,0.0,0.0
2026-04-05 18:15:00+00:00,67294.953125,67300.4140625,67269.9140625,67273.125,52310016,0.0,0.0
2026-04-05 18:30:00+00:00,67276.0234375,67410.375,67276.0234375,67407.8359375,76963840,0.0,0.0
2026-04-05 18:45:00+00:00,67408.75,67423.7734375,67363.9375,67363.9375,29501440,0.0,0.0
2026-04-05 19:00:00+00:00,67375.140625,67392.3125,67348.6484375,67392.3125,0,0.0,0.0
2026-04-05 19:15:00+00:00,67391.2734375,67504.1640625,67391.2734375,67446.671875,101224448,0.0,0.0
2026-04-05 19:30:00+00:00,67439.375,67439.375,67271.3828125,67271.3828125,40556544,0.0,0.0
2026-04-05 19:45:00+00:00,67283.5703125,67305.5078125,67274.875,67301.609375,70623232,0.0,0.0
2026-04-05 20:00:00+00:00,67331.4921875,67379.1171875,67331.4921875,67350.3671875,21848064,0.0,0.0
2026-04-05 20:15:00+00:00,67358.5546875,67456.5703125,67356.15625,67456.4921875,36163584,0.0,0.0
2026-04-05 20:30:00+00:00,67455.265625,67653.4609375,67452.609375,67576.328125,15923200,0.0,0.0
2026-04-05 20:45:00+00:00,67537.546875,67625.65625,67529.5703125,67613.8515625,282941440,0.0,0.0
2026-04-05 21:00:00+00:00,67613.8203125,67618.5703125,67479.0546875,67481.734375,137007104,0.0,0.0
2026-04-05 21:15:00+00:00,67489.46875,67503.4921875,67419.2890625,67439.671875,45447168,0.0,0.0
2026-04-05 21:30:00+00:00,67452.9609375,67463.6015625,67433.734375,67433.734375,252715008,0.0,0.0
2026-04-05 21:45:00+00:00,67474.1171875,67617.4140625,67474.1171875,67540.8203125,55230464,0.0,0.0
2026-04-05 22:00:00+00:00,67522.359375,67736.03125,67493.5625,67493.5625,200501248,0.0,0.0
2026-04-05 22:15:00+00:00,67513.9375,67574.625,67329.8671875,67390.828125,232611840,0.0,0.0
2026-04-05 22:30:00+00:00,67407.8046875,67641.328125,67393.5703125,67641.328125,151623680,0.0,0.0
2026-04-05 22:45:00+00:00,67937.859375,68325.484375,67937.859375,68325.484375,651329536,0.0,0.0
2026-04-05 23:00:00+00:00,68309.328125,68476.8046875,68268.671875,68459.640625,708372480,0.0,0.0
2026-04-05 23:15:00+00:00,68539.03125,68857.296875,68539.03125,68824.390625,831025152,0.0,0.0
2026-04-05 23:30:00+00:00,68777.109375,69048.203125,68777.109375,68871.890625,384489472,0.0,0.0
2026-04-05 23:45:00+00:00,68906.3671875,68996.421875,68886.8125,68982.9140625,753072128,0.0,0.0
2026-04-06 00:00:00+00:00,68978.9140625,69491.6484375,68978.9140625,69188.828125,1221181440,0.0,0.0
2026-04-06 00:15:00+00:00,69204.7890625,69304.2109375,69111.0234375,69141.40625,580780032,0.0,0.0
2026-04-06 00:30:00+00:00,69166.46875,69310.171875,69099.84375,69293.5234375,386299904,0.0,0.0
2026-04-06 00:45:00+00:00,69284.8671875,69290.3203125,69076.7109375,69076.7109375,229826560,0.0,0.0
2026-04-06 01:00:00+00:00,69063.71875,69076.625,68884.0546875,68915.5234375,305029120,0.0,0.0
2026-04-06 01:15:00+00:00,68845.609375,68968.2578125,68817.03125,68947.875,338077696,0.0,0.0
2026-04-06 01:30:00+00:00,68945.1484375,68945.1484375,68792.640625,68792.640625,172439552,0.0,0.0
2026-04-06 01:45:00+00:00,68782.6484375,68829.703125,68782.6484375,68801.5390625,230406144,0.0,0.0
2026-04-06 02:00:00+00:00,68780.3515625,69204.8515625,68780.3515625,69204.8515625,37826560,0.0,0.0
2026-04-06 02:15:00+00:00,69106.328125,69237.3671875,69096.9375,69190.5390625,466388992,0.0,0.0
2026-04-06 02:30:00+00:00,69202.0390625,69365.109375,69172.9609375,69184.65625,301053952,0.0,0.0
2026-04-06 02:45:00+00:00,69178.6875,69266.015625,69178.6875,69227.78125,335906816,0.0,0.0
2026-04-06 03:00:00+00:00,69207.9609375,69217.3671875,69143.4453125,69143.4453125,235249664,0.0,0.0
2026-04-06 03:15:00+00:00,69099.1796875,69165.1953125,69069.4921875,69161.5546875,256790528,0.0,0.0
2026-04-06 03:30:00+00:00,69159.5703125,69188.1015625,69059.5703125,69102.046875,84516864,0.0,0.0
2026-04-06 03:45:00+00:00,69090.875,69123.21875,69044.9921875,69061.84375,257304576,0.0,0.0
2026-04-06 04:00:00+00:00,69082.078125,69173.921875,69003.3046875,69015.296875,196390912,0.0,0.0
2026-04-06 04:15:00+00:00,69031.84375,69031.84375,68963.0859375,68963.0859375,187109376,0.0,0.0
2026-04-06 04:30:00+00:00,68970.75,69167.828125,68970.4453125,69157.9609375,137701376,0.0,0.0
2026-04-06 04:45:00+00:00,69148.484375,69173.4921875,69110.6875,69115.71875,304752640,0.0,0.0
2026-04-06 05:00:00+00:00,69118.1171875,69149.609375,69092.5390625,69143.2734375,117014528,0.0,0.0
2026-04-06 05:15:00+00:00,69138.71875,69171.484375,69089.46875,69117.3671875,133521408,0.0,0.0
2026-04-06 05:30:00+00:00,69121.96875,69200.125,69121.96875,69191.921875,147339264,0.0,0.0
2026-04-06 05:45:00+00:00,69194.9296875,69200.28125,69130.140625,69170.5234375,76230656,0.0,0.0
2026-04-06 06:00:00+00:00,69174.6171875,69316.03125,69090.0625,69290.546875,68276224,0.0,0.0
2026-04-06 06:15:00+00:00,69287.7421875,69287.7421875,68843.921875,68843.921875,0,0.0,0.0
2026-04-06 06:30:00+00:00,68824.265625,68944.8046875,68824.1796875,68944.8046875,538732544,0.0,0.0
2026-04-06 06:45:00+00:00,68905.71875,69060.71875,68905.71875,68969.6484375,208531456,0.0,0.0
2026-04-06 07:00:00+00:00,68954.0078125,68961.734375,68819.328125,68871.7890625,122814464,0.0,0.0
2026-04-06 07:15:00+00:00,68871.5234375,69078.234375,68871.5234375,69065.1640625,79595520,0.0,0.0
2026-04-06 07:30:00+00:00,69050.109375,69100.921875,68973.875,68989.6015625,287160320,0.0,0.0
2026-04-06 07:45:00+00:00,68965.0078125,69171.8984375,68939.4375,69075.671875,23349248,0.0,0.0
2026-04-06 08:00:00+00:00,69089.3203125,69165.8828125,69083.1171875,69155.8046875,587499520,0.0,0.0
2026-04-06 08:15:00+00:00,69151.125,69220.53125,69115.140625,69197.1328125,138117120,0.0,0.0
2026-04-06 08:30:00+00:00,69208.078125,69281.40625,69198.7734375,69245.5234375,138156032,0.0,0.0
2026-04-06 08:45:00+00:00,69272.2890625,69272.2890625,69199.9453125,69230.8046875,219394048,0.0,0.0
2026-04-06 09:00:00+00:00,69210.859375,69527.40625,69200.8828125,69527.40625,165304320,0.0,0.0
2026-04-06 09:15:00+00:00,69668.15625,70132.9921875,69668.15625,69904.296875,1427472384,0.0,0.0
2026-04-06 09:30:00+00:00,69925.1640625,69959.6171875,69777.984375,69866.140625,826347520,0.0,0.0
2026-04-06 09:45:00+00:00,69855.2734375,69871.328125,69706.390625,69734.3828125,388300800,0.0,0.0
2026-04-06 10:00:00+00:00,69714.0390625,69840.140625,69714.0390625,69840.140625,106835968,0.0,0.0
2026-04-06 10:15:00+00:00,69812.4296875,69834.71875,69746.7265625,69746.9921875,268046336,0.0,0.0
2026-04-06 10:30:00+00:00,69760.671875,69907.7109375,69760.671875,69872.8984375,231725056,0.0,0.0
2026-04-06 10:45:00+00:00,69873.5625,69873.5625,69723.8671875,69730.765625,289800192,0.0,0.0
2026-04-06 11:00:00+00:00,69755.96875,69755.96875,69668.875,69687.4140625,117891072,0.0,0.0
2026-04-06 11:15:00+00:00,69678.265625,69702.1796875,69601.6796875,69632.0390625,109539328,0.0,0.0
2026-04-06 11:30:00+00:00,69623.328125,69684.0546875,69578.140625,69647.8984375,532848640,0.0,0.0
2026-04-06 11:45:00+00:00,69645.9140625,69670.0546875,69577.65625,69595.9453125,57475072,0.0,0.0
2026-04-06 12:00:00+00:00,69601.015625,69615.703125,69462.90625,69484.765625,39075840,0.0,0.0
2026-04-06 12:15:00+00:00,69483.375,69505.7265625,69447.140625,69484.7890625,176484352,0.0,0.0
2026-04-06 12:30:00+00:00,69421.796875,69509.984375,69416.375,69484.59375,14278656,0.0,0.0
2026-04-06 12:45:00+00:00,69491.9375,69522.71875,69348.5234375,69356.1484375,84385792,0.0,0.0
2026-04-06 13:00:00+00:00,69365.3125,69426.6171875,69365.3125,69403.4375,30896128,0.0,0.0
2026-04-06 13:15:00+00:00,69401.671875,69458.2421875,69326.1328125,69452.1171875,41545728,0.0,0.0
2026-04-06 13:30:00+00:00,69446.8828125,69486.828125,69260.03125,69367.7578125,401858560,0.0,0.0
2026-04-06 13:45:00+00:00,69335.0625,69434.5859375,69283.609375,69354.2890625,329134080,0.0,0.0
2026-04-06 14:00:00+00:00,69366.4375,69446.4765625,69206.546875,69268.0859375,250667008,0.0,0.0
2026-04-06 14:15:00+00:00,69398.71875,69605.9609375,69372.7578125,69563.25,412221440,0.0,0.0
2026-04-06 14:30:00+00:00,69541.375,69762.5703125,69328.921875,69428.1640625,387657728,0.0,0.0
2026-04-06 14:45:00+00:00,69455.03125,69660.390625,69327.75,69660.390625,867487744,0.0,0.0
2026-04-06 15:00:00+00:00,69645.2578125,69725.6796875,69578.390625,69725.6796875,257728512,0.0,0.0
2026-04-06 15:15:00+00:00,69713.359375,69725.265625,69614.4765625,69660.6171875,205762560,0.0,0.0
2026-04-06 15:30:00+00:00,69725.1171875,69760.6484375,69665.828125,69760.1953125,0,0.0,0.0
2026-04-06 15:45:00+00:00,69760.1953125,69941.1171875,69760.1953125,69930.125,206684160,0.0,0.0
2026-04-06 16:00:00+00:00,69947.6875,69995.203125,69883.921875,69995.203125,257486848,0.0,0.0
2026-04-06 16:15:00+00:00,70044.875,70044.875,69960.171875,69988.1015625,1120858112,0.0,0.0
2026-04-06 16:30:00+00:00,69929.4921875,70075.7890625,69876.4765625,70075.7890625,362119168,0.0,0.0
2026-04-06 16:45:00+00:00,70107.8125,70237.1015625,69834.8359375,69834.8359375,418103296,0.0,0.0
2026-04-06 17:00:00+00:00,69800.9921875,69800.9921875,69344.390625,69344.390625,637448192,0.0,0.0
2026-04-06 17:15:00+00:00,69312.8515625,69523.328125,69283.7578125,69523.328125,114810880,0.0,0.0
2026-04-06 17:30:00+00:00,69534.6171875,69580.3359375,69443.3203125,69468.9375,788889600,0.0,0.0
2026-04-06 17:45:00+00:00,69473.25,69576.6875,69436.9140625,69563.90625,126029824,0.0,0.0
2026-04-06 18:00:00+00:00,69563.015625,69719.953125,69494.59375,69719.953125,218861568,0.0,0.0
2026-04-06 18:15:00+00:00,69715.5,69910.296875,69715.5,69888.28125,224448512,0.0,0.0
2026-04-06 18:30:00+00:00,69861.8046875,69912.4375,69756.9296875,69777.2109375,292188160,0.0,0.0
2026-04-06 18:45:00+00:00,69781.546875,69889.75,69750.2265625,69884.3203125,208293888,0.0,0.0
2026-04-06 19:00:00+00:00,69887.515625,69887.515625,69603.796875,69606.390625,105160704,0.0,0.0
2026-04-06 19:15:00+00:00,69718.625,69887.1796875,69718.625,69814.4140625,218529792,0.0,0.0
2026-04-06 19:30:00+00:00,69847.71875,69869.0859375,69685.1640625,69737.734375,594227200,0.0,0.0
2026-04-06 19:45:00+00:00,69750.0625,69754.25,69672.59375,69704.140625,138182656,0.0,0.0
2026-04-06 20:00:00+00:00,69733.0,69733.0,69619.25,69710.9140625,273121280,0.0,0.0
2026-04-06 20:15:00+00:00,69749.546875,69941.359375,69749.546875,69941.359375,171716608,0.0,0.0
2026-04-06 20:30:00+00:00,69948.6328125,69973.8203125,69916.6953125,69916.6953125,164761600,0.0,0.0
2026-04-06 20:45:00+00:00,69914.8203125,69914.8203125,69836.140625,69839.546875,119812096,0.0,0.0
2026-04-06 21:00:00+00:00,69828.203125,69828.203125,69707.859375,69718.359375,508059648,0.0,0.0
2026-04-06 21:15:00+00:00,69726.0078125,69737.0390625,69668.71875,69671.8828125,0,0.0,0.0
2026-04-06 21:30:00+00:00,69666.375,69666.375,69483.359375,69500.125,270737408,0.0,0.0
2026-04-06 21:45:00+00:00,69464.78125,69562.625,69464.78125,69522.0,282275840,0.0,0.0
2026-04-06 22:00:00+00:00,69471.375,69558.8984375,69426.8515625,69533.109375,0,0.0,0.0
2026-04-06 22:15:00+00:00,69556.8203125,69556.8203125,69343.578125,69393.1328125,0,0.0,0.0
2026-04-06 22:30:00+00:00,69343.09375,69343.09375,69232.46875,69273.3125,171905024,0.0,0.0
2026-04-06 22:45:00+00:00,69248.3828125,69248.3828125,68900.90625,68918.875,36663296,0.0,0.0
2026-04-06 23:00:00+00:00,68814.5546875,68814.5546875,68367.84375,68667.2421875,222007296,0.0,0.0
2026-04-06 23:15:00+00:00,68599.9609375,68684.484375,68505.5390625,68513.25,0,0.0,0.0
2026-04-06 23:30:00+00:00,68514.1875,68814.5390625,68514.1875,68791.2578125,0,0.0,0.0
2026-04-06 23:45:00+00:00,68836.7265625,68896.75,68793.1171875,68859.375,6565888,0.0,0.0
2026-04-07 00:00:00+00:00,68860.4609375,69034.6328125,68842.046875,68968.34375,0,0.0,0.0
2026-04-07 00:15:00+00:00,68941.4296875,69035.9765625,68883.171875,68923.1953125,28143616,0.0,0.0
2026-04-07 00:30:00+00:00,68933.1328125,68954.2265625,68749.859375,68766.4296875,10977280,0.0,0.0
2026-04-07 00:45:00+00:00,68769.8671875,68875.671875,68751.140625,68834.3125,74924032,0.0,0.0
2026-04-07 01:00:00+00:00,68786.0546875,68786.0546875,68555.25,68602.7109375,250540032,0.0,0.0
2026-04-07 01:15:00+00:00,68612.6484375,68833.0234375,68612.6484375,68738.4921875,133533696,0.0,0.0
2026-04-07 01:30:00+00:00,68752.7734375,68769.875,68596.09375,68616.6640625,22659072,0.0,0.0
2026-04-07 01:45:00+00:00,68636.0625,68636.0625,68372.65625,68407.5,104607744,0.0,0.0
2026-04-07 02:00:00+00:00,68413.4921875,68462.8515625,68286.8046875,68417.875,73682944,0.0,0.0
2026-04-07 02:15:00+00:00,68412.5390625,68559.734375,68412.5390625,68559.734375,0,0.0,0.0
2026-04-07 02:30:00+00:00,68568.3984375,68682.9765625,68514.3046875,68610.59375,0,0.0,0.0
2026-04-07 02:45:00+00:00,68612.6953125,68668.671875,68565.234375,68668.671875,84443136,0.0,0.0
2026-04-07 03:00:00+00:00,68672.4375,68721.203125,68630.9375,68662.1171875,316436480,0.0,0.0
2026-04-07 03:15:00+00:00,68670.9765625,68772.109375,68649.7890625,68766.890625,0,0.0,0.0
2026-04-07 03:30:00+00:00,68753.9453125,68776.8828125,68738.2734375,68756.1875,170364928,0.0,0.0
2026-04-07 03:45:00+00:00,68777.5859375,68777.5859375,68731.3515625,68756.09375,0,0.0,0.0
2026-04-07 04:00:00+00:00,68761.765625,68761.765625,68639.0859375,68639.0859375,0,0.0,0.0
2026-04-07 04:15:00+00:00,68641.9140625,68654.234375,68544.8125,68604.296875,152981504,0.0,0.0
2026-04-07 04:30:00+00:00,68598.0625,68844.7578125,68598.0625,68826.515625,120983552,0.0,0.0
2026-04-07 04:45:00+00:00,68837.8671875,68964.1953125,68832.6015625,68876.296875,215678976,0.0,0.0
2026-04-07 05:00:00+00:00,68841.0078125,68841.0078125,68785.6015625,68810.890625,542048256,0.0,0.0
2026-04-07 05:15:00+00:00,68805.7265625,68815.2109375,68700.390625,68700.390625,67284992,0.0,0.0
2026-04-07 05:30:00+00:00,68703.359375,68728.703125,68659.0390625,68663.3671875,40878080,0.0,0.0
2026-04-07 05:45:00+00:00,68652.625,68663.2265625,68623.734375,68623.734375,64786432,0.0,0.0
2026-04-07 06:00:00+00:00,68632.859375,68638.40625,68498.421875,68498.421875,48132096,0.0,0.0
2026-04-07 06:15:00+00:00,68514.8984375,68563.078125,68432.515625,68562.1640625,0,0.0,0.0
2026-04-07 06:30:00+00:00,68562.0234375,68562.0234375,68482.4296875,68545.0234375,113520640,0.0,0.0
2026-04-07 06:45:00+00:00,68529.4609375,68573.6171875,68503.640625,68559.765625,0,0.0,0.0
2026-04-07 07:00:00+00:00,68557.8671875,68557.8671875,68491.7734375,68522.9453125,0,0.0,0.0
2026-04-07 07:15:00+00:00,68538.5,68637.2578125,68522.25,68564.109375,120918016,0.0,0.0
2026-04-07 07:30:00+00:00,68572.453125,68679.46875,68572.453125,68652.65625,19959808,0.0,0.0
2026-04-07 07:45:00+00:00,68659.59375,68669.2421875,68632.78125,68632.78125,0,0.0,0.0
2026-04-07 08:00:00+00:00,68618.9140625,68783.640625,68616.34375,68725.6640625,0,0.0,0.0
2026-04-07 08:15:00+00:00,68719.0078125,68842.265625,68668.671875,68761.515625,281092096,0.0,0.0
2026-04-07 08:30:00+00:00,68763.1875,68851.09375,68763.1875,68839.1953125,1425408,0.0,0.0
2026-04-07 08:45:00+00:00,68839.1953125,68961.609375,68839.1953125,68945.296875,28676096,0.0,0.0
2026-04-07 09:00:00+00:00,68945.3984375,69189.3125,68941.453125,69111.296875,0,0.0,0.0
2026-04-07 09:15:00+00:00,69107.109375,69139.3828125,69042.15625,69042.15625,0,0.0,0.0
2026-04-07 09:30:00+00:00,69038.4296875,69215.59375,69038.4296875,69215.59375,0,0.0,0.0
2026-04-07 09:45:00+00:00,69193.5546875,69193.5546875,69131.8046875,69144.3359375,12277760,0.0,0.0
2026-04-07 10:00:00+00:00,69150.4921875,69178.546875,68883.53125,68927.296875,120180736,0.0,0.0
2026-04-07 10:15:00+00:00,68920.015625,68988.46875,68701.7265625,68701.7265625,38596608,0.0,0.0
2026-04-07 10:30:00+00:00,68720.2734375,68739.28125,68484.5234375,68499.5703125,92841984,0.0,0.0
2026-04-07 10:45:00+00:00,68476.40625,68476.40625,68220.5625,68233.8515625,629540864,0.0,0.0
2026-04-07 11:00:00+00:00,68225.6640625,68306.0703125,68075.421875,68294.0234375,443879424,0.0,0.0
2026-04-07 11:15:00+00:00,68298.921875,68399.2421875,68258.890625,68389.328125,362113024,0.0,0.0
2026-04-07 11:30:00+00:00,68325.90625,68424.375,68296.2578125,68394.9296875,92790784,0.0,0.0
2026-04-07 11:45:00+00:00,68399.671875,68412.8828125,68333.3203125,68356.046875,6242304,0.0,0.0
2026-04-07 12:00:00+00:00,68342.5,68387.90625,68092.734375,68253.9453125,264755200,0.0,0.0
2026-04-07 12:15:00+00:00,68261.4765625,68400.90625,68206.4453125,68396.921875,152332288,0.0,0.0
2026-04-07 12:30:00+00:00,68398.21875,68432.4609375,68321.9921875,68321.9921875,90859520,0.0,0.0
2026-04-07 12:45:00+00:00,68283.1015625,68456.1875,68260.375,68412.96875,0,0.0,0.0
2026-04-07 13:00:00+00:00,68379.7890625,68607.7734375,68379.7890625,68540.59375,883038208,0.0,0.0
2026-04-07 13:15:00+00:00,68600.78125,68611.0234375,68456.4921875,68474.8125,203905024,0.0,0.0
2026-04-07 13:30:00+00:00,68471.2734375,68498.6875,68364.078125,68364.078125,48166912,0.0,0.0
2026-04-07 13:45:00+00:00,68316.7109375,68399.9765625,68205.890625,68254.234375,163055616,0.0,0.0
2026-04-07 14:00:00+00:00,68232.203125,68232.203125,67845.9375,67881.171875,296763392,0.0,0.0
2026-04-07 14:15:00+00:00,67884.1953125,68129.0859375,67798.203125,68016.7734375,288911360,0.0,0.0
2026-04-07 14:30:00+00:00,68100.71875,68125.9609375,68019.3203125,68046.46875,102074368,0.0,0.0
2026-04-07 14:45:00+00:00,68020.40625,68103.453125,67916.6953125,67916.6953125,46960640,0.0,0.0
2026-04-07 15:00:00+00:00,67856.078125,67946.5625,67755.734375,67862.921875,1558628352,0.0,0.0
2026-04-07 15:15:00+00:00,68087.4296875,68142.046875,67989.1015625,68142.046875,186662912,0.0,0.0
2026-04-07 15:30:00+00:00,68172.8125,68175.578125,68065.2265625,68078.71875,185262080,0.0,0.0
2026-04-07 15:45:00+00:00,68101.65625,68160.1171875,68073.8671875,68141.9921875,78991360,0.0,0.0
2026-04-07 16:00:00+00:00,68151.7109375,68335.0390625,68102.5546875,68111.34375,30656512,0.0,0.0
2026-04-07 16:15:00+00:00,68125.7578125,68327.59375,68108.109375,68315.1640625,137850880,0.0,0.0
2026-04-07 16:30:00+00:00,68366.703125,68366.703125,68288.421875,68310.4921875,52916224,0.0,0.0
2026-04-07 16:45:00+00:00,68306.6484375,68349.484375,68192.9296875,68216.5859375,0,0.0,0.0
2026-04-07 17:00:00+00:00,68213.9296875,68338.671875,68211.8671875,68322.21875,0,0.0,0.0
2026-04-07 17:15:00+00:00,68285.15625,68381.71875,68197.21875,68363.8671875,0,0.0,0.0
2026-04-07 17:30:00+00:00,68385.0546875,68781.109375,68385.0546875,68723.859375,735545344,0.0,0.0
2026-04-07 17:45:00+00:00,68688.515625,68783.3515625,68677.375,68707.1875,319449088,0.0,0.0
2026-04-07 18:00:00+00:00,68692.15625,68745.515625,68613.0546875,68662.796875,0,0.0,0.0
2026-04-07 18:15:00+00:00,68653.140625,68653.140625,68572.1015625,68612.6953125,42840064,0.0,0.0
2026-04-07 18:30:00+00:00,68627.2421875,68702.453125,68504.34375,68504.34375,102811648,0.0,0.0
2026-04-07 18:45:00+00:00,68507.4609375,68507.4609375,68348.3125,68426.2734375,252344320,0.0,0.0
2026-04-07 19:00:00+00:00,68428.25,68454.390625,68372.921875,68417.3359375,202469376,0.0,0.0
2026-04-07 19:15:00+00:00,68438.5390625,68707.3125,68438.5390625,68601.5546875,201043968,0.0,0.0
2026-04-07 19:30:00+00:00,68571.6640625,68571.6640625,68463.6796875,68469.9609375,167624704,0.0,0.0
2026-04-07 19:45:00+00:00,68516.3515625,69064.8359375,68516.3515625,68958.59375,801054720,0.0,0.0
2026-04-07 20:00:00+00:00,69001.296875,69502.0703125,69001.296875,69410.3125,232701952,0.0,0.0
2026-04-07 20:15:00+00:00,69419.984375,69419.984375,69282.0,69373.453125,599437312,0.0,0.0
2026-04-07 20:30:00+00:00,69357.21875,69374.84375,69238.0625,69325.2890625,222277632,0.0,0.0
2026-04-07 20:45:00+00:00,69295.21875,69295.21875,69181.015625,69281.7109375,202010624,0.0,0.0
2026-04-07 21:00:00+00:00,69301.40625,70160.59375,69301.40625,70069.5,659484672,0.0,0.0
2026-04-07 21:15:00+00:00,70035.4921875,70035.4921875,69519.421875,69519.421875,699498496,0.0,0.0
2026-04-07 21:30:00+00:00,69618.1953125,69845.8125,69618.1953125,69845.8125,396693504,0.0,0.0
2026-04-07 21:45:00+00:00,69884.921875,70036.8046875,69839.3359375,69908.7421875,325144576,0.0,0.0
2026-04-07 22:00:00+00:00,69911.75,70411.9921875,69911.75,70221.6640625,371777536,0.0,0.0
2026-04-07 22:15:00+00:00,70272.765625,70428.6875,70191.5625,70428.6875,668311552,0.0,0.0
2026-04-07 22:30:00+00:00,70462.578125,71235.9609375,70445.53125,70718.71875,1521532928,0.0,0.0
2026-04-07 22:45:00+00:00,70770.84375,71430.3515625,70770.84375,71430.3515625,609783808,0.0,0.0
2026-04-07 23:00:00+00:00,71482.6015625,71531.46875,71232.0703125,71411.4453125,571359232,0.0,0.0
2026-04-07 23:15:00+00:00,71448.0234375,72412.53125,71332.140625,72412.53125,1227362304,0.0,0.0
2026-04-07 23:30:00+00:00,72484.7734375,72484.7734375,71979.2265625,71979.2265625,1359654912,0.0,0.0
2026-04-07 23:45:00+00:00,72062.703125,72205.875,71913.6171875,71950.1484375,650436608,0.0,0.0
2026-04-08 00:00:00+00:00,71926.15625,72057.078125,71807.2578125,71986.3671875,342921216,0.0,0.0
2026-04-08 00:15:00+00:00,71954.9453125,72052.71875,71895.9140625,71909.453125,452112384,0.0,0.0
2026-04-08 00:30:00+00:00,71904.484375,71979.421875,71748.4609375,71899.8671875,300109824,0.0,0.0
2026-04-08 00:45:00+00:00,71803.703125,71809.4609375,71556.203125,71673.5703125,214958080,0.0,0.0
2026-04-08 01:00:00+00:00,71688.7890625,71729.0,71555.9296875,71711.140625,34582528,0.0,0.0
2026-04-08 01:15:00+00:00,71693.7734375,71693.7734375,71463.1640625,71463.1640625,1154764800,0.0,0.0
2026-04-08 01:30:00+00:00,71460.5625,71559.7265625,71454.5234375,71489.96875,80187392,0.0,0.0
2026-04-08 01:45:00+00:00,71460.8671875,71547.5703125,71457.9453125,71457.9453125,140808192,0.0,0.0
2026-04-08 02:00:00+00:00,71462.34375,71700.5625,71455.8984375,71700.5625,219377664,0.0,0.0
2026-04-08 02:15:00+00:00,71699.6640625,71699.6640625,71430.296875,71462.1640625,329179136,0.0,0.0
2026-04-08 02:30:00+00:00,71454.59375,71454.59375,71276.15625,71278.84375,885465088,0.0,0.0
2026-04-08 02:45:00+00:00,71284.6171875,71359.421875,71284.6171875,71323.6015625,178098176,0.0,0.0
2026-04-08 03:00:00+00:00,71322.296875,71407.421875,71322.296875,71331.1171875,115142656,0.0,0.0
2026-04-08 03:15:00+00:00,71292.8203125,71406.6484375,71273.4453125,71406.6484375,240996352,0.0,0.0
2026-04-08 03:30:00+00:00,71466.1875,71466.1875,71361.09375,71384.2265625,186912768,0.0,0.0
2026-04-08 03:45:00+00:00,71366.109375,71366.109375,71286.484375,71289.5078125,39628800,0.0,0.0
2026-04-08 04:00:00+00:00,71286.9296875,71505.203125,71286.9296875,71505.203125,225964032,0.0,0.0
2026-04-08 04:15:00+00:00,71490.578125,71574.1328125,71479.5078125,71574.1328125,185307136,0.0,0.0
2026-04-08 04:30:00+00:00,71566.453125,71629.984375,71524.5390625,71585.453125,23937024,0.0,0.0
2026-04-08 04:45:00+00:00,71600.0,71631.9765625,71549.1015625,71588.4609375,185892864,0.0,0.0
2026-04-08 05:00:00+00:00,71566.6953125,71649.2734375,71550.8359375,71643.4921875,63520768,0.0,0.0
2026-04-08 05:15:00+00:00,71659.390625,71755.390625,71654.984375,71710.5390625,570863616,0.0,0.0
2026-04-08 05:30:00+00:00,71711.7421875,71740.3125,71679.7265625,71712.1796875,180379648,0.0,0.0
2026-04-08 05:45:00+00:00,71679.4296875,71793.8671875,71679.4296875,71718.125,229416960,0.0,0.0
2026-04-08 06:00:00+00:00,71714.875,71791.7578125,71601.90625,71791.7578125,78499840,0.0,0.0
2026-04-08 06:15:00+00:00,71777.7734375,71911.2734375,71760.40625,71815.1875,134537216,0.0,0.0
2026-04-08 06:30:00+00:00,71815.1875,71849.828125,71769.328125,71810.4921875,436383744,0.0,0.0
2026-04-08 06:45:00+00:00,71798.0,71803.4296875,71715.1171875,71720.1875,71979008,0.0,0.0
2026-04-08 07:00:00+00:00,71712.5703125,71737.734375,71637.1015625,71737.734375,604045312,0.0,0.0
2026-04-08 07:15:00+00:00,71751.703125,71882.296875,71708.0390625,71857.234375,314544128,0.0,0.0
2026-04-08 07:30:00+00:00,71702.6875,71702.6875,71642.7109375,71642.7109375,284020736,0.0,0.0
2026-04-08 07:45:00+00:00,71640.8515625,71640.8515625,71601.6328125,71608.8203125,595185664,0.0,0.0
2026-04-08 08:00:00+00:00,71628.890625,71778.15625,71628.890625,71702.6171875,212975616,0.0,0.0
2026-04-08 08:15:00+00:00,71704.0,71778.265625,71696.421875,71739.046875,136269824,0.0,0.0
2026-04-08 08:30:00+00:00,71738.203125,71814.53125,71661.4375,71661.4375,111771648,0.0,0.0
2026-04-08 08:45:00+00:00,71702.34375,71768.3046875,71702.34375,71759.0546875,153554944,0.0,0.0
2026-04-08 09:00:00+00:00,71787.71875,71932.7578125,71787.71875,71850.9765625,66277376,0.0,0.0
2026-04-08 09:15:00+00:00,71831.3046875,71844.4453125,71702.1171875,71702.1171875,66453504,0.0,0.0
2026-04-08 09:30:00+00:00,71693.7265625,71714.25,71636.3671875,71636.3671875,123277312,0.0,0.0
2026-04-08 09:45:00+00:00,71592.203125,71687.578125,71592.203125,71679.1796875,182173696,0.0,0.0
2026-04-08 10:00:00+00:00,71672.5546875,71714.15625,71600.34375,71600.34375,12201984,0.0,0.0
2026-04-08 10:15:00+00:00,71606.0859375,71669.25,71606.0859375,71643.7109375,105717760,0.0,0.0
2026-04-08 10:30:00+00:00,71646.9609375,71646.9609375,71476.21875,71547.96875,33398784,0.0,0.0
2026-04-08 10:45:00+00:00,71546.375,71567.125,71491.28125,71491.28125,0,0.0,0.0
2026-04-08 11:00:00+00:00,71484.3203125,71623.4140625,71474.453125,71623.4140625,0,0.0,0.0
2026-04-08 11:15:00+00:00,71627.875,71645.4921875,71530.53125,71642.0,86265856,0.0,0.0
2026-04-08 11:30:00+00:00,71653.5390625,71653.5390625,71417.4609375,71523.9453125,138481664,0.0,0.0
2026-04-08 11:45:00+00:00,71517.25,71711.5390625,71514.8046875,71665.8984375,486170624,0.0,0.0
2026-04-08 12:00:00+00:00,71671.8984375,71782.1796875,71671.8984375,71782.1796875,0,0.0,0.0
2026-04-08 12:15:00+00:00,71830.1640625,71830.1640625,71634.3203125,71743.4140625,151777280,0.0,0.0
2026-04-08 12:30:00+00:00,71773.296875,71937.9296875,71759.28125,71875.484375,159932416,0.0,0.0
2026-04-08 12:45:00+00:00,71918.109375,72078.859375,71910.359375,72078.859375,614920192,0.0,0.0
2026-04-08 13:00:00+00:00,72072.5859375,72680.9296875,72072.5859375,72650.65625,390246400,0.0,0.0
2026-04-08 13:15:00+00:00,72590.7265625,72739.1796875,72435.7890625,72467.9921875,1394884608,0.0,0.0
2026-04-08 13:30:00+00:00,72454.8359375,72454.8359375,71673.7890625,71673.7890625,604512256,0.0,0.0
2026-04-08 13:45:00+00:00,71689.15625,71897.328125,71523.8359375,71523.8359375,586366976,0.0,0.0
2026-04-08 14:00:00+00:00,71598.1171875,71704.453125,71364.3203125,71536.46875,160083968,0.0,0.0
2026-04-08 14:15:00+00:00,71538.1953125,71581.2109375,71415.375,71491.234375,131055616,0.0,0.0
2026-04-08 14:30:00+00:00,71460.9140625,71460.9140625,70941.109375,71118.5546875,568659968,0.0,0.0
2026-04-08 14:45:00+00:00,71087.625,71136.6875,70754.125,70838.4921875,591237120,0.0,0.0
2026-04-08 15:00:00+00:00,70868.1171875,71039.4140625,70868.1171875,71039.4140625,72822784,0.0,0.0
2026-04-08 15:15:00+00:00,71070.890625,71174.5234375,71070.890625,71141.4375,205033472,0.0,0.0
2026-04-08 15:30:00+00:00,71158.3046875,71288.6015625,71128.3515625,71288.6015625,138371072,0.0,0.0
2026-04-08 15:45:00+00:00,71174.546875,71326.078125,71174.546875,71301.046875,23310336,0.0,0.0
2026-04-08 16:00:00+00:00,71295.5390625,71415.9609375,71295.5390625,71337.9453125,592588800,0.0,0.0
2026-04-08 16:15:00+00:00,71333.328125,71481.140625,71286.6328125,71421.09375,125554688,0.0,0.0
2026-04-08 16:30:00+00:00,71296.2578125,71449.78125,71272.5546875,71449.78125,93253632,0.0,0.0
2026-04-08 16:45:00+00:00,71442.203125,71637.2734375,71442.203125,71619.1796875,229208064,0.0,0.0
2026-04-08 17:00:00+00:00,71600.4765625,71770.1640625,71600.4765625,71770.1640625,106598400,0.0,0.0
2026-04-08 17:15:00+00:00,71788.859375,71788.859375,71509.0546875,71539.6171875,243273728,0.0,0.0
2026-04-08 17:30:00+00:00,71644.0703125,71937.984375,71644.0703125,71785.390625,73510912,0.0,0.0
2026-04-08 17:45:00+00:00,71835.4140625,71910.0546875,71835.4140625,71910.0546875,108163072,0.0,0.0
2026-04-08 18:00:00+00:00,71885.625,71885.625,71674.265625,71674.265625,45035520,0.0,0.0
2026-04-08 18:15:00+00:00,71707.359375,71751.0546875,71318.90625,71366.109375,158519296,0.0,0.0
2026-04-08 18:30:00+00:00,71433.2578125,71552.015625,71421.2421875,71421.2421875,193622016,0.0,0.0
2026-04-08 18:45:00+00:00,71288.171875,71335.890625,71107.8828125,71126.171875,152535040,0.0,0.0
2026-04-08 19:00:00+00:00,71090.7734375,71242.578125,71078.375,71236.25,27738112,0.0,0.0
2026-04-08 19:15:00+00:00,71243.75,71269.9921875,71130.109375,71130.1171875,167669760,0.0,0.0
2026-04-08 19:30:00+00:00,71106.5234375,71311.5703125,71106.5234375,71199.3125,19070976,0.0,0.0
2026-04-08 19:45:00+00:00,71303.75,71353.8671875,71276.2890625,71301.3984375,0,0.0,0.0
2026-04-08 20:00:00+00:00,71319.5703125,71441.578125,71319.5703125,71441.578125,0,0.0,0.0
2026-04-08 20:15:00+00:00,71441.84375,71480.0234375,71387.8828125,71436.8125,26767360,0.0,0.0
2026-04-08 20:30:00+00:00,71443.078125,71443.078125,71303.03125,71322.53125,0,0.0,0.0
2026-04-08 20:45:00+00:00,71308.109375,71367.4765625,71289.65625,71367.4765625,0,0.0,0.0
2026-04-08 21:00:00+00:00,71353.890625,71568.0,71339.625,71568.0,0,0.0,0.0
2026-04-08 21:15:00+00:00,71521.2734375,71721.1015625,71521.2734375,71715.5390625,0,0.0,0.0
2026-04-08 21:30:00+00:00,71641.6953125,71697.09375,71576.078125,71628.8203125,100220928,0.0,0.0
2026-04-08 21:45:00+00:00,71545.75,71604.21875,71518.7890625,71518.7890625,0,0.0,0.0
2026-04-08 22:00:00+00:00,71546.6796875,71546.6796875,71394.359375,71394.359375,0,0.0,0.0
2026-04-08 22:15:00+00:00,71439.5859375,71460.4375,71199.6171875,71199.6171875,0,0.0,0.0
2026-04-08 22:30:00+00:00,71157.7578125,71344.734375,71126.4609375,71269.703125,0,0.0,0.0
2026-04-08 22:45:00+00:00,71245.8046875,71262.6875,71088.3046875,71088.3046875,0,0.0,0.0
2026-04-08 23:00:00+00:00,70972.7578125,71131.21875,70923.90625,71131.21875,0,0.0,0.0
2026-04-08 23:15:00+00:00,71132.890625,71164.3984375,70970.3828125,71009.9921875,0,0.0,0.0
2026-04-08 23:30:00+00:00,70986.5234375,71110.3515625,70960.7421875,71068.7734375,0,0.0,0.0
2026-04-08 23:45:00+00:00,71081.9296875,71144.6953125,71081.9296875,71115.125,0,0.0,0.0
2026-04-09 00:00:00+00:00,71093.7578125,71093.7578125,70997.1875,71013.6171875,0,0.0,0.0
2026-04-09 00:15:00+00:00,71011.03125,71011.03125,70898.9765625,70963.1640625,4972544,0.0,0.0
2026-04-09 00:30:00+00:00,70810.5234375,70914.296875,70782.15625,70782.4921875,42713088,0.0,0.0
2026-04-09 00:45:00+00:00,70793.46875,70849.6328125,70688.7890625,70834.7734375,0,0.0,0.0
2026-04-09 01:00:00+00:00,70810.5703125,70855.9765625,70551.2890625,70608.390625,0,0.0,0.0
2026-04-09 01:15:00+00:00,70647.921875,70648.2890625,70528.3125,70584.2109375,154914816,0.0,0.0
2026-04-09 01:30:00+00:00,70580.3515625,70827.1796875,70580.3515625,70753.734375,47329280,0.0,0.0
2026-04-09 01:45:00+00:00,70753.4921875,70918.890625,70710.9140625,70911.1875,96235520,0.0,0.0
2026-04-09 02:00:00+00:00,70920.3984375,70975.609375,70842.53125,70842.53125,0,0.0,0.0
2026-04-09 02:15:00+00:00,70820.84375,71040.1953125,70820.84375,71040.1953125,0,0.0,0.0
2026-04-09 02:30:00+00:00,71027.484375,71068.5078125,70965.4453125,71002.9375,0,0.0,0.0
2026-04-09 02:45:00+00:00,71033.0625,71157.859375,71033.0625,71069.421875,176959488,0.0,0.0
2026-04-09 03:00:00+00:00,71036.3046875,71085.8671875,70964.8828125,70967.5703125,13721600,0.0,0.0
2026-04-09 03:15:00+00:00,70977.71875,70995.015625,70889.3828125,70889.3828125,473120768,0.0,0.0
2026-04-09 03:30:00+00:00,70902.2734375,70980.4375,70885.703125,70898.1953125,0,0.0,0.0
2026-04-09 03:45:00+00:00,70897.09375,71027.9296875,70860.5390625,70979.9140625,173940736,0.0,0.0
2026-04-09 04:00:00+00:00,70984.984375,70992.3046875,70906.515625,70906.515625,573440,0.0,0.0
2026-04-09 04:15:00+00:00,70901.90625,70904.328125,70827.875,70827.875,458752,0.0,0.0
2026-04-09 04:30:00+00:00,70865.4140625,70912.0859375,70865.4140625,70912.0859375,67768320,0.0,0.0
2026-04-09 04:45:00+00:00,70890.0859375,70890.0859375,70766.5390625,70766.5390625,0,0.0,0.0
2026-04-09 05:00:00+00:00,70758.9765625,70845.34375,70730.6796875,70839.640625,0,0.0,0.0
2026-04-09 05:15:00+00:00,70846.3828125,70988.9453125,70846.3828125,70988.9453125,127942656,0.0,0.0
2026-04-09 05:30:00+00:00,70981.3515625,71077.4921875,70981.3515625,71068.265625,81833984,0.0,0.0
2026-04-09 05:45:00+00:00,71051.28125,71051.28125,70923.765625,70972.8203125,0,0.0,0.0
2026-04-09 06:00:00+00:00,70975.71875,71069.796875,70975.71875,71015.8359375,0,0.0,0.0
2026-04-09 06:15:00+00:00,70995.203125,71001.3828125,70854.921875,70866.4609375,0,0.0,0.0
2026-04-09 06:30:00+00:00,70869.9296875,70940.8125,70864.078125,70930.328125,68141056,0.0,0.0
2026-04-09 06:45:00+00:00,70943.8515625,71009.359375,70917.4609375,71009.359375,0,0.0,0.0
2026-04-09 07:00:00+00:00,71023.703125,71076.234375,71023.703125,71069.2421875,0,0.0,0.0
2026-04-09 07:15:00+00:00,71069.28125,71069.28125,70981.1484375,70992.90625,0,0.0,0.0
2026-04-09 07:30:00+00:00,70987.9921875,71073.5625,70968.546875,70983.2734375,19619840,0.0,0.0
2026-04-09 07:45:00+00:00,71019.734375,71019.734375,70964.1015625,70964.1015625,0,0.0,0.0
2026-04-09 08:00:00+00:00,70968.703125,71004.703125,70901.5625,70938.5390625,0,0.0,0.0
2026-04-09 08:15:00+00:00,70922.796875,71007.890625,70907.6640625,70978.203125,0,0.0,0.0
2026-04-09 08:30:00+00:00,70984.1796875,71234.4609375,70984.1796875,71234.4609375,0,0.0,0.0
2026-04-09 08:45:00+00:00,71333.6875,71333.6875,71214.90625,71245.546875,744108032,0.0,0.0
2026-04-09 09:00:00+00:00,71258.9921875,71320.265625,71120.1640625,71320.265625,205553664,0.0,0.0
2026-04-09 09:15:00+00:00,71327.765625,71413.34375,71277.8125,71282.1171875,70131712,0.0,0.0
2026-04-09 09:30:00+00:00,71288.7421875,71288.7421875,71202.59375,71247.6328125,90427392,0.0,0.0
2026-04-09 09:45:00+00:00,71268.3125,71536.890625,71268.3125,71505.09375,21004288,0.0,0.0
2026-04-09 10:00:00+00:00,71503.3359375,71503.3359375,71362.328125,71362.328125,22884352,0.0,0.0
2026-04-09 10:15:00+00:00,71376.046875,71471.3125,71376.046875,71439.03125,72937472,0.0,0.0
2026-04-09 10:30:00+00:00,71391.0859375,71397.296875,71366.703125,71397.296875,0,0.0,0.0
2026-04-09 10:45:00+00:00,71406.6796875,71452.3984375,71292.984375,71292.984375,2805760,0.0,0.0
2026-04-09 11:00:00+00:00,71287.6953125,71321.0703125,71197.1484375,71197.1484375,0,0.0,0.0
2026-04-09 11:15:00+00:00,71205.1796875,71215.859375,71080.546875,71080.546875,26460160,0.0,0.0
2026-04-09 11:30:00+00:00,71159.3671875,71171.96875,71092.6640625,71167.4140625,179421184,0.0,0.0
2026-04-09 11:45:00+00:00,71165.375,71201.171875,71149.078125,71157.0078125,0,0.0,0.0
2026-04-09 12:00:00+00:00,71151.8515625,71234.1640625,71151.8515625,71205.8046875,32976896,0.0,0.0
2026-04-09 12:15:00+00:00,71196.1796875,71265.875,71059.296875,71265.875,0,0.0,0.0
2026-04-09 12:30:00+00:00,71270.9375,71270.9375,71151.953125,71209.6796875,15863808,0.0,0.0
2026-04-09 12:45:00+00:00,71213.3671875,71269.7109375,71145.359375,71269.7109375,0,0.0,0.0
2026-04-09 13:00:00+00:00,71267.5859375,71267.5859375,71101.921875,71101.921875,0,0.0,0.0
2026-04-09 13:15:00+00:00,71109.375,71146.171875,71066.46875,71146.171875,0,0.0,0.0
2026-04-09 13:30:00+00:00,71101.46875,71134.6328125,70821.125,70960.953125,0,0.0,0.0
2026-04-09 13:45:00+00:00,70818.25,70867.140625,70650.7890625,70812.71875,0,0.0,0.0
2026-04-09 14:00:00+00:00,70796.671875,70806.5234375,70668.515625,70767.046875,146761728,0.0,0.0
2026-04-09 14:15:00+00:00,70778.4453125,70778.4453125,70549.265625,70559.03125,0,0.0,0.0
2026-04-09 14:30:00+00:00,70595.1171875,70832.59375,70595.1171875,70832.59375,0,0.0,0.0
2026-04-09 14:45:00+00:00,70874.2421875,71200.6640625,70874.2421875,71116.171875,0,0.0,0.0
2026-04-09 15:00:00+00:00,71124.2421875,71205.515625,70938.3984375,71205.515625,12163072,0.0,0.0
2026-04-09 15:15:00+00:00,71327.96875,71584.1875,71327.96875,71354.4296875,205393920,0.0,0.0
2026-04-09 15:30:00+00:00,71352.3125,72104.2109375,71310.140625,72061.5859375,818552832,0.0,0.0
2026-04-09 15:45:00+00:00,72086.4921875,72317.9921875,72086.4921875,72103.4296875,891820032,0.0,0.0
2026-04-09 16:00:00+00:00,72122.2265625,72345.6875,72122.2265625,72256.6171875,477028352,0.0,0.0
2026-04-09 16:15:00+00:00,72169.546875,72328.875,72116.265625,72123.9921875,330702848,0.0,0.0
2026-04-09 16:30:00+00:00,72069.65625,72069.65625,71811.8515625,71909.9140625,654688256,0.0,0.0
2026-04-09 16:45:00+00:00,71962.171875,72019.4765625,71784.3515625,72019.4765625,244502528,0.0,0.0
2026-04-09 17:00:00+00:00,72262.65625,72500.890625,72262.65625,72428.0625,534241280,0.0,0.0
2026-04-09 17:15:00+00:00,72484.2265625,72519.0859375,72263.453125,72272.5625,1873952768,0.0,0.0
2026-04-09 17:30:00+00:00,72340.0390625,72468.75,72132.3828125,72468.75,145276928,0.0,0.0
2026-04-09 17:45:00+00:00,72430.1328125,72459.359375,72288.234375,72345.8828125,133099520,0.0,0.0
2026-04-09 18:00:00+00:00,72293.109375,72293.109375,71921.1328125,71921.1328125,270909440,0.0,0.0
2026-04-09 18:15:00+00:00,71916.3359375,71984.9453125,71790.4609375,71902.1484375,19636224,0.0,0.0
2026-04-09 18:30:00+00:00,71906.765625,71931.515625,71774.890625,71832.6015625,155840512,0.0,0.0
2026-04-09 18:45:00+00:00,71854.1640625,71899.296875,71844.96875,71886.0859375,8744960,0.0,0.0
2026-04-09 19:00:00+00:00,71890.2578125,72060.2734375,71849.7734375,72008.4375,0,0.0,0.0
2026-04-09 19:15:00+00:00,72037.0859375,72037.0859375,71785.296875,71803.734375,90988544,0.0,0.0
2026-04-09 19:30:00+00:00,71817.09375,72086.078125,71817.09375,72086.078125,59912192,0.0,0.0
2026-04-09 19:45:00+00:00,72119.1171875,72252.6484375,72064.0546875,72090.484375,158486528,0.0,0.0
2026-04-09 20:00:00+00:00,72109.1328125,72165.4296875,72037.734375,72165.4296875,760614912,0.0,0.0
2026-04-09 20:15:00+00:00,72183.828125,72341.2890625,72183.828125,72266.34375,347324416,0.0,0.0
2026-04-09 20:30:00+00:00,72294.453125,72436.1328125,72294.453125,72436.1328125,227270656,0.0,0.0
2026-04-09 20:45:00+00:00,72420.2578125,72420.2578125,72309.9140625,72390.7109375,97476608,0.0,0.0
2026-04-09 21:00:00+00:00,72414.75,72651.953125,72236.1015625,72337.390625,243634176,0.0,0.0
2026-04-09 21:15:00+00:00,72328.2578125,72328.2578125,72178.1171875,72231.40625,234274816,0.0,0.0
2026-04-09 21:30:00+00:00,72187.0859375,72366.84375,72180.625,72345.3359375,86859776,0.0,0.0
2026-04-09 21:45:00+00:00,72425.578125,72425.578125,72256.9765625,72256.9765625,49680384,0.0,0.0
2026-04-09 22:00:00+00:00,72258.2578125,72440.71875,72258.2578125,72440.71875,123310080,0.0,0.0
2026-04-09 22:15:00+00:00,72511.7890625,73004.65625,72511.7890625,72663.015625,942870528,0.0,0.0
2026-04-09 22:30:00+00:00,72617.390625,72617.390625,72305.8984375,72305.8984375,104226816,0.0,0.0
2026-04-09 22:45:00+00:00,72332.796875,72390.7109375,72041.1171875,72041.1171875,768548864,0.0,0.0
2026-04-09 23:00:00+00:00,71962.484375,72000.1171875,71777.34375,71777.34375,231088128,0.0,0.0
2026-04-09 23:15:00+00:00,71760.0703125,71850.546875,71720.078125,71847.34375,84922368,0.0,0.0
2026-04-09 23:30:00+00:00,71637.8125,71815.859375,71637.8125,71815.859375,334696448,0.0,0.0
2026-04-09 23:45:00+00:00,71728.71875,71800.3125,71728.71875,71774.3671875,108994560,0.0,0.0
2026-04-10 00:00:00+00:00,71783.515625,71860.578125,71751.109375,71815.3125,165507072,0.0,0.0
2026-04-10 00:15:00+00:00,71762.765625,71762.765625,71609.296875,71705.5078125,169238528,0.0,0.0
2026-04-10 00:30:00+00:00,71795.8203125,71951.0546875,71795.8203125,71909.9296875,78794752,0.0,0.0
2026-04-10 00:45:00+00:00,71891.1328125,72004.9296875,71886.90625,71907.890625,587096064,0.0,0.0
2026-04-10 01:00:00+00:00,71932.625,72069.9375,71861.046875,72053.1953125,37134336,0.0,0.0
2026-04-10 01:15:00+00:00,72023.8828125,72023.8828125,71730.296875,71842.3671875,124051456,0.0,0.0
2026-04-10 01:30:00+00:00,71825.4921875,72377.25,71825.4921875,72347.5625,316383232,0.0,0.0
2026-04-10 01:45:00+00:00,72286.8671875,72288.5859375,72152.9921875,72172.6484375,144846848,0.0,0.0
2026-04-10 02:00:00+00:00,72166.3984375,72281.828125,72132.2421875,72223.2265625,66277376,0.0,0.0
2026-04-10 02:15:00+00:00,72227.5625,72231.8984375,72188.796875,72188.796875,57851904,0.0,0.0
2026-04-10 02:30:00+00:00,72152.8046875,72188.015625,72133.5625,72133.5625,10436608,0.0,0.0
2026-04-10 02:45:00+00:00,72114.84375,72114.84375,71928.1953125,71953.8515625,49238016,0.0,0.0
2026-04-10 03:00:00+00:00,71961.484375,71974.7890625,71886.2265625,71886.2265625,77340672,0.0,0.0
2026-04-10 03:15:00+00:00,71870.3984375,71919.0234375,71838.96875,71838.96875,0,0.0,0.0
2026-04-10 03:30:00+00:00,71817.3515625,71957.984375,71817.3515625,71929.7734375,561414144,0.0,0.0
2026-04-10 03:45:00+00:00,71928.8984375,71935.421875,71855.390625,71866.9375,17223680,0.0,0.0
2026-04-10 04:00:00+00:00,71888.7265625,71933.9296875,71888.7265625,71904.1015625,124231680,0.0,0.0
2026-04-10 04:15:00+00:00,71887.453125,71931.53125,71887.453125,71904.3203125,95010816,0.0,0.0
2026-04-10 04:30:00+00:00,71889.4375,71909.578125,71845.609375,71895.0,171905024,0.0,0.0
2026-04-10 04:45:00+00:00,71896.4140625,72114.984375,71896.4140625,72075.203125,183820288,0.0,0.0
2026-04-10 05:00:00+00:00,72101.890625,72148.9140625,72027.4140625,72044.046875,117682176,0.0,0.0
2026-04-10 05:15:00+00:00,72038.734375,72255.078125,72036.65625,72247.6015625,679501824,0.0,0.0
2026-04-10 05:30:00+00:00,72235.5234375,72239.9453125,72178.40625,72178.40625,125698048,0.0,0.0
2026-04-10 05:45:00+00:00,72187.0625,72198.6171875,72104.9375,72110.9609375,220110848,0.0,0.0
2026-04-10 06:00:00+00:00,72124.4765625,72148.390625,72068.0625,72068.0625,82771968,0.0,0.0
2026-04-10 06:15:00+00:00,72143.6875,72143.6875,71955.5546875,71964.7890625,654290944,0.0,0.0
2026-04-10 06:30:00+00:00,71963.4296875,71972.7265625,71901.671875,71926.3125,66076672,0.0,0.0
2026-04-10 06:45:00+00:00,71927.515625,71954.6796875,71804.453125,71818.6171875,69058560,0.0,0.0
2026-04-10 07:00:00+00:00,71817.7890625,71827.6640625,71728.109375,71728.109375,29483008,0.0,0.0
2026-04-10 07:15:00+00:00,71719.328125,71761.1640625,71708.1796875,71726.28125,63352832,0.0,0.0
2026-04-10 07:30:00+00:00,71736.625,71757.0546875,71692.2109375,71692.2109375,33611776,0.0,0.0
2026-04-10 07:45:00+00:00,71661.2265625,71681.4921875,71445.828125,71474.5234375,142090240,0.0,0.0
2026-04-10 08:00:00+00:00,71484.5546875,71648.4453125,71444.78125,71609.2109375,252997632,0.0,0.0
2026-04-10 08:15:00+00:00,71596.5625,71670.0234375,71552.34375,71653.9375,243105792,0.0,0.0
2026-04-10 08:30:00+00:00,71672.1875,71747.3671875,71641.5625,71733.828125,1536000,0.0,0.0
2026-04-10 08:45:00+00:00,71696.125,71708.1875,71515.0703125,71601.859375,0,0.0,0.0
2026-04-10 09:00:00+00:00,71607.3828125,71685.875,71597.328125,71682.859375,0,0.0,0.0
2026-04-10 09:15:00+00:00,71689.0546875,71811.0546875,71689.0546875,71739.890625,84598784,0.0,0.0
2026-04-10 09:30:00+00:00,71753.578125,71853.765625,71753.578125,71799.7734375,47407104,0.0,0.0
2026-04-10 09:45:00+00:00,71807.2890625,71807.2890625,71754.3671875,71796.2734375,72605696,0.0,0.0
2026-04-10 10:00:00+00:00,71790.0390625,71802.234375,71736.1640625,71779.0078125,101994496,0.0,0.0
2026-04-10 10:15:00+00:00,71803.296875,71821.140625,71724.765625,71724.765625,24178688,0.0,0.0
2026-04-10 10:30:00+00:00,71730.984375,71817.6796875,71730.984375,71811.953125,49225728,0.0,0.0
2026-04-10 10:45:00+00:00,71805.921875,71927.125,71805.921875,71927.125,33730560,0.0,0.0
2026-04-10 11:00:00+00:00,71914.7734375,72139.40625,71914.7734375,72139.40625,470843392,0.0,0.0
2026-04-10 11:15:00+00:00,72126.5703125,72192.15625,72126.5703125,72182.046875,162172928,0.0,0.0
2026-04-10 11:30:00+00:00,72198.1640625,72246.2421875,72156.859375,72220.75,14598144,0.0,0.0
2026-04-10 11:45:00+00:00,72201.3671875,72250.0703125,72111.703125,72120.9609375,131944448,0.0,0.0
2026-04-10 12:00:00+00:00,72123.65625,72188.0234375,72113.359375,72113.359375,178085888,0.0,0.0
2026-04-10 12:15:00+00:00,72116.0078125,72275.796875,72051.0234375,72068.2890625,26107904,0.0,0.0
2026-04-10 12:30:00+00:00,72067.4296875,72420.3515625,72067.4296875,72367.2578125,380030976,0.0,0.0
2026-04-10 12:45:00+00:00,72323.0,72384.8671875,72217.25,72259.9296875,322416640,0.0,0.0
2026-04-10 13:00:00+00:00,72259.9375,72269.875,72207.34375,72229.5625,692662272,0.0,0.0
2026-04-10 13:15:00+00:00,72217.09375,72292.65625,72174.5546875,72290.171875,23580672,0.0,0.0
2026-04-10 13:30:00+00:00,72285.4453125,72345.859375,71946.921875,72025.0390625,495013888,0.0,0.0
2026-04-10 13:45:00+00:00,72127.671875,72353.125,72082.0,72353.125,103051264,0.0,0.0
2026-04-10 14:00:00+00:00,72328.6796875,72771.390625,72328.6796875,72703.4453125,388612096,0.0,0.0
2026-04-10 14:15:00+00:00,72695.109375,73059.984375,72695.109375,72944.515625,735850496,0.0,0.0
2026-04-10 14:30:00+00:00,72974.359375,73117.5390625,72923.75,72923.75,816181248,0.0,0.0
2026-04-10 14:45:00+00:00,72885.2578125,72983.71875,72794.515625,72902.0234375,391933952,0.0,0.0
2026-04-10 15:00:00+00:00,72958.8125,73133.703125,72919.5390625,73055.515625,67506176,0.0,0.0
2026-04-10 15:15:00+00:00,73066.28125,73289.9140625,72868.4140625,72868.4140625,707436544,0.0,0.0
2026-04-10 15:30:00+00:00,72807.8671875,72807.8671875,72641.875,72647.78125,49000448,0.0,0.0
2026-04-10 15:45:00+00:00,72716.9609375,72763.1796875,72403.5390625,72403.5390625,0,0.0,0.0
2026-04-10 16:00:00+00:00,72431.109375,72699.3671875,72420.078125,72699.3671875,0,0.0,0.0
2026-04-10 16:15:00+00:00,72684.4609375,72760.453125,72619.46875,72741.4921875,16588800,0.0,0.0
2026-04-10 16:30:00+00:00,72750.4609375,72772.296875,72658.4609375,72702.9609375,0,0.0,0.0
2026-04-10 16:45:00+00:00,72749.3203125,73034.765625,72749.3203125,73034.765625,0,0.0,0.0
2026-04-10 17:00:00+00:00,73002.578125,73002.578125,72867.9140625,72878.2265625,0,0.0,0.0
2026-04-10 17:15:00+00:00,72871.5,73020.7421875,72838.140625,72989.390625,0,0.0,0.0
2026-04-10 17:30:00+00:00,72936.0546875,72950.6171875,72860.140625,72935.1171875,132538368,0.0,0.0
2026-04-10 17:45:00+00:00,72956.0390625,73114.03125,72956.0390625,73101.09375,163135488,0.0,0.0
2026-04-10 18:00:00+00:00,73134.140625,73134.140625,72920.28125,73065.453125,2506752,0.0,0.0
2026-04-10 18:15:00+00:00,73099.4375,73099.4375,72913.828125,72985.2265625,131325952,0.0,0.0
2026-04-10 18:30:00+00:00,73011.265625,73012.4296875,72948.6171875,72957.9296875,50610176,0.0,0.0
2026-04-10 18:45:00+00:00,72975.3359375,73129.2578125,72975.3359375,73114.046875,85753856,0.0,0.0
2026-04-10 19:00:00+00:00,73118.453125,73263.1015625,73102.0234375,73263.1015625,135655424,0.0,0.0
2026-04-10 19:15:00+00:00,73219.1875,73219.1875,73039.1796875,73039.1796875,132608000,0.0,0.0
2026-04-10 19:30:00+00:00,72970.8515625,73014.046875,72945.1015625,72945.1015625,168701952,0.0,0.0
2026-04-10 19:45:00+00:00,72959.0859375,73234.4453125,72959.0859375,73234.4453125,0,0.0,0.0
2026-04-10 20:00:00+00:00,73218.1953125,73258.953125,73202.7890625,73216.6328125,200695808,0.0,0.0
2026-04-10 20:15:00+00:00,73241.4140625,73295.1796875,73165.5390625,73204.703125,140103680,0.0,0.0
2026-04-10 20:30:00+00:00,73262.78125,73420.15625,73081.796875,73163.3828125,66289664,0.0,0.0
2026-04-10 20:45:00+00:00,73212.59375,73421.8125,73212.59375,73377.0703125,185368576,0.0,0.0
2026-04-10 21:00:00+00:00,73371.953125,73371.953125,73174.4453125,73174.4453125,8699904,0.0,0.0
2026-04-10 21:15:00+00:00,73095.1015625,73179.3828125,73094.53125,73136.171875,24588288,0.0,0.0
2026-04-10 21:30:00+00:00,73096.3515625,73099.7734375,72993.9296875,72993.9296875,18526208,0.0,0.0
2026-04-10 21:45:00+00:00,73078.8359375,73203.6953125,73066.1640625,73203.6953125,220184576,0.0,0.0
2026-04-10 22:00:00+00:00,73202.296875,73223.703125,73140.3359375,73165.0,193761280,0.0,0.0
2026-04-10 22:15:00+00:00,73172.0859375,73193.0703125,73028.234375,73028.234375,0,0.0,0.0
2026-04-10 22:30:00+00:00,73025.7265625,73026.765625,72834.515625,72834.515625,103485440,0.0,0.0
2026-04-10 22:45:00+00:00,72874.796875,72919.671875,72864.4765625,72919.671875,111804416,0.0,0.0
2026-04-10 23:00:00+00:00,72908.984375,72908.984375,72822.1328125,72896.640625,0,0.0,0.0
2026-04-10 23:15:00+00:00,72888.1875,72930.203125,72844.9765625,72925.9765625,9113600,0.0,0.0
2026-04-10 23:30:00+00:00,72918.9453125,72942.4765625,72876.6796875,72935.0234375,0,0.0,0.0
2026-04-10 23:45:00+00:00,72945.671875,72976.125,72945.640625,72976.125,34844672,0.0,0.0
2026-04-11 00:00:00+00:00,72974.1953125,72974.1953125,72851.65625,72883.171875,0,0.0,0.0
2026-04-11 00:15:00+00:00,72893.7109375,72910.2109375,72868.859375,72907.078125,119627776,0.0,0.0
2026-04-11 00:30:00+00:00,72927.34375,72932.6640625,72879.625,72906.8203125,21250048,0.0,0.0
2026-04-11 00:45:00+00:00,72835.8828125,72857.515625,72829.4453125,72841.375,0,0.0,0.0
2026-04-11 01:00:00+00:00,72844.015625,72861.40625,72805.453125,72842.65625,0,0.0,0.0
2026-04-11 01:15:00+00:00,72838.8515625,72838.8515625,72722.609375,72779.78125,0,0.0,0.0
2026-04-11 01:30:00+00:00,72846.71875,72951.1953125,72846.71875,72898.328125,0,0.0,0.0
2026-04-11 01:45:00+00:00,72892.1953125,73003.703125,72892.1953125,72955.96875,1081344,0.0,0.0
2026-04-11 02:00:00+00:00,72954.3125,72988.3828125,72946.8203125,72988.3828125,0,0.0,0.0
2026-04-11 02:15:00+00:00,72990.53125,73065.5078125,72990.53125,73032.921875,67686400,0.0,0.0
2026-04-11 02:30:00+00:00,73024.6484375,73116.5234375,73024.6484375,73025.6953125,183095296,0.0,0.0
2026-04-11 02:45:00+00:00,73009.421875,73014.40625,72966.3359375,72984.203125,85995520,0.0,0.0
2026-04-11 03:00:00+00:00,72981.1484375,73098.7265625,72981.1484375,73098.7265625,0,0.0,0.0
2026-04-11 03:15:00+00:00,73079.6015625,73079.6015625,73039.6015625,73044.5390625,136241152,0.0,0.0
2026-04-11 03:30:00+00:00,73041.4453125,73041.4453125,72968.2421875,73036.0,164438016,0.0,0.0
2026-04-11 03:45:00+00:00,72991.28125,73008.484375,72867.390625,72867.390625,87953408,0.0,0.0
2026-04-11 04:00:00+00:00,72886.9375,72972.625,72853.171875,72944.9453125,85204992,0.0,0.0
2026-04-11 04:15:00+00:00,72861.4609375,72861.4609375,72738.515625,72738.515625,193392640,0.0,0.0
2026-04-11 04:30:00+00:00,72771.15625,72843.09375,72771.15625,72814.953125,84189184,0.0,0.0
2026-04-11 04:45:00+00:00,72827.671875,72852.453125,72804.7109375,72824.890625,0,0.0,0.0
2026-04-11 05:00:00+00:00,72843.453125,72856.34375,72770.3125,72770.3125,0,0.0,0.0
2026-04-11 05:15:00+00:00,72731.890625,72813.9609375,72706.6484375,72813.9609375,219893760,0.0,0.0
2026-04-11 05:30:00+00:00,72819.75,72862.75,72819.75,72852.25,4055040,0.0,0.0
2026-04-11 05:45:00+00:00,72842.1875,72842.1875,72754.96875,72759.265625,16347136,0.0,0.0
2026-04-11 06:00:00+00:00,72744.8828125,72744.8828125,72676.46875,72713.40625,90648576,0.0,0.0
2026-04-11 06:15:00+00:00,72711.03125,72752.0546875,72694.7421875,72720.953125,112140288,0.0,0.0
2026-04-11 06:30:00+00:00,72722.9375,72768.21875,72719.046875,72757.75,2506752,0.0,0.0
2026-04-11 06:45:00+00:00,72758.9921875,72801.0859375,72745.4921875,72801.0859375,1179648,0.0,0.0
2026-04-11 07:00:00+00:00,72794.328125,72799.5625,72768.125,72773.0,23560192,0.0,0.0
2026-04-11 07:15:00+00:00,72782.7421875,72848.59375,72778.09375,72837.5078125,10465280,0.0,0.0
2026-04-11 07:30:00+00:00,72833.03125,72833.03125,72803.7734375,72803.7734375,51908608,0.0,0.0
2026-04-11 07:45:00+00:00,72761.3671875,72761.3671875,72719.5390625,72738.2890625,0,0.0,0.0
2026-04-11 08:00:00+00:00,72768.2421875,72805.359375,72748.5859375,72805.359375,0,0.0,0.0
2026-04-11 08:15:00+00:00,72800.078125,72820.59375,72783.7734375,72783.7734375,0,0.0,0.0
2026-04-11 08:30:00+00:00,72773.5546875,72789.0703125,72724.1875,72746.1953125,30760960,0.0,0.0
2026-04-11 08:45:00+00:00,72760.6171875,72775.5859375,72681.109375,72715.7109375,3809280,0.0,0.0
2026-04-11 09:00:00+00:00,72704.0703125,72708.265625,72659.4375,72659.4375,4386816,0.0,0.0
2026-04-11 09:15:00+00:00,72688.6796875,72911.5546875,72688.6796875,72886.828125,42037248,0.0,0.0
2026-04-11 09:30:00+00:00,72881.5703125,72882.0234375,72801.9765625,72853.5078125,103944192,0.0,0.0
2026-04-11 09:45:00+00:00,72871.8359375,72917.6328125,72867.515625,72913.359375,8216576,0.0,0.0
2026-04-11 10:00:00+00:00,72937.609375,72938.2265625,72835.9609375,72836.765625,22583296,0.0,0.0
2026-04-11 10:15:00+00:00,72844.015625,72902.9140625,72820.09375,72898.875,6232064,0.0,0.0
2026-04-11 10:30:00+00:00,72899.4765625,72899.4765625,72827.5625,72827.5625,479305728,0.0,0.0
2026-04-11 10:45:00+00:00,72809.5859375,72864.703125,72797.5703125,72864.703125,25882624,0.0,0.0
2026-04-11 11:00:00+00:00,72861.7109375,72914.3984375,72858.3828125,72899.078125,0,0.0,0.0
2026-04-11 11:15:00+00:00,72896.171875,72902.3046875,72860.3515625,72880.640625,0,0.0,0.0
2026-04-11 11:30:00+00:00,72868.6484375,72874.296875,72867.1484375,72867.28125,0,0.0,0.0
2026-04-11 11:45:00+00:00,72878.796875,72945.75,72873.1328125,72925.703125,16295936,0.0,0.0
2026-04-11 12:00:00+00:00,72923.6796875,72964.6640625,72921.453125,72921.453125,0,0.0,0.0
2026-04-11 12:15:00+00:00,72926.9453125,72957.4453125,72846.046875,72878.828125,0,0.0,0.0
2026-04-11 12:30:00+00:00,72888.5390625,72954.546875,72879.234375,72954.546875,0,0.0,0.0
2026-04-11 12:45:00+00:00,72988.765625,73003.6796875,72958.046875,72967.8203125,0,0.0,0.0
2026-04-11 13:00:00+00:00,72844.8203125,72847.7890625,72594.53125,72594.53125,25532416,0.0,0.0
2026-04-11 13:15:00+00:00,72636.640625,72783.2734375,72636.640625,72748.34375,371873792,0.0,0.0
2026-04-11 13:30:00+00:00,72644.015625,72713.03125,72624.25,72713.03125,0,0.0,0.0
2026-04-11 13:45:00+00:00,72696.25,72721.0078125,72669.84375,72701.921875,0,0.0,0.0
2026-04-11 14:00:00+00:00,72693.8984375,72742.6640625,72654.265625,72722.5078125,0,0.0,0.0
2026-04-11 14:15:00+00:00,72733.8828125,72771.796875,72719.125,72747.328125,0,0.0,0.0
2026-04-11 14:30:00+00:00,72695.8515625,72723.90625,72638.1796875,72648.3203125,0,0.0,0.0
2026-04-11 14:45:00+00:00,72667.453125,72751.546875,72667.453125,72745.453125,0,0.0,0.0
2026-04-11 15:00:00+00:00,72745.6171875,72745.6171875,72712.1953125,72720.96875,0,0.0,0.0
2026-04-11 15:15:00+00:00,72723.703125,72874.7265625,72723.703125,72801.171875,0,0.0,0.0
2026-04-11 15:30:00+00:00,72794.0859375,72806.25,72786.03125,72788.9296875,0,0.0,0.0
2026-04-11 15:45:00+00:00,72791.9765625,72883.3125,72787.296875,72880.890625,0,0.0,0.0
2026-04-11 16:00:00+00:00,72886.515625,72897.1953125,72850.484375,72897.1953125,32108544,0.0,0.0
2026-04-11 16:15:00+00:00,72896.328125,72929.578125,72887.0625,72899.828125,548280320,0.0,0.0
2026-04-11 16:30:00+00:00,72896.328125,73116.4609375,72896.328125,73081.15625,0,0.0,0.0
2026-04-11 16:45:00+00:00,73132.4296875,73199.65625,73099.15625,73102.703125,234903552,0.0,0.0
2026-04-11 17:00:00+00:00,73080.1640625,73080.1640625,73025.75,73054.5546875,3153920,0.0,0.0
2026-04-11 17:15:00+00:00,73032.15625,73111.8125,72978.109375,73076.765625,0,0.0,0.0
2026-04-11 17:30:00+00:00,73081.3828125,73178.5859375,73081.3828125,73148.9921875,385579008,0.0,0.0
2026-04-11 17:45:00+00:00,73154.640625,73172.8125,73097.2109375,73097.2109375,0,0.0,0.0
2026-04-11 18:00:00+00:00,73106.21875,73111.9140625,73073.71875,73111.9140625,0,0.0,0.0
2026-04-11 18:15:00+00:00,73113.375,73233.0,73113.375,73220.625,0,0.0,0.0
2026-04-11 18:30:00+00:00,73273.3046875,73700.171875,73230.921875,73499.4609375,249825280,0.0,0.0
2026-04-11 18:45:00+00:00,73501.34375,73613.1875,73469.53125,73544.5703125,522948608,0.0,0.0
2026-04-11 19:00:00+00:00,73555.78125,73687.4765625,73516.28125,73599.7265625,105740288,0.0,0.0
2026-04-11 19:15:00+00:00,73645.2890625,73664.9609375,73514.65625,73664.9609375,27748352,0.0,0.0
2026-04-11 19:30:00+00:00,73718.234375,73724.78125,73668.3359375,73689.1640625,31627264,0.0,0.0
2026-04-11 19:45:00+00:00,73710.59375,73710.59375,73642.890625,73683.421875,327577600,0.0,0.0
2026-04-11 20:00:00+00:00,73687.1015625,73687.1015625,73521.7734375,73538.7109375,34942976,0.0,0.0
2026-04-11 20:15:00+00:00,73523.125,73523.125,73440.046875,73451.9296875,0,0.0,0.0
2026-04-11 20:30:00+00:00,73442.71875,73442.71875,73284.3515625,73328.75,0,0.0,0.0
2026-04-11 20:45:00+00:00,73365.2578125,73453.9375,73331.3046875,73331.3046875,0,0.0,0.0
2026-04-11 21:00:00+00:00,73324.375,73451.046875,73272.140625,73451.046875,14598144,0.0,0.0
2026-04-11 21:15:00+00:00,73416.90625,73452.984375,73367.7578125,73367.7578125,32278528,0.0,0.0
2026-04-11 21:30:00+00:00,73349.921875,73471.34375,73349.921875,73471.34375,0,0.0,0.0
2026-04-11 21:45:00+00:00,73474.8828125,73539.8203125,73459.9296875,73476.75,10129408,0.0,0.0
2026-04-11 22:00:00+00:00,73449.1328125,73550.828125,73406.171875,73540.546875,69632,0.0,0.0
2026-04-11 22:15:00+00:00,73531.5,73531.5,73430.109375,73477.7890625,47067136,0.0,0.0
2026-04-11 22:30:00+00:00,73491.3359375,73491.3359375,73270.546875,73361.1875,69076992,0.0,0.0
2026-04-11 22:45:00+00:00,73362.0859375,73389.078125,73283.1875,73388.0546875,39004160,0.0,0.0
2026-04-11 23:00:00+00:00,73390.8125,73390.8125,72963.15625,73035.640625,37394432,0.0,0.0
2026-04-11 23:15:00+00:00,73069.0859375,73210.078125,73069.0859375,73197.9375,217716736,0.0,0.0
2026-04-11 23:30:00+00:00,73170.6171875,73170.6171875,73107.53125,73107.53125,74194944,0.0,0.0
2026-04-11 23:45:00+00:00,73103.9609375,73133.734375,73043.046875,73056.046875,352256,0.0,0.0
2026-04-12 00:00:00+00:00,73057.15625,73057.15625,72932.578125,73025.1484375,21882880,0.0,0.0
2026-04-12 00:15:00+00:00,73013.671875,73096.484375,72965.4453125,73078.046875,0,0.0,0.0
2026-04-12 00:30:00+00:00,73080.6484375,73124.0859375,73038.9453125,73039.1796875,10629120,0.0,0.0
2026-04-12 00:45:00+00:00,73051.3203125,73109.4296875,73046.3828125,73068.3828125,7534592,0.0,0.0
2026-04-12 01:00:00+00:00,73083.3515625,73141.5,73057.890625,73098.484375,251564032,0.0,0.0
2026-04-12 01:15:00+00:00,73086.0390625,73089.3828125,73031.0078125,73031.0078125,61204480,0.0,0.0
2026-04-12 01:30:00+00:00,73038.4765625,73038.4765625,71961.390625,71963.0625,457238528,0.0,0.0
2026-04-12 01:45:00+00:00,71705.0625,71705.0625,71527.5625,71666.203125,1776578560,0.0,0.0
2026-04-12 02:00:00+00:00,71662.8671875,71799.9921875,71464.046875,71799.9921875,451244032,0.0,0.0
2026-04-12 02:15:00+00:00,71893.375,71961.015625,71769.7578125,71819.875,383019008,0.0,0.0
2026-04-12 02:30:00+00:00,71883.265625,71924.7734375,71875.5703125,71924.7734375,77973504,0.0,0.0
2026-04-12 02:45:00+00:00,71899.2421875,71899.2421875,71810.359375,71810.359375,96385024,0.0,0.0
2026-04-12 03:00:00+00:00,71790.203125,71860.9296875,71677.2109375,71718.984375,0,0.0,0.0
2026-04-12 03:15:00+00:00,71764.5234375,71764.5234375,71675.3828125,71729.203125,390912000,0.0,0.0
2026-04-12 03:30:00+00:00,71735.6953125,71755.625,71626.78125,71694.875,28956672,0.0,0.0
2026-04-12 03:45:00+00:00,71692.953125,71711.78125,71654.796875,71660.0546875,393777152,0.0,0.0
2026-04-12 04:00:00+00:00,71621.7890625,71678.65625,71564.4453125,71564.4453125,178821120,0.0,0.0
2026-04-12 04:15:00+00:00,71576.1875,71603.3671875,71524.109375,71577.71875,76699648,0.0,0.0
2026-04-12 04:30:00+00:00,71553.8984375,71581.6328125,71536.875,71581.6328125,89237504,0.0,0.0
2026-04-12 04:45:00+00:00,71577.6171875,71581.953125,71481.25,71490.046875,75485184,0.0,0.0
2026-04-12 05:00:00+00:00,71487.3984375,71592.109375,71487.3984375,71542.0625,117084160,0.0,0.0
2026-04-12 05:15:00+00:00,71536.5,71667.9609375,71518.7578125,71667.9609375,212393984,0.0,0.0
2026-04-12 05:30:00+00:00,71684.8984375,71719.5703125,71640.3828125,71657.4921875,247148544,0.0,0.0
2026-04-12 05:45:00+00:00,71667.1015625,71785.1328125,71667.1015625,71740.96875,239030272,0.0,0.0
2026-04-12 06:00:00+00:00,71735.875,71759.390625,71723.71875,71759.390625,129046528,0.0,0.0
2026-04-12 06:15:00+00:00,71762.03125,71762.03125,71691.9375,71740.9453125,0,0.0,0.0
2026-04-12 06:30:00+00:00,71721.84375,71721.84375,71663.28125,71666.3828125,69920768,0.0,0.0
2026-04-12 06:45:00+00:00,71675.296875,71701.9609375,71667.7109375,71675.6640625,35905536,0.0,0.0
2026-04-12 07:00:00+00:00,71673.453125,71684.3359375,71612.8359375,71684.3359375,13238272,0.0,0.0
2026-04-12 07:15:00+00:00,71643.09375,71665.34375,71639.1328125,71650.296875,79386624,0.0,0.0
2026-04-12 07:30:00+00:00,71647.8671875,71753.5859375,71647.8671875,71753.5859375,20047872,0.0,0.0
2026-04-12 07:45:00+00:00,71760.75,71765.0234375,71718.1796875,71747.28125,34213888,0.0,0.0
2026-04-12 08:00:00+00:00,71712.4296875,71712.4296875,71649.9453125,71654.5859375,372367360,0.0,0.0
2026-04-12 08:15:00+00:00,71686.0859375,71722.7578125,71670.6953125,71722.7578125,61665280,0.0,0.0
2026-04-12 08:30:00+00:00,71722.46875,71789.8125,71713.40625,71778.578125,97460224,0.0,0.0
2026-04-12 08:45:00+00:00,71737.2890625,71737.2890625,71625.328125,71639.640625,199610368,0.0,0.0
2026-04-12 09:00:00+00:00,71650.3359375,71654.359375,71567.7421875,71595.03125,160362496,0.0,0.0
2026-04-12 09:15:00+00:00,71601.9765625,71634.2109375,71601.9765625,71627.8828125,0,0.0,0.0
2026-04-12 09:30:00+00:00,71633.09375,71635.734375,71591.9765625,71591.9765625,29986816,0.0,0.0
2026-04-12 09:45:00+00:00,71594.0234375,71594.0234375,71543.8046875,71561.8203125,44822528,0.0,0.0
2026-04-12 10:00:00+00:00,71563.4296875,71665.984375,71545.0703125,71635.140625,26216448,0.0,0.0
2026-04-12 10:15:00+00:00,71642.453125,71676.1875,71642.453125,71646.1953125,92104704,0.0,0.0
2026-04-12 10:30:00+00:00,71636.09375,71636.09375,71545.875,71561.0703125,61771776,0.0,0.0
2026-04-12 10:45:00+00:00,71545.6328125,71545.6328125,71405.109375,71458.2734375,65265664,0.0,0.0
2026-04-12 11:00:00+00:00,71465.1640625,71498.171875,71459.5234375,71482.9921875,232460288,0.0,0.0
2026-04-12 11:15:00+00:00,71537.7890625,71545.5546875,71508.0390625,71520.6953125,105115648,0.0,0.0
2026-04-12 11:30:00+00:00,71527.0546875,71527.0546875,71448.3203125,71481.453125,34500608,0.0,0.0
2026-04-12 11:45:00+00:00,71471.6015625,71494.46875,71463.859375,71494.46875,22331392,0.0,0.0
2026-04-12 12:00:00+00:00,71493.9921875,71493.9921875,71369.796875,71377.0390625,102524928,0.0,0.0
2026-04-12 12:15:00+00:00,71420.1015625,71444.09375,71407.171875,71433.5234375,50888704,0.0,0.0
2026-04-12 12:30:00+00:00,71426.171875,71515.1484375,71378.171875,71515.1484375,85565440,0.0,0.0
2026-04-12 12:45:00+00:00,71507.4609375,71513.1796875,71129.40625,71158.734375,403490816,0.0,0.0
2026-04-12 13:00:00+00:00,71004.1640625,71067.078125,70961.1796875,71067.078125,462442496,0.0,0.0
2026-04-12 13:15:00+00:00,71008.7421875,71102.6796875,71008.7421875,71096.515625,51191808,0.0,0.0
2026-04-12 13:30:00+00:00,71077.921875,71093.0,70986.0,71002.3046875,61464576,0.0,0.0
2026-04-12 13:45:00+00:00,71006.984375,71006.984375,70895.84375,70895.84375,142518272,0.0,0.0
2026-04-12 14:00:00+00:00,70906.40625,71020.8515625,70906.375,70987.078125,103184384,0.0,0.0
2026-04-12 14:15:00+00:00,70994.4765625,71084.5546875,70994.4765625,71084.5546875,692946944,0.0,0.0
2026-04-12 14:30:00+00:00,71075.3046875,71075.3046875,70847.6328125,70847.6328125,73416704,0.0,0.0
2026-04-12 14:45:00+00:00,70870.6015625,70870.6015625,70739.6015625,70807.34375,371415040,0.0,0.0
2026-04-12 15:00:00+00:00,70768.640625,70845.3671875,70768.640625,70845.3671875,225617920,0.0,0.0
2026-04-12 15:15:00+00:00,70857.71875,70857.71875,70757.25,70757.25,17750016,0.0,0.0
2026-04-12 15:30:00+00:00,70757.109375,70897.9296875,70721.7890625,70897.9296875,600653824,0.0,0.0
2026-04-12 15:45:00+00:00,70892.8671875,70944.4453125,70892.8671875,70906.8203125,128667648,0.0,0.0
2026-04-12 16:00:00+00:00,70886.1015625,70956.0625,70879.203125,70946.3984375,56461312,0.0,0.0
2026-04-12 16:15:00+00:00,70955.03125,70955.03125,70856.4140625,70940.546875,64595968,0.0,0.0
2026-04-12 16:30:00+00:00,70954.53125,70959.578125,70880.09375,70880.09375,0,0.0,0.0
2026-04-12 16:45:00+00:00,70915.8046875,70916.1953125,70866.6796875,70902.7578125,0,0.0,0.0
2026-04-12 17:00:00+00:00,70958.9921875,71011.484375,70938.7734375,70940.2734375,131629056,0.0,0.0
2026-04-12 17:15:00+00:00,70937.4296875,71017.3515625,70934.234375,71017.3515625,12374016,0.0,0.0
2026-04-12 17:30:00+00:00,71026.125,71030.390625,70970.34375,71003.484375,82794496,0.0,0.0
2026-04-12 17:45:00+00:00,71001.4765625,71198.3984375,70959.8125,71143.1328125,492765184,0.0,0.0
2026-04-12 18:00:00+00:00,71125.421875,71188.703125,71106.6796875,71166.375,132698112,0.0,0.0
2026-04-12 18:15:00+00:00,71176.390625,71203.03125,71091.5625,71123.3359375,83378176,0.0,0.0
2026-04-12 18:30:00+00:00,71108.453125,71221.2109375,71108.453125,71143.3515625,0,0.0,0.0
2026-04-12 18:45:00+00:00,71135.5234375,71171.3359375,71135.4375,71161.0703125,0,0.0,0.0
2026-04-12 19:00:00+00:00,71158.640625,71234.3046875,71158.640625,71216.515625,130850816,0.0,0.0
2026-04-12 19:15:00+00:00,71179.671875,71179.671875,71152.7578125,71177.1015625,0,0.0,0.0
2026-04-12 19:30:00+00:00,71179.4765625,71181.4453125,71102.65625,71134.734375,0,0.0,0.0
2026-04-12 19:45:00+00:00,71142.140625,71142.140625,71081.5859375,71114.7265625,25518080,0.0,0.0
2026-04-12 20:00:00+00:00,71110.75,71123.7421875,71009.078125,71025.5625,0,0.0,0.0
2026-04-12 20:15:00+00:00,70994.0625,71090.171875,70971.484375,71090.171875,247044096,0.0,0.0
2026-04-12 20:30:00+00:00,71083.8671875,71431.6953125,71083.8671875,71431.6953125,0,0.0,0.0
2026-04-12 20:45:00+00:00,71354.203125,71359.3984375,71252.265625,71359.3984375,324841472,0.0,0.0
2026-04-12 21:00:00+00:00,71349.5390625,71452.2265625,71260.265625,71260.265625,26007552,0.0,0.0
2026-04-12 21:15:00+00:00,71228.7109375,71329.15625,71228.7109375,71318.515625,93517824,0.0,0.0
2026-04-12 21:30:00+00:00,71323.984375,71367.3359375,71254.8828125,71347.265625,21952512,0.0,0.0
2026-04-12 21:45:00+00:00,71317.3515625,71322.8046875,71243.9765625,71284.375,44371968,0.0,0.0
2026-04-12 22:00:00+00:00,71345.109375,71345.109375,70740.4296875,70887.7890625,602212352,0.0,0.0
2026-04-12 22:15:00+00:00,70924.609375,70924.609375,70631.9921875,70631.9921875,467703808,0.0,0.0
2026-04-12 22:30:00+00:00,70645.5,70906.359375,70593.453125,70821.6875,348411904,0.0,0.0
2026-04-12 22:45:00+00:00,70814.5,70901.7890625,70779.6015625,70901.7890625,54347776,0.0,0.0
2026-04-12 23:00:00+00:00,70917.5625,70917.5625,70654.6640625,70654.6640625,19658752,0.0,0.0
2026-04-12 23:15:00+00:00,70649.25,70741.75,70606.359375,70741.75,140103680,0.0,0.0
2026-04-12 23:30:00+00:00,70718.1015625,70718.1015625,70581.140625,70605.96875,171550720,0.0,0.0
2026-04-12 23:45:00+00:00,70691.1171875,70762.6015625,70601.0390625,70757.6171875,81752064,0.0,0.0
2026-04-13 00:00:00+00:00,70741.296875,70866.4921875,70629.453125,70843.296875,133869568,0.0,0.0
2026-04-13 00:15:00+00:00,70901.796875,71072.7890625,70851.59375,71024.84375,75614208,0.0,0.0
2026-04-13 00:30:00+00:00,70992.9296875,71112.65625,70958.015625,71074.46875,353454080,0.0,0.0
2026-04-13 00:45:00+00:00,71067.9921875,71229.5703125,71051.4765625,71159.4609375,73740288,0.0,0.0
2026-04-13 01:00:00+00:00,71174.0625,71207.984375,71121.34375,71193.4296875,42358784,0.0,0.0
2026-04-13 01:15:00+00:00,71130.8984375,71153.4765625,71087.2265625,71153.4765625,362229760,0.0,0.0
2026-04-13 01:30:00+00:00,71088.7578125,71185.46875,71064.9140625,71140.203125,66693120,0.0,0.0
2026-04-13 01:45:00+00:00,71147.3359375,71224.4453125,71136.4140625,71221.5,0,0.0,0.0
2026-04-13 02:00:00+00:00,71199.1796875,71225.0859375,71025.7109375,71036.28125,105672704,0.0,0.0
2026-04-13 02:15:00+00:00,71017.8203125,71208.1171875,71013.8515625,71197.03125,0,0.0,0.0
2026-04-13 02:30:00+00:00,71264.46875,71264.46875,71064.2890625,71085.953125,28631040,0.0,0.0
2026-04-13 02:45:00+00:00,71070.5390625,71085.7421875,71052.6875,71080.9375,46637056,0.0,0.0
2026-04-13 03:00:00+00:00,71063.625,71111.28125,71004.0390625,71054.9765625,334725120,0.0,0.0
2026-04-13 03:15:00+00:00,71066.078125,71126.6328125,71024.1796875,71075.03125,112928768,0.0,0.0
2026-04-13 03:30:00+00:00,71071.828125,71071.828125,70953.2890625,70973.2265625,1941504,0.0,0.0
2026-04-13 03:45:00+00:00,70985.1875,71001.3671875,70951.0078125,70989.6875,49432576,0.0,0.0
2026-04-13 04:00:00+00:00,70981.3125,71004.4921875,70920.1015625,70944.5546875,545058816,0.0,0.0
2026-04-13 04:15:00+00:00,70949.171875,71034.234375,70936.3671875,71034.234375,0,0.0,0.0
2026-04-13 04:30:00+00:00,71036.6015625,71120.4453125,71036.6015625,71085.25,542185472,0.0,0.0
2026-04-13 04:45:00+00:00,71033.4375,71033.4375,70866.296875,70932.84375,200984576,0.0,0.0
2026-04-13 05:00:00+00:00,70904.03125,70916.1796875,70802.4375,70820.9921875,1088696320,0.0,0.0
2026-04-13 05:15:00+00:00,70846.171875,70858.046875,70819.671875,70858.046875,99268608,0.0,0.0
2026-04-13 05:30:00+00:00,70859.640625,70859.640625,70713.4921875,70760.7734375,0,0.0,0.0
2026-04-13 05:45:00+00:00,70743.53125,70860.8046875,70743.53125,70857.4375,62371840,0.0,0.0
2026-04-13 06:00:00+00:00,70870.625,71006.2734375,70870.625,71006.2734375,982833152,0.0,0.0
2026-04-13 06:15:00+00:00,71009.4375,71066.96875,70997.9375,71032.9765625,160958464,0.0,0.0
2026-04-13 06:30:00+00:00,71024.0546875,71035.2109375,71004.734375,71019.5,73598976,0.0,0.0
2026-04-13 06:45:00+00:00,71018.6484375,71077.578125,71018.6484375,71064.859375,470491136,0.0,0.0
2026-04-13 07:00:00+00:00,71043.46875,71043.46875,70910.5,70910.5,1169307648,0.0,0.0
2026-04-13 07:15:00+00:00,70909.625,70909.625,70699.671875,70730.3671875,203065344,0.0,0.0
2026-04-13 07:30:00+00:00,70716.671875,70790.7109375,70705.640625,70778.7265625,277350400,0.0,0.0
2026-04-13 07:45:00+00:00,70779.8203125,70831.3125,70779.8203125,70831.3125,227987456,0.0,0.0
2026-04-13 08:00:00+00:00,70810.34375,70846.5078125,70744.640625,70758.9453125,2104592384,0.0,0.0
2026-04-13 08:15:00+00:00,70745.6796875,70801.1328125,70691.328125,70758.359375,201093120,0.0,0.0
2026-04-13 08:30:00+00:00,70769.1796875,70769.1796875,70650.3125,70650.3125,64421888,0.0,0.0
2026-04-13 08:45:00+00:00,70616.4609375,70675.6875,70588.5234375,70667.7890625,62386176,0.0,0.0
2026-04-13 09:00:00+00:00,70667.7890625,70881.15625,70667.7890625,70719.390625,568702976,0.0,0.0
2026-04-13 09:15:00+00:00,70724.75,70802.4609375,70694.796875,70791.6015625,136245248,0.0,0.0
2026-04-13 09:30:00+00:00,70789.2109375,70811.0,70775.359375,70775.359375,28252160,0.0,0.0
2026-04-13 09:45:00+00:00,70795.8671875,70795.8671875,70766.1484375,70789.25,13248512,0.0,0.0
2026-04-13 10:00:00+00:00,70791.625,70832.1640625,70782.828125,70829.140625,153661440,0.0,0.0
2026-04-13 10:15:00+00:00,70826.6328125,70826.6328125,70732.6640625,70771.4609375,53876736,0.0,0.0
2026-04-13 10:30:00+00:00,70769.1796875,70835.046875,70751.7421875,70763.5078125,933941248,0.0,0.0
2026-04-13 10:45:00+00:00,70768.703125,70788.3828125,70727.5,70745.5390625,13975552,0.0,0.0
2026-04-13 11:00:00+00:00,70738.1796875,70869.609375,70738.1796875,70857.90625,41261056,0.0,0.0
2026-04-13 11:15:00+00:00,70869.3984375,70876.8046875,70853.8359375,70870.5546875,14311424,0.0,0.0
2026-04-13 11:30:00+00:00,70879.3046875,70902.375,70821.734375,70902.375,52750336,0.0,0.0
2026-04-13 11:45:00+00:00,70939.3046875,70960.5546875,70918.1875,70947.2109375,211333120,0.0,0.0
2026-04-13 12:00:00+00:00,70883.4453125,71017.0,70863.828125,70989.859375,24279040,0.0,0.0
2026-04-13 12:15:00+00:00,70977.375,70977.375,70879.1640625,70879.1640625,559980544,0.0,0.0
2026-04-13 12:30:00+00:00,70865.59375,70865.59375,70788.5,70806.9375,56760320,0.0,0.0
2026-04-13 12:45:00+00:00,70864.78125,71195.453125,70864.78125,71102.421875,67401728,0.0,0.0
2026-04-13 13:00:00+00:00,71127.4453125,71168.1640625,71083.3671875,71163.90625,336300032,0.0,0.0
2026-04-13 13:15:00+00:00,71185.2890625,71261.25,71148.953125,71207.90625,135407616,0.0,0.0
2026-04-13 13:30:00+00:00,71184.265625,71184.265625,70859.5234375,71007.953125,304773120,0.0,0.0
2026-04-13 13:45:00+00:00,71012.484375,71608.9296875,70999.234375,71608.9296875,1053566976,0.0,0.0
2026-04-13 14:00:00+00:00,71657.2890625,71657.2890625,71485.4453125,71591.125,937601024,0.0,0.0
2026-04-13 14:15:00+00:00,71631.046875,71719.078125,71487.375,71665.671875,550907904,0.0,0.0
2026-04-13 14:30:00+00:00,71650.5078125,71872.140625,71650.5078125,71872.140625,689713152,0.0,0.0
2026-04-13 14:45:00+00:00,71983.4609375,72420.1171875,71922.609375,72420.1171875,610994176,0.0,0.0
2026-04-13 15:00:00+00:00,72408.421875,72408.421875,71972.375,71988.984375,1310797824,0.0,0.0
2026-04-13 15:15:00+00:00,71967.71875,71995.2265625,71900.5859375,71995.2265625,433637376,0.0,0.0
2026-04-13 15:30:00+00:00,71982.875,71982.875,71691.8515625,71816.953125,237721600,0.0,0.0
2026-04-13 15:45:00+00:00,71871.171875,71929.7734375,71769.6640625,71838.046875,316395520,0.0,0.0
2026-04-13 16:00:00+00:00,71909.3828125,72019.0,71821.390625,71990.7109375,230342656,0.0,0.0
2026-04-13 16:15:00+00:00,72046.59375,72254.65625,71949.4921875,72170.9296875,790089728,0.0,0.0
2026-04-13 16:30:00+00:00,72269.6171875,72354.5625,72217.421875,72326.71875,1037094912,0.0,0.0
2026-04-13 16:45:00+00:00,72340.1640625,72436.6171875,72125.96875,72204.7265625,601661440,0.0,0.0
2026-04-13 17:00:00+00:00,72187.40625,72402.7578125,72187.40625,72402.7578125,534466560,0.0,0.0
2026-04-13 17:15:00+00:00,72341.6640625,72417.96875,72309.8515625,72417.96875,1141678080,0.0,0.0
2026-04-13 17:30:00+00:00,72430.2578125,72560.015625,72429.8203125,72465.96875,482643968,0.0,0.0
2026-04-13 17:45:00+00:00,72458.2890625,72503.453125,72151.6171875,72153.3984375,586289152,0.0,0.0
2026-04-13 18:00:00+00:00,72168.9765625,72227.03125,72142.296875,72211.609375,567828480,0.0,0.0
2026-04-13 18:15:00+00:00,72211.7109375,72287.4765625,72101.75,72157.328125,295882752,0.0,0.0
2026-04-13 18:30:00+00:00,72174.6953125,72392.359375,72174.6953125,72392.359375,212795392,0.0,0.0
2026-04-13 18:45:00+00:00,72402.53125,72457.6875,72366.7734375,72457.6875,315584512,0.0,0.0
2026-04-13 19:00:00+00:00,72454.0078125,72454.0078125,72327.703125,72353.421875,392695808,0.0,0.0
2026-04-13 19:15:00+00:00,72363.7265625,72887.6640625,72363.7265625,72844.9765625,762478592,0.0,0.0
2026-04-13 19:30:00+00:00,72965.78125,73150.2890625,72965.78125,73001.4140625,1447882752,0.0,0.0
2026-04-13 19:45:00+00:00,73138.6171875,73472.53125,73138.6171875,73373.984375,1662574592,0.0,0.0
2026-04-13 20:00:00+00:00,73379.046875,73379.046875,73200.6875,73200.6875,1082638336,0.0,0.0
2026-04-13 20:15:00+00:00,73147.75,73159.4375,73046.53125,73108.6640625,423882752,0.0,0.0
2026-04-13 20:30:00+00:00,73122.171875,73273.9140625,73122.171875,73220.171875,342933504,0.0,0.0
2026-04-13 20:45:00+00:00,73241.875,73271.171875,73127.7734375,73204.078125,199135232,0.0,0.0
2026-04-13 21:00:00+00:00,73182.1171875,73312.859375,73137.4140625,73294.84375,250281984,0.0,0.0
2026-04-13 21:15:00+00:00,73268.34375,73295.65625,73164.5,73169.3203125,165527552,0.0,0.0
2026-04-13 21:30:00+00:00,73171.1875,73338.9609375,73145.8828125,73338.9609375,741789696,0.0,0.0
2026-04-13 21:45:00+00:00,73277.296875,73277.296875,73211.359375,73229.1640625,128028672,0.0,0.0
2026-04-13 22:00:00+00:00,73208.84375,73543.71875,73208.84375,73469.0546875,0,0.0,0.0
2026-04-13 22:15:00+00:00,73823.390625,74378.5546875,73823.390625,74131.6328125,1663754240,0.0,0.0
2026-04-13 22:30:00+00:00,74236.921875,74331.8828125,74140.2109375,74225.328125,591589376,0.0,0.0
2026-04-13 22:45:00+00:00,74224.6015625,74699.296875,74224.6015625,74640.609375,907436032,0.0,0.0
2026-04-13 23:00:00+00:00,74546.9921875,74785.734375,74502.140625,74755.234375,1332674560,0.0,0.0
2026-04-13 23:15:00+00:00,74685.6328125,74804.3203125,74561.7734375,74668.9140625,704049152,0.0,0.0
2026-04-13 23:30:00+00:00,74856.671875,74856.671875,74595.6328125,74595.6328125,1051987968,0.0,0.0
2026-04-13 23:45:00+00:00,74591.1953125,74591.1953125,74485.984375,74532.7421875,379469824,0.0,0.0
2026-04-14 00:00:00+00:00,74442.2265625,74504.140625,74285.34375,74315.515625,370798592,0.0,0.0
2026-04-14 00:15:00+00:00,74337.9453125,74427.375,74243.484375,74260.6171875,481341440,0.0,0.0
2026-04-14 00:30:00+00:00,74282.875,74427.2734375,74211.7734375,74427.2734375,215212032,0.0,0.0
2026-04-14 00:45:00+00:00,74426.1640625,74429.1171875,74162.0234375,74162.0234375,267071488,0.0,0.0
2026-04-14 01:00:00+00:00,74145.921875,74279.21875,74074.78125,74248.1171875,1525530624,0.0,0.0
2026-04-14 01:15:00+00:00,74275.375,74354.1015625,74260.6796875,74318.3359375,1209466880,0.0,0.0
2026-04-14 01:30:00+00:00,74297.515625,74330.3515625,74258.453125,74330.3515625,39960576,0.0,0.0
2026-04-14 01:45:00+00:00,74333.421875,74427.2734375,74333.421875,74378.9921875,126271488,0.0,0.0
2026-04-14 02:00:00+00:00,74404.7109375,74486.4140625,74400.3125,74461.34375,310308864,0.0,0.0
2026-04-14 02:15:00+00:00,74489.9140625,74566.109375,74463.4140625,74465.40625,54759424,0.0,0.0
2026-04-14 02:30:00+00:00,74427.6640625,74463.765625,74317.484375,74434.140625,40026112,0.0,0.0
2026-04-14 02:45:00+00:00,74443.0,74444.8125,74345.0,74374.3671875,277155840,0.0,0.0
2026-04-14 03:00:00+00:00,74365.78125,74427.21875,74328.8203125,74412.15625,20660224,0.0,0.0
2026-04-14 03:15:00+00:00,74378.1484375,74378.1484375,74291.6796875,74291.6796875,276570112,0.0,0.0
2026-04-14 03:30:00+00:00,74294.5859375,74488.78125,74294.5859375,74488.78125,19488768,0.0,0.0
2026-04-14 03:45:00+00:00,74499.0078125,74499.0078125,74443.578125,74454.3828125,1200902144,0.0,0.0
2026-04-14 04:00:00+00:00,74450.8515625,74494.3203125,74408.8203125,74443.65625,122937344,0.0,0.0
2026-04-14 04:15:00+00:00,74464.6015625,74512.1640625,74464.6015625,74492.0390625,91975680,0.0,0.0
2026-04-14 04:30:00+00:00,74505.2265625,74505.2265625,74418.9609375,74418.9609375,28688384,0.0,0.0
2026-04-14 04:45:00+00:00,74402.578125,74430.09375,74391.2421875,74397.703125,0,0.0,0.0
2026-04-14 05:00:00+00:00,74393.7578125,74393.7578125,74343.2421875,74376.5078125,62128128,0.0,0.0
2026-04-14 05:15:00+00:00,74364.46875,74418.0859375,74346.203125,74349.9296875,95350784,0.0,0.0
2026-04-14 05:30:00+00:00,74350.5546875,74382.6953125,74319.7890625,74319.84375,1058971648,0.0,0.0
2026-04-14 05:45:00+00:00,74324.8125,74324.8125,74192.1875,74209.84375,22073344,0.0,0.0
2026-04-14 06:00:00+00:00,74312.171875,74359.875,74299.1484375,74351.1328125,249499648,0.0,0.0
2026-04-14 06:15:00+00:00,74345.6640625,74456.9296875,74345.6640625,74446.6015625,50376704,0.0,0.0
2026-04-14 06:30:00+00:00,74431.7890625,74467.5390625,74399.484375,74439.8359375,64299008,0.0,0.0
2026-04-14 06:45:00+00:00,74420.8125,74565.7734375,74420.8125,74565.7734375,8949760,0.0,0.0
2026-04-14 07:00:00+00:00,74551.2734375,74930.4296875,74512.671875,74758.6796875,636567552,0.0,0.0
2026-04-14 07:15:00+00:00,74771.1875,74771.1875,74652.609375,74706.953125,124145664,0.0,0.0
2026-04-14 07:30:00+00:00,74699.2421875,74699.2421875,74531.0,74542.703125,340983808,0.0,0.0
2026-04-14 07:45:00+00:00,74527.109375,74563.71875,74511.1953125,74547.5546875,291577856,0.0,0.0
2026-04-14 08:00:00+00:00,74547.046875,74606.625,74510.515625,74560.3984375,218750976,0.0,0.0
2026-04-14 08:15:00+00:00,74569.234375,74614.8515625,74539.6796875,74614.8515625,38907904,0.0,0.0
2026-04-14 08:30:00+00:00,74725.0625,74901.6875,74672.5703125,74672.5703125,323272704,0.0,0.0
2026-04-14 08:45:00+00:00,74699.8515625,74842.7734375,74662.4921875,74776.1640625,437276672,0.0,0.0
2026-04-14 09:00:00+00:00,74770.9375,74798.1875,74737.8984375,74793.0,118673408,0.0,0.0
2026-04-14 09:15:00+00:00,74805.796875,74845.84375,74675.046875,74687.359375,119623680,0.0,0.0
2026-04-14 09:30:00+00:00,74670.421875,74700.296875,74553.375,74553.375,194887680,0.0,0.0
2026-04-14 09:45:00+00:00,74548.8046875,74548.8046875,74469.1640625,74538.09375,272449536,0.0,0.0
2026-04-14 10:00:00+00:00,74506.390625,74561.40625,74498.265625,74540.453125,72683520,0.0,0.0
2026-04-14 10:15:00+00:00,74560.0859375,74608.0078125,74539.6171875,74603.8125,53796864,0.0,0.0
2026-04-14 10:30:00+00:00,74615.3359375,74638.0703125,74416.4609375,74416.4609375,107429888,0.0,0.0
2026-04-14 10:45:00+00:00,74363.4921875,74451.8828125,74363.4921875,74423.4453125,462585856,0.0,0.0
2026-04-14 11:00:00+00:00,74395.28125,74432.9765625,74395.28125,74418.9296875,137535488,0.0,0.0
2026-04-14 11:15:00+00:00,74428.1875,74465.9609375,74420.328125,74420.328125,111353856,0.0,0.0
2026-04-14 11:30:00+00:00,74366.78125,74404.0546875,74340.9765625,74372.359375,288768000,0.0,0.0
2026-04-14 11:45:00+00:00,74348.8828125,74456.0,74333.2734375,74456.0,875819008,0.0,0.0
2026-04-14 12:00:00+00:00,74398.828125,74443.2265625,74314.9921875,74314.9921875,81956864,0.0,0.0
2026-04-14 12:15:00+00:00,74351.5625,74423.171875,74297.015625,74297.015625,130883584,0.0,0.0
2026-04-14 12:30:00+00:00,74308.0,74392.9375,74308.0,74364.265625,1059180544,0.0,0.0
2026-04-14 12:45:00+00:00,74349.7578125,74457.5859375,74349.7578125,74457.5859375,49942528,0.0,0.0
2026-04-14 13:00:00+00:00,74455.375,74611.5859375,74455.375,74576.9453125,91820032,0.0,0.0
2026-04-14 13:15:00+00:00,74589.375,74751.484375,74589.375,74647.9921875,292986880,0.0,0.0
2026-04-14 13:30:00+00:00,74561.3125,75238.25,74561.3125,75212.0546875,677724160,0.0,0.0
2026-04-14 13:45:00+00:00,75237.875,75495.4765625,75147.0390625,75490.3984375,1436327936,0.0,0.0
2026-04-14 14:00:00+00:00,75532.8046875,75616.9609375,75409.25,75606.625,1043378176,0.0,0.0
2026-04-14 14:15:00+00:00,75603.7265625,75855.0078125,75567.2265625,75855.0078125,437456896,0.0,0.0
2026-04-14 14:30:00+00:00,75886.4609375,76009.03125,75326.5546875,75524.6953125,1592029184,0.0,0.0
2026-04-14 14:45:00+00:00,75326.640625,75416.15625,75180.125,75180.125,259461120,0.0,0.0
2026-04-14 15:00:00+00:00,75090.1796875,75101.015625,74743.2890625,74780.546875,266141696,0.0,0.0
2026-04-14 15:15:00+00:00,74775.1484375,74945.0625,74771.65625,74896.3125,402120704,0.0,0.0
2026-04-14 15:30:00+00:00,74827.9140625,75317.671875,74827.9140625,75317.671875,559140864,0.0,0.0
2026-04-14 15:45:00+00:00,75310.984375,75423.8984375,75220.453125,75367.1640625,361922560,0.0,0.0
2026-04-14 16:00:00+00:00,75390.9609375,75666.0390625,75390.9609375,75472.0625,359993344,0.0,0.0
2026-04-14 16:15:00+00:00,75447.890625,75468.296875,75241.5859375,75287.78125,319717376,0.0,0.0
2026-04-14 16:30:00+00:00,75289.8671875,75289.8671875,75140.390625,75283.2109375,163033088,0.0,0.0
2026-04-14 16:45:00+00:00,75264.21875,75264.21875,74566.21875,74566.21875,0,0.0,0.0
2026-04-14 17:00:00+00:00,74653.4140625,74797.234375,74653.4140625,74790.5859375,96927744,0.0,0.0
2026-04-14 17:15:00+00:00,74834.1328125,74947.6328125,74751.7890625,74751.7890625,83488768,0.0,0.0
2026-04-14 17:30:00+00:00,74621.28125,74666.3359375,74332.015625,74547.6640625,405278720,0.0,0.0
2026-04-14 17:45:00+00:00,74584.59375,74776.59375,74575.9765625,74766.5,2850881536,0.0,0.0
2026-04-14 18:00:00+00:00,74806.2109375,74809.5546875,74664.9375,74664.9375,0,0.0,0.0
2026-04-14 18:15:00+00:00,74679.5859375,74755.4921875,74500.1953125,74593.9921875,46465024,0.0,0.0
2026-04-14 18:30:00+00:00,74580.6015625,74580.6015625,74201.6875,74307.96875,186081280,0.0,0.0
2026-04-14 18:45:00+00:00,74310.5859375,74310.5859375,73946.8515625,74097.0625,1537679360,0.0,0.0
2026-04-14 19:00:00+00:00,74132.796875,74403.9296875,74132.796875,74337.1796875,243290112,0.0,0.0
2026-04-14 19:15:00+00:00,74308.5078125,74384.3125,73960.7578125,74113.4140625,191578112,0.0,0.0
2026-04-14 19:30:00+00:00,74283.2421875,74284.84375,74094.1484375,74138.6171875,0,0.0,0.0
2026-04-14 19:45:00+00:00,74167.078125,74271.0625,74160.9140625,74265.8984375,0,0.0,0.0
2026-04-14 20:00:00+00:00,74329.203125,74410.0546875,74278.7734375,74408.8828125,1074331648,0.0,0.0
2026-04-14 20:15:00+00:00,74423.1484375,74423.1484375,74150.9453125,74211.2421875,29245440,0.0,0.0
2026-04-14 20:30:00+00:00,74244.078125,74303.6484375,74166.6875,74256.4140625,0,0.0,0.0
2026-04-14 20:45:00+00:00,74275.375,74302.828125,74052.28125,74052.28125,59609088,0.0,0.0
2026-04-14 21:00:00+00:00,74157.2109375,74293.171875,74148.7890625,74242.609375,23560192,0.0,0.0
2026-04-14 21:15:00+00:00,74242.609375,74246.0234375,74088.2890625,74170.0703125,152477696,0.0,0.0
2026-04-14 21:30:00+00:00,74194.75,74194.75,73982.46875,74049.953125,5267456,0.0,0.0
2026-04-14 21:45:00+00:00,74055.1484375,74343.96875,74021.3984375,74315.2890625,162152448,0.0,0.0
2026-04-14 22:00:00+00:00,74272.21875,74413.2109375,74177.15625,74354.15625,69373952,0.0,0.0
2026-04-14 22:15:00+00:00,74325.84375,74334.78125,73964.1015625,73964.4921875,0,0.0,0.0
2026-04-14 22:30:00+00:00,73950.0,74126.1328125,73905.1796875,74017.8515625,158855168,0.0,0.0
2026-04-14 22:45:00+00:00,74006.3984375,74155.9296875,74005.46875,74067.359375,0,0.0,0.0
2026-04-14 23:00:00+00:00,74067.3203125,74198.2265625,74046.1796875,74144.03125,0,0.0,0.0
2026-04-14 23:15:00+00:00,74144.03125,74244.0078125,74089.609375,74152.0,0,0.0,0.0
2026-04-14 23:30:00+00:00,74152.0078125,74233.7734375,74078.046875,74174.7890625,0,0.0,0.0
2026-04-14 23:45:00+00:00,74180.5703125,74269.2578125,74081.59375,74186.5390625,73728,0.0,0.0
2026-04-15 00:00:00+00:00,74176.09375,74721.828125,74153.2734375,74576.8125,2415157248,0.0,0.0
2026-04-15 00:15:00+00:00,74584.2578125,74685.703125,74432.0,74568.0,65658880,0.0,0.0
2026-04-15 00:30:00+00:00,74629.3828125,74644.453125,74484.0078125,74587.453125,157708288,0.0,0.0
2026-04-15 00:45:00+00:00,74598.390625,74630.2734375,74464.7265625,74601.5,236363776,0.0,0.0
2026-04-15 01:00:00+00:00,74585.2734375,74788.25,74545.328125,74788.25,0,0.0,0.0
2026-04-15 01:15:00+00:00,74828.609375,74828.609375,74620.3515625,74713.8984375,26046464,0.0,0.0
2026-04-15 01:30:00+00:00,74732.9375,74746.53125,74531.28125,74672.7734375,51892224,0.0,0.0
2026-04-15 01:45:00+00:00,74686.6328125,74784.8515625,74609.1796875,74649.0,85614592,0.0,0.0
2026-04-15 02:00:00+00:00,74645.4609375,74725.859375,74563.109375,74577.171875,56549376,0.0,0.0
2026-04-15 02:15:00+00:00,74580.0,74634.4609375,74378.203125,74378.203125,186314752,0.0,0.0
2026-04-15 02:30:00+00:00,74375.3984375,74375.3984375,74218.1484375,74314.2734375,183898112,0.0,0.0
2026-04-15 02:45:00+00:00,74315.2109375,74380.140625,74242.0078125,74359.84375,181661696,0.0,0.0
2026-04-15 03:00:00+00:00,74364.78125,74368.4765625,74241.3125,74268.640625,135663616,0.0,0.0
2026-04-15 03:15:00+00:00,74243.0,74405.9921875,74214.53125,74328.0625,0,0.0,0.0
2026-04-15 03:30:00+00:00,74338.0078125,74376.546875,74244.4296875,74272.0,25272320,0.0,0.0
2026-04-15 03:45:00+00:00,74270.96875,74401.0,74253.3828125,74376.75,104189952,0.0,0.0
2026-04-15 04:00:00+00:00,74377.8515625,74471.1796875,74372.0,74400.0703125,0,0.0,0.0
2026-04-15 04:15:00+00:00,74376.03125,74439.109375,74334.8828125,74342.0703125,151408640,0.0,0.0
2026-04-15 04:30:00+00:00,74364.890625,74406.9921875,74297.53125,74373.0703125,6041600,0.0,0.0
2026-04-15 04:45:00+00:00,74366.28125,74388.7265625,74294.0078125,74354.171875,61362176,0.0,0.0
2026-04-15 05:00:00+00:00,74369.9765625,74463.9921875,74231.9765625,74235.359375,0,0.0,0.0
2026-04-15 05:15:00+00:00,74238.78125,74271.6171875,74032.03125,74042.4296875,149106688,0.0,0.0
2026-04-15 05:30:00+00:00,74028.4921875,74069.109375,73912.578125,73977.6171875,59392000,0.0,0.0
2026-04-15 05:45:00+00:00,73982.546875,74073.953125,73932.8984375,74054.953125,69840896,0.0,0.0
2026-04-15 06:00:00+00:00,74036.921875,74081.578125,73962.2109375,73978.90625,0,0.0,0.0
2026-04-15 06:15:00+00:00,74003.703125,74056.796875,73945.0078125,73968.0078125,115929088,0.0,0.0
2026-04-15 06:30:00+00:00,73955.203125,74037.2890625,73938.2265625,74037.2890625,130314240,0.0,0.0
2026-04-15 06:45:00+00:00,74039.1015625,74056.796875,73902.921875,73924.0,0,0.0,0.0
2026-04-15 07:00:00+00:00,73946.921875,74048.46875,73864.5078125,73946.8515625,0,0.0,0.0
2026-04-15 07:15:00+00:00,73945.0078125,73946.0390625,73650.0078125,73743.84375,477683712,0.0,0.0
2026-04-15 07:30:00+00:00,73743.828125,73751.4609375,73622.0,73635.8984375,37367808,0.0,0.0
2026-04-15 07:45:00+00:00,73611.2421875,73813.796875,73545.0,73771.34375,113729536,0.0,0.0
2026-04-15 08:00:00+00:00,73776.828125,73883.9296875,73706.0,73876.65625,108097536,0.0,0.0
2026-04-15 08:15:00+00:00,73875.546875,74027.3828125,73869.1875,74024.0078125,5144576,0.0,0.0
2026-04-15 08:30:00+00:00,74025.53125,74188.59375,74000.296875,74132.15625,4849664,0.0,0.0
2026-04-15 08:45:00+00:00,74132.171875,74219.0078125,74062.09375,74139.28125,0,0.0,0.0
2026-04-15 09:00:00+00:00,74139.9921875,74213.4296875,73985.53125,74060.03125,132976640,0.0,0.0
2026-04-15 09:15:00+00:00,74052.0078125,74112.3984375,73950.59375,73980.03125,35778560,0.0,0.0
2026-04-15 09:30:00+00:00,73983.71875,74038.3828125,73930.25,73993.9296875,99184640,0.0,0.0
2026-04-15 09:45:00+00:00,73979.8828125,74050.078125,73948.8671875,74033.4609375,0,0.0,0.0
2026-04-15 10:00:00+00:00,74019.359375,74205.4765625,74005.2734375,74142.0625,5283840,0.0,0.0
2026-04-15 10:15:00+00:00,74143.59375,74148.0,73921.4921875,73934.84375,982347776,0.0,0.0
2026-04-15 10:30:00+00:00,73925.0,74080.65625,73822.03125,74080.65625,233193472,0.0,0.0
2026-04-15 10:45:00+00:00,74089.8515625,74261.8828125,73860.34375,73890.8984375,177807360,0.0,0.0
2026-04-15 11:00:00+00:00,73906.546875,74120.0078125,73895.2890625,74061.703125,0,0.0,0.0
2026-04-15 11:15:00+00:00,74062.359375,74066.9921875,73968.6171875,73995.8828125,0,0.0,0.0
2026-04-15 11:30:00+00:00,73985.53125,74100.2109375,73983.796875,74087.859375,979202048,0.0,0.0
2026-04-15 11:45:00+00:00,74085.390625,74276.2421875,74068.9609375,74233.3203125,45477888,0.0,0.0
2026-04-15 12:00:00+00:00,74236.328125,74264.03125,74076.0078125,74233.359375,125280256,0.0,0.0
2026-04-15 12:15:00+00:00,74242.0390625,74286.0,74143.0078125,74211.3515625,123469824,0.0,0.0
2026-04-15 12:30:00+00:00,74211.0703125,74475.671875,74204.03125,74373.640625,130453504,0.0,0.0
2026-04-15 12:45:00+00:00,74373.6484375,74394.3984375,74309.921875,74310.0625,218673152,0.0,0.0
2026-04-15 13:00:00+00:00,74302.453125,74385.9609375,74210.1484375,74345.6015625,0,0.0,0.0
2026-04-15 13:15:00+00:00,74339.9921875,74457.078125,74269.5,74423.5,920821760,0.0,0.0
2026-04-15 13:30:00+00:00,74405.59375,74405.59375,73886.75,73923.9921875,0,0.0,0.0
2026-04-15 13:45:00+00:00,73893.046875,74125.7421875,73836.0625,74075.859375,496635904,0.0,0.0
2026-04-15 14:00:00+00:00,74082.0234375,74102.03125,73855.53125,74087.328125,0,0.0,0.0
2026-04-15 14:15:00+00:00,74176.2578125,74531.6484375,74166.0,74454.71875,0,0.0,0.0
2026-04-15 14:30:00+00:00,74461.09375,74485.0,73931.7265625,73977.2890625,0,0.0,0.0
2026-04-15 14:45:00+00:00,74002.3203125,74272.2890625,73976.6015625,74149.65625,1610690560,0.0,0.0
2026-04-15 15:00:00+00:00,74164.8125,74311.3828125,73985.0,74311.3828125,0,0.0,0.0
2026-04-15 15:15:00+00:00,74294.671875,74301.359375,74006.9765625,74052.6015625,2822144,0.0,0.0
2026-04-15 15:30:00+00:00,74023.8828125,74023.8828125,73629.4375,73885.390625,18214912,0.0,0.0
2026-04-15 15:45:00+00:00,73867.1015625,74008.25,73749.9921875,73872.0078125,473165824,0.0,0.0
2026-04-15 16:00:00+00:00,73850.0390625,74034.0078125,73783.4921875,74034.0078125,0,0.0,0.0
2026-04-15 16:15:00+00:00,74061.9921875,74192.28125,73996.0,74109.609375,126623744,0.0,0.0
2026-04-15 16:30:00+00:00,74126.5078125,74183.34375,73886.171875,73918.84375,38862848,0.0,0.0
2026-04-15 16:45:00+00:00,73919.9921875,74039.09375,73835.1484375,73956.7265625,69521408,0.0,0.0
2026-04-15 17:00:00+00:00,73960.140625,74120.8828125,73931.390625,74051.2265625,643215360,0.0,0.0
2026-04-15 17:15:00+00:00,74044.9921875,74253.6015625,73968.6015625,74140.609375,3416064,0.0,0.0
2026-04-15 17:30:00+00:00,74147.4921875,74214.796875,73929.9921875,73996.78125,0,0.0,0.0
2026-04-15 17:45:00+00:00,73996.7890625,74189.5390625,73948.609375,74154.9921875,0,0.0,0.0
2026-04-15 18:00:00+00:00,74139.421875,74329.2265625,74086.2265625,74307.453125,227246080,0.0,0.0
2026-04-15 18:15:00+00:00,74304.1796875,74377.8203125,74194.5078125,74225.0,4816896,0.0,0.0
2026-04-15 18:30:00+00:00,74222.6796875,74354.1328125,74213.09375,74336.34375,9175040,0.0,0.0
2026-04-15 18:45:00+00:00,74341.546875,74430.1328125,74298.5390625,74410.0,0,0.0,0.0
2026-04-15 19:00:00+00:00,74420.0078125,74739.5390625,74390.0,74670.78125,0,0.0,0.0
2026-04-15 19:15:00+00:00,74673.609375,74761.296875,74593.09375,74754.03125,1273638912,0.0,0.0
2026-04-15 19:30:00+00:00,74754.9609375,75310.1015625,74754.9609375,75100.03125,296271872,0.0,0.0
2026-04-15 19:45:00+00:00,75104.7578125,75178.3671875,74985.6875,75026.3203125,284266496,0.0,0.0
2026-04-15 20:00:00+00:00,75057.6796875,75069.921875,74631.296875,74696.15625,0,0.0,0.0
2026-04-15 20:15:00+00:00,74696.0234375,74802.1015625,74541.0625,74796.46875,586166272,0.0,0.0
2026-04-15 20:30:00+00:00,74805.2890625,74949.40625,74660.0,74774.3515625,368816128,0.0,0.0
2026-04-15 20:45:00+00:00,74784.0078125,74907.65625,74761.359375,74872.1484375,63614976,0.0,0.0
2026-04-15 21:00:00+00:00,74860.0390625,74888.8828125,74749.75,74749.75,329211904,0.0,0.0
2026-04-15 21:15:00+00:00,74749.7421875,74749.7421875,74618.546875,74662.328125,79867904,0.0,0.0
2026-04-15 21:30:00+00:00,74669.0,74823.59375,74572.078125,74770.15625,64335872,0.0,0.0
2026-04-15 21:45:00+00:00,74746.9296875,74847.46875,74738.59375,74765.3828125,12132352,0.0,0.0
2026-04-15 22:00:00+00:00,74784.7109375,75152.453125,74763.890625,75059.953125,0,0.0,0.0
2026-04-15 22:15:00+00:00,75065.171875,75072.1875,74930.1328125,75010.03125,128188416,0.0,0.0
2026-04-15 22:30:00+00:00,74992.90625,75400.0,74944.3203125,75074.0390625,750821376,0.0,0.0
2026-04-15 22:45:00+00:00,75048.46875,75224.4296875,74933.0390625,74984.3828125,1638359040,0.0,0.0
2026-04-15 23:00:00+00:00,74958.421875,74969.703125,74736.0,74776.6328125,777449472,0.0,0.0
2026-04-15 23:15:00+00:00,74770.0078125,74777.0078125,74683.453125,74759.1875,61087744,0.0,0.0
2026-04-15 23:30:00+00:00,74763.671875,74800.0,74639.0,74677.8984375,2060288,0.0,0.0
2026-04-15 23:45:00+00:00,74682.203125,74882.1796875,74669.9921875,74825.8671875,169848832,0.0,0.0
2026-04-16 00:00:00+00:00,74845.609375,74860.0234375,74625.65625,74625.65625,0,0.0,0.0
2026-04-16 00:15:00+00:00,74643.0390625,74682.0390625,74478.8203125,74625.6484375,60571648,0.0,0.0
2026-04-16 00:30:00+00:00,74648.0,74899.15625,74648.0,74794.8828125,158773248,0.0,0.0
2026-04-16 00:45:00+00:00,74780.0,74868.1796875,74706.0078125,74834.34375,112644096,0.0,0.0
2026-04-16 01:00:00+00:00,74810.0,74810.0,74494.21875,74594.046875,317497344,0.0,0.0
2026-04-16 01:15:00+00:00,74593.5078125,74704.6171875,74541.0625,74637.0625,86933504,0.0,0.0
2026-04-16 01:30:00+00:00,74634.1171875,74728.7109375,74600.078125,74705.1484375,8675328,0.0,0.0
2026-04-16 01:45:00+00:00,74698.9921875,74738.7890625,74597.3828125,74681.46875,33341440,0.0,0.0
2026-04-16 02:00:00+00:00,74681.4609375,74776.296875,74614.59375,74697.9765625,88150016,0.0,0.0
2026-04-16 02:15:00+00:00,74662.328125,74916.0625,74636.9375,74916.0625,66973696,0.0,0.0
2026-04-16 02:30:00+00:00,74928.46875,75242.078125,74928.46875,75220.6015625,203227136,0.0,0.0
2026-04-16 02:45:00+00:00,75220.0234375,75284.0078125,74828.7109375,74896.546875,246046720,0.0,0.0
2026-04-16 03:00:00+00:00,74890.9296875,75134.0,74889.140625,74969.7109375,1732386816,0.0,0.0
2026-04-16 03:15:00+00:00,74984.9921875,75155.8203125,74984.9921875,75058.578125,187543552,0.0,0.0
2026-04-16 03:30:00+00:00,75050.0,75063.21875,74969.359375,74986.796875,0,0.0,0.0
2026-04-16 03:45:00+00:00,74985.6171875,75009.0234375,74880.1484375,74904.2109375,222134272,0.0,0.0
2026-04-16 04:00:00+00:00,74901.15625,75033.34375,74853.578125,74959.84375,46522368,0.0,0.0
2026-04-16 04:15:00+00:00,74955.609375,74996.671875,74896.390625,74941.4921875,50855936,0.0,0.0
2026-04-16 04:30:00+00:00,74943.3203125,75185.8671875,74887.359375,75130.84375,84738048,0.0,0.0
2026-04-16 04:45:00+00:00,75096.6015625,75124.7890625,74751.0625,74964.6484375,235356160,0.0,0.0
2026-04-16 05:00:00+00:00,74950.0,75031.5234375,74915.09375,74940.71875,499535872,0.0,0.0
2026-04-16 05:15:00+00:00,74937.5390625,75129.796875,74920.2265625,75081.53125,39292928,0.0,0.0
2026-04-16 05:30:00+00:00,75092.25,75158.640625,75034.5625,75074.03125,100528128,0.0,0.0
2026-04-16 05:45:00+00:00,75079.2734375,75091.3671875,75025.5390625,75058.0078125,55787520,0.0,0.0
2026-04-16 06:00:00+00:00,75097.6875,75130.4375,75020.46875,75026.0,8433664,0.0,0.0
2026-04-16 06:15:00+00:00,75040.15625,75096.7890625,75020.0078125,75037.4296875,149794816,0.0,0.0
2026-04-16 06:30:00+00:00,75040.0,75053.9765625,74871.671875,74964.046875,93605888,0.0,0.0
2026-04-16 06:45:00+00:00,74955.609375,75057.1171875,74924.59375,75051.109375,537137152,0.0,0.0
2026-04-16 07:00:00+00:00,75031.7421875,75100.0,74904.8515625,74930.0078125,150900736,0.0,0.0
2026-04-16 07:15:00+00:00,74933.9765625,74963.6796875,74876.953125,74924.5703125,0,0.0,0.0
2026-04-16 07:30:00+00:00,74922.7734375,74924.5703125,74854.953125,74882.2890625,0,0.0,0.0
2026-04-16 07:45:00+00:00,74872.3671875,74872.3671875,74662.34375,74721.5390625,0,0.0,0.0
2026-04-16 08:00:00+00:00,74721.546875,74765.15625,74535.4296875,74551.703125,252039168,0.0,0.0
2026-04-16 08:15:00+00:00,74546.0,74749.7265625,74546.0,74701.8125,478818304,0.0,0.0
2026-04-16 08:30:00+00:00,74699.0,74745.9921875,74580.0078125,74690.5234375,166879232,0.0,0.0
2026-04-16 08:45:00+00:00,74673.9921875,74758.2421875,74667.9609375,74697.7109375,509456384,0.0,0.0
2026-04-16 09:00:00+00:00,74679.25,74779.546875,74648.2265625,74769.4921875,6418432,0.0,0.0
2026-04-16 09:15:00+00:00,74775.359375,74927.828125,74775.359375,74840.140625,26583040,0.0,0.0
2026-04-16 09:30:00+00:00,74840.140625,74857.2734375,74707.75,74720.4375,84193280,0.0,0.0
2026-04-16 09:45:00+00:00,74720.2890625,74742.9375,74611.796875,74612.671875,51486720,0.0,0.0
2026-04-16 10:00:00+00:00,74611.8828125,74670.84375,74416.0,74453.1171875,1648205824,0.0,0.0
2026-04-16 10:15:00+00:00,74445.7578125,74535.46875,74368.25,74474.8515625,177586176,0.0,0.0
2026-04-16 10:30:00+00:00,74460.5234375,74518.4296875,74394.1015625,74413.53125,23031808,0.0,0.0
2026-04-16 10:45:00+00:00,74413.53125,74422.6484375,74290.78125,74323.9921875,0,0.0,0.0
2026-04-16 11:00:00+00:00,74327.9921875,74395.7265625,74300.0078125,74335.0625,33398784,0.0,0.0
2026-04-16 11:15:00+00:00,74340.8515625,74405.109375,74303.78125,74394.1015625,93675520,0.0,0.0
2026-04-16 11:30:00+00:00,74397.6015625,74489.03125,74363.109375,74461.109375,615157760,0.0,0.0
2026-04-16 11:45:00+00:00,74463.71875,74601.65625,74442.0703125,74593.328125,9633792,0.0,0.0
2026-04-16 12:00:00+00:00,74593.328125,74876.34375,74593.328125,74763.28125,41234432,0.0,0.0
2026-04-16 12:15:00+00:00,74774.1484375,74820.0,74689.0234375,74731.3125,1534320640,0.0,0.0
2026-04-16 12:30:00+00:00,74731.3203125,74763.078125,74619.1796875,74678.7265625,78860288,0.0,0.0
2026-04-16 12:45:00+00:00,74676.1171875,74676.1171875,74592.90625,74632.8671875,79536128,0.0,0.0
2026-04-16 13:00:00+00:00,74628.7890625,74851.640625,74600.7421875,74836.890625,56135680,0.0,0.0
2026-04-16 13:15:00+00:00,74848.0,75023.1796875,74812.9765625,74980.4765625,816238592,0.0,0.0
2026-04-16 13:30:00+00:00,74996.6875,74996.6875,74500.0234375,74619.171875,96690176,0.0,0.0
2026-04-16 13:45:00+00:00,74621.578125,74621.578125,73309.7265625,73793.9765625,1764806656,0.0,0.0
2026-04-16 14:00:00+00:00,73766.3203125,73960.2578125,73604.6328125,73833.5625,434294784,0.0,0.0
2026-04-16 14:15:00+00:00,73872.9375,73903.3125,73424.0234375,73792.6171875,1099649024,0.0,0.0
2026-04-16 14:30:00+00:00,73777.3203125,74060.859375,73764.546875,73979.9921875,73613312,0.0,0.0
2026-04-16 14:45:00+00:00,73979.8515625,74198.890625,73864.5703125,73973.203125,254267392,0.0,0.0
2026-04-16 15:00:00+00:00,73969.7421875,74449.4375,73943.65625,74323.9765625,901251072,0.0,0.0
2026-04-16 15:15:00+00:00,74334.703125,74429.2890625,74206.0,74212.9375,278839296,0.0,0.0
2026-04-16 15:30:00+00:00,74199.9921875,74893.3125,74199.9921875,74571.0390625,0,0.0,0.0
2026-04-16 15:45:00+00:00,74564.2265625,74785.65625,74473.0390625,74719.9921875,1710952448,0.0,0.0
2026-04-16 16:00:00+00:00,74746.0,74956.0,74665.9765625,74687.5625,288927744,0.0,0.0
2026-04-16 16:15:00+00:00,74707.7421875,74896.953125,74587.9921875,74587.9921875,116965376,0.0,0.0
2026-04-16 16:30:00+00:00,74608.1015625,74656.2890625,74239.7421875,74347.90625,825724928,0.0,0.0
2026-04-16 16:45:00+00:00,74357.1875,74425.3984375,74088.59375,74186.03125,115470336,0.0,0.0
2026-04-16 17:00:00+00:00,74167.8828125,74212.8828125,73968.84375,73968.84375,48472064,0.0,0.0
2026-04-16 17:15:00+00:00,73954.9765625,74287.8203125,73917.140625,74233.0,200581120,0.0,0.0
2026-04-16 17:30:00+00:00,74209.2109375,74425.1875,74113.0390625,74392.53125,172621824,0.0,0.0
2026-04-16 17:45:00+00:00,74404.4375,74459.3984375,74209.296875,74346.0,30138368,0.0,0.0
2026-04-16 18:00:00+00:00,74354.03125,74534.3203125,74250.09375,74429.0625,47788032,0.0,0.0
2026-04-16 18:15:00+00:00,74428.703125,74507.9921875,74286.6328125,74418.0234375,43257856,0.0,0.0
2026-04-16 18:30:00+00:00,74440.0078125,74604.3984375,74375.6484375,74595.2265625,520998912,0.0,0.0
2026-04-16 18:45:00+00:00,74595.21875,75092.3125,74595.21875,75054.4375,905084928,0.0,0.0
2026-04-16 19:00:00+00:00,75102.0,75102.0,74762.671875,74843.4921875,807620608,0.0,0.0
2026-04-16 19:15:00+00:00,74837.359375,75086.953125,74814.0390625,75047.9921875,302706688,0.0,0.0
2026-04-16 19:30:00+00:00,75026.0,75330.0,74991.8671875,75252.84375,1630208,0.0,0.0
2026-04-16 19:45:00+00:00,75274.0234375,75429.609375,75234.203125,75371.9765625,292720640,0.0,0.0
2026-04-16 20:00:00+00:00,75384.9375,75533.6796875,75252.109375,75434.9765625,230064128,0.0,0.0
2026-04-16 20:15:00+00:00,75430.6875,75450.0,75125.1484375,75209.578125,333058048,0.0,0.0
2026-04-16 20:30:00+00:00,75209.9921875,75210.0,75020.96875,75094.3984375,0,0.0,0.0
2026-04-16 20:45:00+00:00,75094.3984375,75269.8828125,75058.296875,75245.9921875,129536000,0.0,0.0
2026-04-16 21:00:00+00:00,75252.2109375,75300.0,75155.828125,75155.828125,64393216,0.0,0.0
2026-04-16 21:15:00+00:00,75164.0234375,75178.8515625,74827.8125,74943.9921875,239747072,0.0,0.0
2026-04-16 21:30:00+00:00,74929.140625,75017.296875,74871.1015625,74958.671875,129966080,0.0,0.0
2026-04-16 21:45:00+00:00,74969.15625,75038.546875,74913.7109375,74956.6015625,91619328,0.0,0.0
2026-04-16 22:00:00+00:00,74966.2578125,75139.453125,74966.2578125,74995.421875,68034560,0.0,0.0
2026-04-16 22:15:00+00:00,74995.421875,75007.6484375,74853.75,74947.84375,80293888,0.0,0.0
2026-04-16 22:30:00+00:00,74947.84375,74998.9921875,74903.3203125,74940.21875,27078656,0.0,0.0
2026-04-16 22:45:00+00:00,74940.21875,74993.3671875,74855.34375,74888.609375,0,0.0,0.0
2026-04-16 23:00:00+00:00,74866.40625,75041.171875,74847.96875,75001.421875,0,0.0,0.0
2026-04-16 23:15:00+00:00,75005.75,75138.0078125,74931.6875,75044.53125,0,0.0,0.0
2026-04-16 23:30:00+00:00,75044.5234375,75198.4609375,75028.78125,75159.2890625,168566784,0.0,0.0
2026-04-16 23:45:00+00:00,75151.328125,75183.6484375,75063.96875,75183.6484375,1788985344,0.0,0.0
2026-04-17 00:00:00+00:00,75160.203125,75179.8515625,74962.6875,74988.1796875,34209792,0.0,0.0
2026-04-17 00:15:00+00:00,74988.1875,75031.3828125,74905.90625,75030.0,76431360,0.0,0.0
2026-04-17 00:30:00+00:00,75054.6015625,75138.2890625,74977.328125,74977.34375,13402112,0.0,0.0
2026-04-17 00:45:00+00:00,74977.34375,75012.71875,74929.9921875,74955.9921875,38105088,0.0,0.0
2026-04-17 01:00:00+00:00,74960.6171875,75061.3515625,74906.4609375,74915.4296875,39170048,0.0,0.0
2026-04-17 01:15:00+00:00,74914.390625,74952.109375,74690.0,74780.1875,102809600,0.0,0.0
2026-04-17 01:30:00+00:00,74780.1875,74837.96875,74684.5390625,74742.0078125,123617280,0.0,0.0
2026-04-17 01:45:00+00:00,74743.0625,74852.546875,74594.4765625,74763.890625,128741376,0.0,0.0
2026-04-17 02:00:00+00:00,74759.859375,74830.8984375,74663.953125,74737.40625,29208576,0.0,0.0
2026-04-17 02:15:00+00:00,74737.40625,74756.453125,74617.7109375,74617.71875,14884864,0.0,0.0
2026-04-17 02:30:00+00:00,74615.4921875,74763.609375,74562.671875,74687.1796875,0,0.0,0.0
2026-04-17 02:45:00+00:00,74687.1875,74732.2734375,74638.9296875,74730.1328125,0,0.0,0.0
2026-04-17 03:00:00+00:00,74724.9921875,74731.40625,74630.0,74713.2890625,55533568,0.0,0.0
2026-04-17 03:15:00+00:00,74713.296875,74771.6328125,74700.46875,74753.9921875,64483328,0.0,0.0
2026-04-17 03:30:00+00:00,74753.9921875,74860.109375,74695.7734375,74814.8984375,55590912,0.0,0.0
2026-04-17 03:45:00+00:00,74794.6328125,74830.1171875,74629.7578125,74633.1484375,190541824,0.0,0.0
2026-04-17 04:00:00+00:00,74633.15625,74708.5625,74611.78125,74690.6171875,62824448,0.0,0.0
2026-04-17 04:15:00+00:00,74698.453125,74820.0078125,74698.453125,74770.4765625,85221376,0.0,0.0
2026-04-17 04:30:00+00:00,74771.34375,74867.9375,74767.2109375,74837.6171875,2199552,0.0,0.0
2026-04-17 04:45:00+00:00,74831.9765625,74850.578125,74780.2734375,74810.0078125,0,0.0,0.0
2026-04-17 05:00:00+00:00,74810.0,74823.109375,74575.0,74643.9921875,0,0.0,0.0
2026-04-17 05:15:00+00:00,74643.28125,74775.3828125,74622.8828125,74692.6796875,195297280,0.0,0.0
2026-04-17 05:30:00+00:00,74692.6796875,74717.328125,74626.5703125,74672.9375,0,0.0,0.0
2026-04-17 05:45:00+00:00,74665.6328125,74745.9765625,74651.9765625,74656.5625,8589312,0.0,0.0
2026-04-17 06:00:00+00:00,74645.0234375,74798.9765625,74614.46875,74775.9921875,22990848,0.0,0.0
2026-04-17 06:15:00+00:00,74776.0,74830.96875,74753.4375,74828.3671875,68038656,0.0,0.0
2026-04-17 06:30:00+00:00,74814.75,74879.6328125,74781.546875,74873.71875,0,0.0,0.0
2026-04-17 06:45:00+00:00,74866.421875,74960.90625,74834.78125,74921.2421875,97767424,0.0,0.0
2026-04-17 07:00:00+00:00,74960.9609375,75118.859375,74954.7421875,75059.4765625,0,0.0,0.0
2026-04-17 07:15:00+00:00,75053.8203125,75053.8203125,74964.0390625,74993.9921875,124076032,0.0,0.0
2026-04-17 07:30:00+00:00,74996.4609375,75034.0078125,74958.671875,75032.0078125,44519424,0.0,0.0
2026-04-17 07:45:00+00:00,75032.0234375,75075.0,74966.8671875,75069.6875,182882304,0.0,0.0
2026-04-17 08:00:00+00:00,75095.40625,75186.0078125,75029.5390625,75082.5,663367680,0.0,0.0
2026-04-17 08:15:00+00:00,75082.5078125,75180.421875,75015.359375,75133.03125,0,0.0,0.0
2026-04-17 08:30:00+00:00,75117.421875,75434.9921875,75117.421875,75363.7734375,626044928,0.0,0.0
2026-04-17 08:45:00+00:00,75372.3515625,75888.75,75303.7578125,75789.9921875,1554776064,0.0,0.0
2026-04-17 09:00:00+00:00,75821.9765625,75912.2421875,75646.1484375,75911.2421875,268050432,0.0,0.0
2026-04-17 09:15:00+00:00,75913.0625,76370.0,75743.8984375,76331.0625,1164320768,0.0,0.0
2026-04-17 09:30:00+00:00,76324.390625,76328.8125,75551.25,75772.4921875,1386438656,0.0,0.0
2026-04-17 09:45:00+00:00,75779.9765625,75926.28125,75690.078125,75811.4765625,276500480,0.0,0.0
2026-04-17 10:00:00+00:00,75811.453125,75907.140625,75634.2265625,75650.109375,114360320,0.0,0.0
2026-04-17 10:15:00+00:00,75645.8203125,75760.671875,75253.0390625,75253.0390625,171888640,0.0,0.0
2026-04-17 10:30:00+00:00,75274.546875,75379.9765625,75124.2265625,75206.2578125,817684480,0.0,0.0
2026-04-17 10:45:00+00:00,75211.9765625,75329.2890625,75131.25,75301.109375,132304896,0.0,0.0
2026-04-17 11:00:00+00:00,75292.5078125,75436.3671875,75273.75,75348.75,18341888,0.0,0.0
2026-04-17 11:15:00+00:00,75346.0,75505.0,75346.0,75494.03125,293769216,0.0,0.0
2026-04-17 11:30:00+00:00,75503.9921875,75592.4921875,75411.9921875,75413.3125,3141632,0.0,0.0
2026-04-17 11:45:00+00:00,75406.9921875,75633.75,75400.3984375,75622.578125,0,0.0,0.0
2026-04-17 12:00:00+00:00,75661.6484375,75742.4921875,75558.0,75712.5,0,0.0,0.0
2026-04-17 12:15:00+00:00,75709.5703125,76005.0,75667.5,75807.03125,239525888,0.0,0.0
2026-04-17 12:30:00+00:00,75816.1015625,75931.28125,75674.0,75776.25,309489664,0.0,0.0
2026-04-17 12:45:00+00:00,75778.0078125,76298.359375,75755.6796875,76294.609375,445214720,0.0,0.0
2026-04-17 13:00:00+00:00,76260.0,76945.5,76100.0078125,76945.5,1420636160,0.0,0.0
2026-04-17 13:15:00+00:00,76948.2734375,77023.7890625,76482.2265625,76662.2578125,1369759744,0.0,0.0
2026-04-17 13:30:00+00:00,76678.7890625,76962.0234375,76209.7734375,76927.5078125,1539702784,0.0,0.0
2026-04-17 13:45:00+00:00,76942.0390625,77453.2265625,76694.0,77388.0,1349578752,0.0,0.0
2026-04-17 14:00:00+00:00,77434.4609375,77582.0078125,77065.90625,77138.0078125,286556160,0.0,0.0
2026-04-17 14:15:00+00:00,77141.2265625,77812.0,77141.2265625,77523.7421875,658391040,0.0,0.0
2026-04-17 14:30:00+00:00,77561.2421875,78142.9765625,77553.96875,78071.21875,795160576,0.0,0.0
2026-04-17 14:45:00+00:00,78067.109375,78142.4921875,77812.078125,77977.75,1455243264,0.0,0.0
2026-04-17 15:00:00+00:00,77977.5078125,78037.2890625,77635.46875,77892.9296875,2699091968,0.0,0.0
2026-04-17 15:15:00+00:00,77900.0390625,78060.0234375,77754.0234375,77808.859375,666775552,0.0,0.0
2026-04-17 15:30:00+00:00,77796.65625,77917.3671875,77516.2734375,77574.1875,161456128,0.0,0.0
2026-04-17 15:45:00+00:00,77603.953125,77938.046875,77497.6015625,77843.2734375,395554816,0.0,0.0
2026-04-17 16:00:00+00:00,77836.21875,78093.59375,77785.25,77920.6796875,270987264,0.0,0.0
2026-04-17 16:15:00+00:00,77925.2734375,78340.0390625,77854.71875,78228.7421875,506576896,0.0,0.0
2026-04-17 16:30:00+00:00,78206.25,78332.25,78031.1015625,78135.0078125,94531584,0.0,0.0
2026-04-17 16:45:00+00:00,78135.0078125,78135.0078125,77849.0,77907.2734375,240443392,0.0,0.0
2026-04-17 17:00:00+00:00,77898.7578125,77955.0078125,77413.9921875,77553.75,37355520,0.0,0.0
2026-04-17 17:15:00+00:00,77540.578125,77648.046875,77152.5,77281.8203125,769011712,0.0,0.0
2026-04-17 17:30:00+00:00,77321.03125,77581.1875,77321.03125,77496.3515625,452976640,0.0,0.0
2026-04-17 17:45:00+00:00,77523.8828125,77708.96875,77468.828125,77563.5078125,153649152,0.0,0.0
2026-04-17 18:00:00+00:00,77576.25,77602.4765625,77133.7578125,77172.8515625,246292480,0.0,0.0
2026-04-17 18:15:00+00:00,77187.8828125,77397.1015625,77137.5,77241.828125,290144256,0.0,0.0
2026-04-17 18:30:00+00:00,77253.7421875,77426.609375,77181.4609375,77420.3828125,217030656,0.0,0.0
2026-04-17 18:45:00+00:00,77402.296875,77416.0,77122.5,77206.0,122023936,0.0,0.0
2026-04-17 19:00:00+00:00,77210.1328125,77306.2421875,77063.2578125,77264.9921875,0,0.0,0.0
2026-04-17 19:15:00+00:00,77273.53125,77425.2421875,77273.53125,77311.7890625,280645632,0.0,0.0
2026-04-17 19:30:00+00:00,77354.0625,77442.8828125,77254.328125,77395.9765625,5136384,0.0,0.0
2026-04-17 19:45:00+00:00,77358.75,77524.0625,77271.1875,77517.8671875,88702976,0.0,0.0
2026-04-17 20:00:00+00:00,77463.8828125,77648.453125,77385.75,77553.75,0,0.0,0.0
2026-04-17 20:15:00+00:00,77538.9296875,77551.171875,77396.25,77404.2265625,241209344,0.0,0.0
2026-04-17 20:30:00+00:00,77404.2421875,77429.9921875,77188.65625,77288.0078125,22474752,0.0,0.0
2026-04-17 20:45:00+00:00,77265.0078125,77398.0234375,77237.0,77366.96875,115191808,0.0,0.0
2026-04-17 21:00:00+00:00,77373.2734375,77449.3125,77348.0,77419.9921875,35840000,0.0,0.0
2026-04-17 21:15:00+00:00,77408.21875,77527.4765625,77316.796875,77471.2578125,37818368,0.0,0.0
2026-04-17 21:30:00+00:00,77456.2578125,77471.2421875,77310.0,77441.25,2011136,0.0,0.0
2026-04-17 21:45:00+00:00,77442.359375,77531.2421875,77402.578125,77475.0,120676352,0.0,0.0
2026-04-17 22:00:00+00:00,77473.1328125,77551.5234375,77420.0078125,77452.5,140353536,0.0,0.0
2026-04-17 22:15:00+00:00,77460.0,77492.9296875,77351.25,77418.75,199081984,0.0,0.0
2026-04-17 22:30:00+00:00,77385.0,77501.5703125,77366.25,77447.921875,1075593216,0.0,0.0
2026-04-17 22:45:00+00:00,77447.90625,77453.390625,77297.9765625,77339.9375,59478016,0.0,0.0
2026-04-17 23:00:00+00:00,77328.0078125,77336.2421875,77205.0078125,77232.5,137797632,0.0,0.0
2026-04-17 23:15:00+00:00,77232.5,77232.5078125,76941.9921875,77085.6171875,106631168,0.0,0.0
2026-04-17 23:30:00+00:00,77077.5078125,77156.2421875,77022.65625,77069.53125,49164288,0.0,0.0
2026-04-17 23:45:00+00:00,77078.0390625,77178.0,77070.2109375,77140.828125,395444224,0.0,0.0
2026-04-18 00:00:00+00:00,77073.75,77231.7734375,77071.5078125,77127.296875,100552704,0.0,0.0
2026-04-18 00:15:00+00:00,77133.7421875,77267.6484375,77133.7421875,77255.96875,748728320,0.0,0.0
2026-04-18 00:30:00+00:00,77249.9921875,77287.4609375,77047.5,77047.5,89243648,0.0,0.0
2026-04-18 00:45:00+00:00,77047.5234375,77247.078125,77010.0,77196.0,95502336,0.0,0.0
2026-04-18 01:00:00+00:00,77216.2421875,77358.75,77148.7734375,77347.53125,0,0.0,0.0
2026-04-18 01:15:00+00:00,77336.2578125,77364.7421875,77306.2578125,77323.46875,88903680,0.0,0.0
2026-04-18 01:30:00+00:00,77331.359375,77331.7421875,77231.2421875,77231.2421875,132448256,0.0,0.0
2026-04-18 01:45:00+00:00,77245.7734375,77346.0,77171.2578125,77251.96875,11153408,0.0,0.0
2026-04-18 02:00:00+00:00,77251.96875,77321.0234375,77154.2890625,77321.0234375,4935680,0.0,0.0
2026-04-18 02:15:00+00:00,77321.0234375,77447.4296875,77321.0234375,77356.5703125,52277248,0.0,0.0
2026-04-18 02:30:00+00:00,77356.578125,77423.0625,77291.9765625,77355.0,0,0.0,0.0
2026-04-18 02:45:00+00:00,77355.0,77368.421875,77306.7109375,77323.5078125,101146624,0.0,0.0
2026-04-18 03:00:00+00:00,77321.2421875,77328.75,77261.2265625,77287.5078125,0,0.0,0.0
2026-04-18 03:15:00+00:00,77280.0,77292.8828125,77201.9921875,77202.0,0,0.0,0.0
2026-04-18 03:30:00+00:00,77212.5,77230.703125,77156.25,77195.0078125,81920,0.0,0.0
2026-04-18 03:45:00+00:00,77195.0078125,77249.953125,77001.3125,77040.0,66932736,0.0,0.0
2026-04-18 04:00:00+00:00,77025.9921875,77131.78125,77000.0,77128.609375,149950464,0.0,0.0
2026-04-18 04:15:00+00:00,77111.2578125,77111.2578125,76994.0234375,77029.890625,128606208,0.0,0.0
2026-04-18 04:30:00+00:00,77006.2578125,77118.75,76926.9296875,77024.0625,406736896,0.0,0.0
2026-04-18 04:45:00+00:00,77040.8671875,77197.5,77040.8671875,77148.75,154378240,0.0,0.0
2026-04-18 05:00:00+00:00,77144.0234375,77295.0078125,77144.0078125,77239.0,0,0.0,0.0
2026-04-18 05:15:00+00:00,77236.546875,77257.3515625,77175.0078125,77190.0,240762880,0.0,0.0
2026-04-18 05:30:00+00:00,77182.703125,77216.21875,77150.0,77192.046875,44281856,0.0,0.0
2026-04-18 05:45:00+00:00,77182.5,77189.9609375,77150.0078125,77168.2890625,8445952,0.0,0.0
2026-04-18 06:00:00+00:00,77168.296875,77253.75,77133.7578125,77201.2578125,0,0.0,0.0
2026-04-18 06:15:00+00:00,77197.9765625,77215.296875,77091.0,77130.34375,0,0.0,0.0
2026-04-18 06:30:00+00:00,77121.2578125,77175.0,77118.53125,77174.9921875,272592896,0.0,0.0
2026-04-18 06:45:00+00:00,77174.9921875,77189.9921875,77130.6875,77160.0078125,0,0.0,0.0
2026-04-18 07:00:00+00:00,77136.328125,77162.0234375,77083.4765625,77103.75,0,0.0,0.0
2026-04-18 07:15:00+00:00,77103.75,77126.171875,77072.0,77111.25,0,0.0,0.0
2026-04-18 07:30:00+00:00,77111.2578125,77115.0,77000.0,77066.6015625,56713216,0.0,0.0
2026-04-18 07:45:00+00:00,77059.421875,77059.421875,76923.078125,77020.0078125,0,0.0,0.0
2026-04-18 08:00:00+00:00,77020.0234375,77070.390625,76834.0,76834.0,0,0.0,0.0
2026-04-18 08:15:00+00:00,76842.40625,76886.25,76667.078125,76717.5078125,337600512,0.0,0.0
2026-04-18 08:30:00+00:00,76713.75,76793.578125,76534.0234375,76577.9921875,140804096,0.0,0.0
2026-04-18 08:45:00+00:00,76575.9921875,76814.9921875,76575.9921875,76760.0234375,0,0.0,0.0
2026-04-18 09:00:00+00:00,76732.5,76743.7421875,76500.0,76567.5234375,0,0.0,0.0
2026-04-18 09:15:00+00:00,76561.34375,76612.09375,76450.15625,76608.28125,719036416,0.0,0.0
2026-04-18 09:30:00+00:00,76596.2109375,76703.6015625,76585.59375,76656.6171875,0,0.0,0.0
2026-04-18 09:45:00+00:00,76656.6171875,76724.9921875,76558.0078125,76631.2578125,0,0.0,0.0
2026-04-18 10:00:00+00:00,76631.2578125,76631.2578125,76240.0,76327.5703125,214880256,0.0,0.0
2026-04-18 10:15:00+00:00,76328.421875,76420.8125,76320.0234375,76357.578125,93908992,0.0,0.0
2026-04-18 10:30:00+00:00,76298.96875,76341.640625,76257.3515625,76263.7578125,18735104,0.0,0.0
2026-04-18 10:45:00+00:00,76257.8515625,76313.390625,76170.71875,76222.4921875,91656192,0.0,0.0
2026-04-18 11:00:00+00:00,76222.5,76222.5,75952.5,75980.96875,198856704,0.0,0.0
2026-04-18 11:15:00+00:00,75969.9921875,76127.7421875,75968.46875,76108.453125,105263104,0.0,0.0
2026-04-18 11:30:00+00:00,76095.0,76190.0078125,75798.75,75877.2734375,128331776,0.0,0.0
2026-04-18 11:45:00+00:00,75877.28125,76117.9921875,75821.2734375,76069.4609375,162295808,0.0,0.0
2026-04-18 12:00:00+00:00,76074.796875,76255.4609375,76070.9921875,76241.2734375,79736832,0.0,0.0
2026-04-18 12:15:00+00:00,76233.75,76323.7421875,76170.0,76177.5078125,938156032,0.0,0.0
2026-04-18 12:30:00+00:00,76181.09375,76252.4921875,76085.4765625,76210.8125,0,0.0,0.0
2026-04-18 12:45:00+00:00,76210.609375,76290.0078125,76206.96875,76239.7578125,0,0.0,0.0
2026-04-18 13:00:00+00:00,76230.828125,76239.7578125,76163.796875,76189.359375,0,0.0,0.0
2026-04-18 13:15:00+00:00,76194.1875,76248.7421875,76091.2578125,76114.0078125,0,0.0,0.0
2026-04-18 13:30:00+00:00,76118.78125,76118.78125,75839.9921875,75980.1328125,0,0.0,0.0
2026-04-18 13:45:00+00:00,75992.9609375,76193.0,75926.2578125,76148.640625,0,0.0,0.0
2026-04-18 14:00:00+00:00,76150.0078125,76204.328125,76106.2578125,76200.1015625,0,0.0,0.0
2026-04-18 14:15:00+00:00,76196.2578125,76218.75,76008.7578125,76174.5625,0,0.0,0.0
2026-04-18 14:30:00+00:00,76174.5625,76314.09375,76174.5625,76211.25,0,0.0,0.0
2026-04-18 14:45:00+00:00,76222.4921875,76293.109375,76196.2578125,76280.609375,0,0.0,0.0
2026-04-18 15:00:00+00:00,76282.1875,76361.2578125,76168.8671875,76246.296875,0,0.0,0.0
2026-04-18 15:15:00+00:00,76241.34375,76300.0,76171.0,76234.65625,0,0.0,0.0
2026-04-18 15:30:00+00:00,76234.65625,76263.9921875,76161.5,76161.5078125,0,0.0,0.0
2026-04-18 15:45:00+00:00,76163.609375,76220.53125,76050.1328125,76191.71875,0,0.0,0.0
2026-04-18 16:00:00+00:00,76173.09375,76249.9765625,76055.9375,76248.0234375,0,0.0,0.0
2026-04-18 16:15:00+00:00,76179.6328125,76179.6328125,75823.03125,76114.953125,36700160,0.0,0.0
2026-04-18 16:30:00+00:00,76122.9921875,76160.8515625,76014.25,76024.5234375,0,0.0,0.0
2026-04-18 16:45:00+00:00,76022.0078125,76051.90625,75886.5,75968.1171875,0,0.0,0.0
2026-04-18 17:00:00+00:00,75955.4765625,75982.5234375,75818.1796875,75864.5390625,0,0.0,0.0
2026-04-18 17:15:00+00:00,75864.5390625,75927.140625,75822.640625,75895.3125,0,0.0,0.0
2026-04-18 17:30:00+00:00,75882.578125,75929.9765625,75878.0078125,75913.1484375,0,0.0,0.0
2026-04-18 17:45:00+00:00,75908.2109375,75925.0,75852.1171875,75852.1328125,0,0.0,0.0
2026-04-18 18:00:00+00:00,75842.0078125,75886.8984375,75723.2421875,75832.828125,0,0.0,0.0
2026-04-18 18:15:00+00:00,75832.828125,75832.828125,75636.0078125,75690.5625,430004224,0.0,0.0
2026-04-18 18:30:00+00:00,75675.6796875,75691.8203125,75482.96875,75595.0,90478592,0.0,0.0
2026-04-18 18:45:00+00:00,75611.859375,75744.921875,75563.4921875,75672.4375,87820288,0.0,0.0
2026-04-18 19:00:00+00:00,75653.71875,75819.46875,75653.71875,75784.0078125,0,0.0,0.0
2026-04-18 19:15:00+00:00,75784.0078125,75828.6875,75655.0234375,75725.96875,0,0.0,0.0
2026-04-18 19:30:00+00:00,75725.96875,75732.7734375,75611.078125,75625.046875,0,0.0,0.0
2026-04-18 19:45:00+00:00,75620.7734375,75707.96875,75607.84375,75678.90625,500967424,0.0,0.0
2026-04-18 20:00:00+00:00,75688.59375,75730.578125,75633.6796875,75725.65625,0,0.0,0.0
2026-04-18 20:15:00+00:00,75725.65625,75830.953125,75698.21875,75746.7890625,109248512,0.0,0.0
2026-04-18 20:30:00+00:00,75757.5078125,75827.0078125,75730.6171875,75821.046875,16631808,0.0,0.0
2026-04-18 20:45:00+00:00,75821.046875,75875.828125,75761.0625,75784.9375,494526464,0.0,0.0
2026-04-18 21:00:00+00:00,75779.0390625,75875.828125,75743.1328125,75760.0234375,91482112,0.0,0.0
2026-04-18 21:15:00+00:00,75756.4296875,75788.0,75632.671875,75780.5703125,120907776,0.0,0.0
2026-04-18 21:30:00+00:00,75773.8671875,75779.1171875,75705.328125,75760.0234375,54659072,0.0,0.0
2026-04-18 21:45:00+00:00,75762.109375,75858.71875,75762.109375,75854.5703125,0,0.0,0.0
2026-04-18 22:00:00+00:00,75827.4921875,75833.3828125,75655.9765625,75695.0625,40544256,0.0,0.0
2026-04-18 22:15:00+00:00,75649.8203125,75756.7734375,75644.1171875,75756.1171875,0,0.0,0.0
2026-04-18 22:30:00+00:00,75756.1171875,75855.328125,75756.1171875,75817.78125,80097280,0.0,0.0
2026-04-18 22:45:00+00:00,75817.7890625,75914.6796875,75811.546875,75846.96875,46002176,0.0,0.0
2026-04-18 23:00:00+00:00,75861.0390625,75921.9765625,75842.671875,75856.546875,0,0.0,0.0
2026-04-18 23:15:00+00:00,75862.4296875,75885.7265625,75825.7890625,75843.640625,0,0.0,0.0
2026-04-18 23:30:00+00:00,75843.6328125,75843.640625,75730.59375,75789.3984375,32860160,0.0,0.0
2026-04-18 23:45:00+00:00,75782.2734375,75800.53125,75730.578125,75730.578125,2629632,0.0,0.0
2026-04-19 00:00:00+00:00,75736.0,75884.0078125,75722.0,75810.0078125,0,0.0,0.0
2026-04-19 00:15:00+00:00,75804.9296875,75804.9296875,75611.078125,75653.046875,78952448,0.0,0.0
2026-04-19 00:30:00+00:00,75653.0625,75683.4296875,75590.171875,75614.2890625,401643520,0.0,0.0
2026-04-19 00:45:00+00:00,75617.5234375,75716.9765625,75611.0625,75705.21875,13830144,0.0,0.0
2026-04-19 01:00:00+00:00,75708.0078125,75820.0,75656.8828125,75714.4296875,44941312,0.0,0.0
2026-04-19 01:15:00+00:00,75707.96875,75707.96875,75578.78125,75578.78125,436660224,0.0,0.0
2026-04-19 01:30:00+00:00,75578.7890625,75613.4765625,75500.0,75576.5078125,43239424,0.0,0.0
2026-04-19 01:45:00+00:00,75576.5078125,75674.0625,75576.5078125,75652.1015625,10723328,0.0,0.0
2026-04-19 02:00:00+00:00,75643.671875,75668.1796875,75611.3203125,75668.1796875,0,0.0,0.0
2026-04-19 02:15:00+00:00,75680.6796875,75714.34375,75452.0,75522.2265625,84662272,0.0,0.0
2026-04-19 02:30:00+00:00,75527.09375,75741.3515625,75485.1015625,75672.5078125,123154432,0.0,0.0
2026-04-19 02:45:00+00:00,75681.5390625,75718.2578125,75523.859375,75523.859375,47831040,0.0,0.0
2026-04-19 03:00:00+00:00,75523.859375,75579.453125,75398.8671875,75572.3125,114518016,0.0,0.0
2026-04-19 03:15:00+00:00,75569.09375,75588.890625,75498.03125,75559.3828125,74878976,0.0,0.0
2026-04-19 03:30:00+00:00,75562.609375,75641.4375,75523.8671875,75625.109375,59705344,0.0,0.0
2026-04-19 03:45:00+00:00,75632.90625,75668.0,75540.0390625,75549.65625,5142528,0.0,0.0
2026-04-19 04:00:00+00:00,75546.4921875,75772.5703125,75546.4921875,75737.046875,0,0.0,0.0
2026-04-19 04:15:00+00:00,75733.8125,75798.40625,75695.0625,75717.578125,79136768,0.0,0.0
2026-04-19 04:30:00+00:00,75717.578125,75717.578125,75454.6171875,75570.5234375,7120896,0.0,0.0
2026-04-19 04:45:00+00:00,75577.546875,75741.9921875,75540.0234375,75700.0078125,73490432,0.0,0.0
2026-04-19 05:00:00+00:00,75695.0625,75723.8828125,75559.3984375,75592.4765625,34580480,0.0,0.0
2026-04-19 05:15:00+00:00,75583.5703125,75604.609375,75549.6796875,75600.0234375,73271296,0.0,0.0
2026-04-19 05:30:00+00:00,75600.0234375,75703.5078125,75600.0078125,75632.0078125,1892352,0.0,0.0
2026-04-19 05:45:00+00:00,75632.0234375,75636.90625,75566.0,75580.0234375,46084096,0.0,0.0
2026-04-19 06:00:00+00:00,75580.0078125,75580.0078125,75432.5,75432.5,78909440,0.0,0.0
2026-04-19 06:15:00+00:00,75437.1015625,75477.9921875,75325.0,75443.1171875,201093120,0.0,0.0
2026-04-19 06:30:00+00:00,75442.78125,75523.8515625,75442.78125,75457.4921875,50542592,0.0,0.0
2026-04-19 06:45:00+00:00,75462.4921875,75464.53125,75413.9921875,75429.75,53633024,0.0,0.0
2026-04-19 07:00:00+00:00,75426.9609375,75434.921875,75259.0078125,75275.140625,141709312,0.0,0.0
2026-04-19 07:15:00+00:00,75275.1484375,75277.4765625,74955.546875,75022.5234375,102766592,0.0,0.0
2026-04-19 07:30:00+00:00,75022.578125,75258.328125,75022.578125,75225.8984375,664981504,0.0,0.0
2026-04-19 07:45:00+00:00,75224.0078125,75329.953125,75196.03125,75291.1171875,158052352,0.0,0.0
2026-04-19 08:00:00+00:00,75265.0,75318.7890625,75217.0234375,75300.03125,77070336,0.0,0.0
2026-04-19 08:15:00+00:00,75300.0390625,75336.5234375,75180.0078125,75180.0078125,0,0.0,0.0
2026-04-19 08:30:00+00:00,75184.0,75291.0,75113.953125,75265.4765625,0,0.0,0.0
2026-04-19 08:45:00+00:00,75268.6875,75309.0,75216.2421875,75293.171875,0,0.0,0.0
2026-04-19 09:00:00+00:00,75292.5390625,75301.4921875,75201.9765625,75209.046875,0,0.0,0.0
2026-04-19 09:15:00+00:00,75209.046875,75220.2421875,75010.28125,75123.9765625,0,0.0,0.0
2026-04-19 09:30:00+00:00,75128.8515625,75203.9921875,75090.046875,75100.7421875,99471360,0.0,0.0
2026-04-19 09:45:00+00:00,75094.1875,75101.359375,74963.3828125,75055.421875,0,0.0,0.0
2026-04-19 10:00:00+00:00,75055.421875,75119.109375,74974.7734375,75068.890625,0,0.0,0.0
2026-04-19 10:15:00+00:00,75068.890625,75142.7265625,75029.6796875,75120.609375,0,0.0,0.0
2026-04-19 10:30:00+00:00,75112.0078125,75129.8125,75078.140625,75120.1171875,35895296,0.0,0.0
2026-04-19 10:45:00+00:00,75120.109375,75272.5625,75084.0625,75246.09375,0,0.0,0.0
2026-04-19 11:00:00+00:00,75246.09375,75481.8828125,75242.0234375,75454.546875,0,0.0,0.0
2026-04-19 11:15:00+00:00,75448.0078125,75574.5,75378.5078125,75417.421875,479610880,0.0,0.0
2026-04-19 11:30:00+00:00,75410.8203125,75569.078125,75410.8125,75551.34375,0,0.0,0.0
2026-04-19 11:45:00+00:00,75536.09375,75653.0625,75530.0390625,75637.5234375,0,0.0,0.0
2026-04-19 12:00:00+00:00,75652.3125,75692.6875,75552.6796875,75678.890625,38856704,0.0,0.0
2026-04-19 12:15:00+00:00,75700.03125,75730.4921875,75533.5625,75546.4921875,42057728,0.0,0.0
2026-04-19 12:30:00+00:00,75556.1484375,75584.0625,75480.0,75539.8671875,45111296,0.0,0.0
2026-04-19 12:45:00+00:00,75540.2890625,75712.078125,75497.046875,75611.90625,0,0.0,0.0
2026-04-19 13:00:00+00:00,75588.4609375,75814.578125,75588.3515625,75808.9296875,0,0.0,0.0
2026-04-19 13:15:00+00:00,75801.6484375,76257.0703125,75769.34375,76073.9921875,493959168,0.0,0.0
2026-04-19 13:30:00+00:00,76081.5,76155.9296875,75976.0625,76075.953125,181108736,0.0,0.0
2026-04-19 13:45:00+00:00,76075.953125,76075.953125,75905.9375,75963.1328125,6434816,0.0,0.0
2026-04-19 14:00:00+00:00,75963.1328125,76045.4921875,75707.9765625,75829.4921875,191623168,0.0,0.0
2026-04-19 14:15:00+00:00,75826.40625,76066.5,75798.421875,75999.40625,90669056,0.0,0.0
2026-04-19 14:30:00+00:00,76018.046875,76036.0234375,75833.9375,76020.4296875,94797824,0.0,0.0
2026-04-19 14:45:00+00:00,76016.8515625,76180.578125,75985.75,76064.9609375,652947456,0.0,0.0
2026-04-19 15:00:00+00:00,76062.84375,76082.09375,75911.4609375,76045.7421875,475654144,0.0,0.0
2026-04-19 15:15:00+00:00,76040.671875,76187.9921875,75931.2890625,76001.8984375,189573120,0.0,0.0
2026-04-19 15:30:00+00:00,76001.8984375,76010.7578125,75450.4765625,75762.8984375,547151872,0.0,0.0
2026-04-19 15:45:00+00:00,75756.40625,75913.8984375,75725.0234375,75885.6171875,278636544,0.0,0.0
2026-04-19 16:00:00+00:00,75885.6171875,75893.6328125,75669.2109375,75700.703125,137945088,0.0,0.0
2026-04-19 16:15:00+00:00,75701.8203125,75797.1328125,75584.9921875,75600.140625,0,0.0,0.0
2026-04-19 16:30:00+00:00,75574.0078125,75730.4921875,75543.3828125,75595.40625,18628608,0.0,0.0
2026-04-19 16:45:00+00:00,75588.4609375,75670.109375,75356.0078125,75416.0078125,102971392,0.0,0.0
2026-04-19 17:00:00+00:00,75419.3515625,75419.3515625,75058.15625,75297.796875,669755392,0.0,0.0
2026-04-19 17:15:00+00:00,75284.84375,75407.578125,75200.0,75300.453125,45142016,0.0,0.0
2026-04-19 17:30:00+00:00,75308.7421875,75386.9921875,75116.0234375,75220.140625,170579968,0.0,0.0
2026-04-19 17:45:00+00:00,75220.1484375,75239.9921875,74707.9921875,74820.8515625,80896000,0.0,0.0
2026-04-19 18:00:00+00:00,74793.8828125,74910.171875,74706.671875,74864.921875,553476096,0.0,0.0
2026-04-19 18:15:00+00:00,74860.03125,74898.859375,74641.4765625,74838.6796875,109901824,0.0,0.0
2026-04-19 18:30:00+00:00,74838.609375,74849.0,74676.0078125,74731.96875,153589760,0.0,0.0
2026-04-19 18:45:00+00:00,74713.140625,74826.6484375,74647.5234375,74806.7109375,0,0.0,0.0
2026-04-19 19:00:00+00:00,74813.2578125,75010.2890625,74813.2578125,74980.0078125,86157312,0.0,0.0
2026-04-19 19:15:00+00:00,74975.9765625,75064.1015625,74877.8671875,74987.9375,59457536,0.0,0.0
2026-04-19 19:30:00+00:00,74986.046875,75110.421875,74966.3203125,75007.296875,138969088,0.0,0.0
2026-04-19 19:45:00+00:00,74998.6484375,75055.0,74920.25,74985.0390625,92555264,0.0,0.0
2026-04-19 20:00:00+00:00,74985.0390625,74985.0390625,74732.5078125,74832.6328125,148537344,0.0,0.0
2026-04-19 20:15:00+00:00,74830.4609375,74835.2734375,74674.0078125,74785.3125,37482496,0.0,0.0
2026-04-19 20:30:00+00:00,74789.3203125,74903.65625,74580.0,74580.0,11849728,0.0,0.0
2026-04-19 20:45:00+00:00,74572.0,74745.421875,74493.4765625,74662.5625,240408576,0.0,0.0
2026-04-19 21:00:00+00:00,74662.5625,74774.5,74606.546875,74722.0,484933632,0.0,0.0
2026-04-19 21:15:00+00:00,74718.0078125,74799.9921875,74608.328125,74777.7421875,137914368,0.0,0.0
2026-04-19 21:30:00+00:00,74777.7265625,74842.3203125,74749.9921875,74772.9296875,82423808,0.0,0.0
2026-04-19 21:45:00+00:00,74772.9296875,74823.6875,74407.84375,74461.203125,0,0.0,0.0
2026-04-19 22:00:00+00:00,74423.9921875,74438.578125,73853.953125,74047.109375,1118838784,0.0,0.0
2026-04-19 22:15:00+00:00,74013.3671875,74098.609375,73802.578125,73979.9296875,549853184,0.0,0.0
2026-04-19 22:30:00+00:00,73966.0,74206.0234375,73952.3203125,74162.0,653494272,0.0,0.0
2026-04-19 22:45:00+00:00,74183.1015625,74226.0078125,74060.9921875,74072.5390625,199192576,0.0,0.0
2026-04-19 23:00:00+00:00,74076.8125,74076.8125,73857.1796875,74049.546875,103438336,0.0,0.0
2026-04-19 23:15:00+00:00,74041.2890625,74041.2890625,73819.9921875,73915.3203125,294148096,0.0,0.0
2026-04-19 23:30:00+00:00,73928.0,73986.3828125,73850.0,73923.828125,149712896,0.0,0.0
2026-04-19 23:45:00+00:00,73921.7734375,74002.53125,73815.203125,73815.203125,153745408,0.0,0.0
2026-04-20 00:00:00+00:00,73830.0,74160.796875,73772.9609375,74070.359375,423727104,0.0,0.0
2026-04-20 00:15:00+00:00,74103.8515625,74310.0,74101.65625,74261.46875,278116352,0.0,0.0
2026-04-20 00:30:00+00:00,74257.703125,74306.15625,74180.0078125,74206.6875,261267456,0.0,0.0
2026-04-20 00:45:00+00:00,74206.15625,74382.15625,74193.109375,74305.296875,161366016,0.0,0.0
2026-04-20 01:00:00+00:00,74314.6796875,74388.0390625,74253.0078125,74388.0390625,112910336,0.0,0.0
2026-04-20 01:15:00+00:00,74390.59375,74390.59375,74239.796875,74325.5234375,87212032,0.0,0.0
2026-04-20 01:30:00+00:00,74325.53125,74738.453125,74325.53125,74709.6875,591788032,0.0,0.0
2026-04-20 01:45:00+00:00,74708.90625,74772.3515625,74585.9921875,74621.4296875,625072128,0.0,0.0
2026-04-20 02:00:00+00:00,74623.9921875,74654.9375,74374.0,74425.34375,73322496,0.0,0.0
2026-04-20 02:15:00+00:00,74382.0,74504.3515625,74337.390625,74484.5078125,99637248,0.0,0.0
2026-04-20 02:30:00+00:00,74509.9921875,74553.0234375,74433.9921875,74553.0234375,62496768,0.0,0.0
2026-04-20 02:45:00+00:00,74553.03125,74553.03125,74439.90625,74439.90625,237131776,0.0,0.0
2026-04-20 03:00:00+00:00,74448.2734375,74527.9921875,74390.1328125,74527.9921875,5894144,0.0,0.0
2026-04-20 03:15:00+00:00,74536.8515625,74614.0,74428.8828125,74545.21875,90025984,0.0,0.0
2026-04-20 03:30:00+00:00,74547.6875,74616.2421875,74492.890625,74610.140625,535609344,0.0,0.0
2026-04-20 03:45:00+00:00,74593.6328125,74672.9609375,74583.9375,74665.6171875,82550784,0.0,0.0
2026-04-20 04:00:00+00:00,74666.078125,74669.1875,74539.46875,74539.46875,139982848,0.0,0.0
2026-04-20 04:15:00+00:00,74542.0078125,74556.21875,74469.0390625,74538.4921875,0,0.0,0.0
2026-04-20 04:30:00+00:00,74535.9296875,74550.40625,74474.46875,74501.9609375,134875136,0.0,0.0
2026-04-20 04:45:00+00:00,74501.96875,74645.359375,74501.96875,74593.59375,8396800,0.0,0.0
2026-04-20 05:00:00+00:00,74567.78125,74586.0703125,74293.3125,74387.3203125,0,0.0,0.0
2026-04-20 05:15:00+00:00,74364.2890625,74364.2890625,74170.4765625,74173.78125,170786816,0.0,0.0
2026-04-20 05:30:00+00:00,74163.7578125,74254.9921875,74140.0625,74151.1171875,228923392,0.0,0.0
2026-04-20 05:45:00+00:00,74147.921875,74336.78125,74136.9375,74297.921875,137598976,0.0,0.0
2026-04-20 06:00:00+00:00,74315.828125,74468.5390625,74292.3671875,74325.5234375,55478272,0.0,0.0
2026-04-20 06:15:00+00:00,74328.75,74429.296875,74283.5390625,74370.75,0,0.0,0.0
2026-04-20 06:30:00+00:00,74407.5390625,74910.15625,74407.5390625,74812.46875,98301952,0.0,0.0
2026-04-20 06:45:00+00:00,74796.0078125,74848.6015625,74687.078125,74820.1796875,674830336,0.0,0.0
2026-04-20 07:00:00+00:00,74873.421875,74892.0,74724.4375,74830.703125,42092544,0.0,0.0
2026-04-20 07:15:00+00:00,74818.3203125,75582.0078125,74749.0625,75242.5,33265664,0.0,0.0
2026-04-20 07:30:00+00:00,75257.3515625,75275.1328125,74892.8828125,74990.1796875,868253696,0.0,0.0
2026-04-20 07:45:00+00:00,74967.96875,75034.7421875,74694.3671875,74860.0234375,168671232,0.0,0.0
2026-04-20 08:00:00+00:00,74860.3828125,74901.1875,74689.71875,74852.96875,91893760,0.0,0.0
2026-04-20 08:15:00+00:00,74845.7265625,75026.953125,74739.9296875,74849.2421875,199555072,0.0,0.0
2026-04-20 08:30:00+00:00,74852.2265625,74957.3125,74788.890625,74854.0078125,119300096,0.0,0.0
2026-04-20 08:45:00+00:00,74861.3125,74890.046875,74650.28125,74758.0078125,761014272,0.0,0.0
2026-04-20 09:00:00+00:00,74745.359375,75110.6484375,74726.109375,75058.4296875,169259008,0.0,0.0
2026-04-20 09:15:00+00:00,75067.0625,75176.0234375,75025.0234375,75064.921875,249778176,0.0,0.0
2026-04-20 09:30:00+00:00,75064.328125,75223.9375,75002.390625,75183.53125,0,0.0,0.0
2026-04-20 09:45:00+00:00,75194.0078125,75269.5234375,75053.296875,75100.4375,277516288,0.0,0.0
2026-04-20 10:00:00+00:00,75130.3828125,75381.7421875,75105.2578125,75373.390625,11743232,0.0,0.0
2026-04-20 10:15:00+00:00,75381.0625,75436.03125,75299.9765625,75338.96875,232058880,0.0,0.0
2026-04-20 10:30:00+00:00,75340.8203125,75340.8203125,75172.1328125,75206.34375,540037120,0.0,0.0
2026-04-20 10:45:00+00:00,75206.390625,75231.3671875,75042.171875,75068.6875,9990144,0.0,0.0
2026-04-20 11:00:00+00:00,75068.7265625,75214.84375,75000.2890625,75207.9375,10682368,0.0,0.0
2026-04-20 11:15:00+00:00,75228.2734375,75300.0,75090.390625,75200.03125,0,0.0,0.0
2026-04-20 11:30:00+00:00,75175.7265625,75318.2578125,75108.0,75254.796875,149692416,0.0,0.0
2026-04-20 11:45:00+00:00,75267.8828125,75317.859375,75186.0234375,75232.7265625,0,0.0,0.0
2026-04-20 12:00:00+00:00,75222.8984375,75428.6328125,75111.2578125,75382.9375,11227136,0.0,0.0
2026-04-20 12:15:00+00:00,75372.3671875,75669.0078125,75327.8515625,75452.8125,226328576,0.0,0.0
2026-04-20 12:30:00+00:00,75457.6796875,75494.7734375,75136.0,75254.0,83193856,0.0,0.0
2026-04-20 12:45:00+00:00,75272.1796875,75420.578125,75259.9921875,75322.8671875,872968192,0.0,0.0
2026-04-20 13:00:00+00:00,75349.9296875,75384.5234375,75157.8671875,75265.1484375,177635328,0.0,0.0
2026-04-20 13:15:00+00:00,75272.1796875,75312.9921875,75032.296875,75231.3671875,451477504,0.0,0.0
2026-04-20 13:30:00+00:00,75251.546875,75467.28125,74945.171875,75271.9765625,714051584,0.0,0.0
2026-04-20 13:45:00+00:00,75235.09375,75356.3125,75012.4921875,75316.890625,104370176,0.0,0.0
2026-04-20 14:00:00+00:00,75300.0,75346.1875,75079.9921875,75108.953125,184369152,0.0,0.0
2026-04-20 14:15:00+00:00,75091.2578125,75765.2109375,75072.71875,75611.4921875,387743744,0.0,0.0
2026-04-20 14:30:00+00:00,75593.0625,75712.0234375,75243.2578125,75376.2109375,324726784,0.0,0.0
2026-04-20 14:45:00+00:00,75353.8125,75468.0078125,74961.1171875,75071.84375,377081856,0.0,0.0
2026-04-20 15:00:00+00:00,75090.75,75116.2421875,74735.7421875,75090.3984375,404582400,0.0,0.0
2026-04-20 15:15:00+00:00,75097.8125,75747.390625,75074.0078125,75747.390625,203501568,0.0,0.0
2026-04-20 15:30:00+00:00,75714.6171875,75757.9375,75552.8515625,75614.2578125,889655296,0.0,0.0
2026-04-20 15:45:00+00:00,75590.0,75758.078125,75579.75,75750.0,460103680,0.0,0.0
2026-04-20 16:00:00+00:00,75753.1484375,75753.1484375,75444.0078125,75450.171875,148721664,0.0,0.0
2026-04-20 16:15:00+00:00,75454.1796875,75546.4296875,75350.34375,75389.9921875,226299904,0.0,0.0
2026-04-20 16:30:00+00:00,75434.671875,75598.671875,75340.0,75517.453125,216010752,0.0,0.0
2026-04-20 16:45:00+00:00,75528.78125,75595.7578125,75328.75,75378.7890625,70025216,0.0,0.0
2026-04-20 17:00:00+00:00,75391.21875,75730.25,75322.359375,75686.296875,0,0.0,0.0
2026-04-20 17:15:00+00:00,75661.2109375,75922.9921875,75646.546875,75758.203125,246603776,0.0,0.0
2026-04-20 17:30:00+00:00,75747.0703125,75877.140625,75640.0078125,75791.59375,135864320,0.0,0.0
2026-04-20 17:45:00+00:00,75787.8828125,75998.1484375,75732.421875,75937.3125,3100672,0.0,0.0
2026-04-20 18:00:00+00:00,75954.421875,76333.4921875,75953.3671875,76314.0078125,260837376,0.0,0.0
2026-04-20 18:15:00+00:00,76336.0078125,76356.0,76126.046875,76133.3515625,301899776,0.0,0.0
2026-04-20 18:30:00+00:00,76143.15625,76303.5625,76029.9765625,76207.1171875,217509888,0.0,0.0
2026-04-20 18:45:00+00:00,76188.5703125,76489.0625,76128.0078125,76455.671875,129368064,0.0,0.0
2026-04-20 19:00:00+00:00,76483.3671875,76528.0078125,76346.8828125,76404.9921875,906813440,0.0,0.0
2026-04-20 19:15:00+00:00,76388.8984375,76388.8984375,76206.8984375,76248.0,417521664,0.0,0.0
2026-04-20 19:30:00+00:00,76225.6484375,76301.328125,76184.859375,76293.921875,117379072,0.0,0.0
2026-04-20 19:45:00+00:00,76296.0078125,76369.5703125,76248.59375,76330.9375,431935488,0.0,0.0
2026-04-20 20:00:00+00:00,76311.109375,76410.03125,76162.3125,76374.09375,378433536,0.0,0.0
2026-04-20 20:15:00+00:00,76372.9296875,76590.0,76347.0703125,76373.2578125,261701632,0.0,0.0
2026-04-20 20:30:00+00:00,76365.921875,76365.921875,76248.6015625,76288.0078125,295763968,0.0,0.0
2026-04-20 20:45:00+00:00,76283.7578125,76352.0234375,76277.1796875,76317.28125,187322368,0.0,0.0
2026-04-20 21:00:00+00:00,76330.0,76405.7265625,75962.2421875,76040.5,179245056,0.0,0.0
2026-04-20 21:15:00+00:00,76040.5,76083.59375,75907.1328125,75962.2578125,166731776,0.0,0.0
2026-04-20 21:30:00+00:00,75958.4609375,75973.3828125,75816.0,75917.78125,174485504,0.0,0.0
2026-04-20 21:45:00+00:00,75917.78125,76005.4765625,75909.1796875,75988.0078125,23785472,0.0,0.0
2026-04-20 22:00:00+00:00,76054.0,76180.578125,76021.5078125,76105.96875,0,0.0,0.0
2026-04-20 22:15:00+00:00,76105.96875,76150.0234375,75942.0234375,75953.8671875,0,0.0,0.0
2026-04-20 22:30:00+00:00,75953.7890625,76100.9921875,75933.0234375,76025.9921875,52400128,0.0,0.0
2026-04-20 22:45:00+00:00,76014.203125,76029.34375,75953.8984375,76004.671875,0,0.0,0.0
2026-04-20 23:00:00+00:00,75912.7734375,75937.7265625,75750.7890625,75787.9296875,93814784,0.0,0.0
2026-04-20 23:15:00+00:00,75787.9375,75796.1875,75655.9921875,75695.7734375,75288576,0.0,0.0
2026-04-20 23:30:00+00:00,75718.1484375,75848.8515625,75667.34375,75809.53125,0,0.0,0.0
2026-04-20 23:45:00+00:00,75820.0,75909.15625,75781.5234375,75875.0390625,8646656,0.0,0.0
2026-04-21 00:00:00+00:00,75876.890625,75955.546875,75724.8203125,75901.6796875,0,0.0,0.0
2026-04-21 00:15:00+00:00,75881.0625,75955.8203125,75836.109375,75930.0,53334016,0.0,0.0
2026-04-21 00:30:00+00:00,75955.828125,76015.34375,75884.3515625,75929.8828125,0,0.0,0.0
2026-04-21 00:45:00+00:00,75914.71875,76129.828125,75914.71875,76128.1015625,152141824,0.0,0.0
2026-04-21 01:00:00+00:00,76086.0,76270.1875,76050.0,76165.140625,0,0.0,0.0
2026-04-21 01:15:00+00:00,76132.921875,76174.0,76020.0,76166.0,50192384,0.0,0.0
2026-04-21 01:30:00+00:00,76166.0078125,76255.6171875,76019.9921875,76102.4765625,640811008,0.0,0.0
2026-04-21 01:45:00+00:00,76106.2890625,76106.2890625,75906.0234375,75955.0625,666013696,0.0,0.0
2026-04-21 02:00:00+00:00,75955.0703125,75958.9375,75739.21875,75764.3828125,56852480,0.0,0.0
2026-04-21 02:15:00+00:00,75758.6796875,75829.0,75723.1328125,75754.5,66134016,0.0,0.0
2026-04-21 02:30:00+00:00,75766.84375,75822.7265625,75626.1171875,75628.6328125,22470656,0.0,0.0
2026-04-21 02:45:00+00:00,75634.140625,75701.6796875,75612.0,75613.75,26394624,0.0,0.0
2026-04-21 03:00:00+00:00,75613.75,75664.0703125,75526.7265625,75586.0,33697792,0.0,0.0
2026-04-21 03:15:00+00:00,75588.546875,75676.953125,75531.890625,75658.0,126353408,0.0,0.0
2026-04-21 03:30:00+00:00,75656.8515625,75742.0,75520.0,75581.34375,12427264,0.0,0.0
2026-04-21 03:45:00+00:00,75574.0,75747.390625,75574.0,75740.578125,165933056,0.0,0.0
2026-04-21 04:00:00+00:00,75755.7734375,75783.2734375,75640.0078125,75640.0078125,15544320,0.0,0.0
2026-04-21 04:15:00+00:00,75642.953125,75742.9765625,75633.28125,75655.0078125,94687232,0.0,0.0
2026-04-21 04:30:00+00:00,75663.2421875,75759.9296875,75646.8828125,75688.3828125,138817536,0.0,0.0
2026-04-21 04:45:00+00:00,75760.1171875,75850.7109375,75720.0,75840.578125,12554240,0.0,0.0
2026-04-21 05:00:00+00:00,75840.0078125,75999.9921875,75830.0,75934.046875,133767168,0.0,0.0
2026-04-21 05:15:00+00:00,75927.3828125,76010.640625,75887.2109375,75931.7890625,62521344,0.0,0.0
2026-04-21 05:30:00+00:00,75927.4375,75929.1015625,75862.09375,75874.2265625,101941248,0.0,0.0
2026-04-21 05:45:00+00:00,75866.9765625,75870.1171875,75815.0,75835.7734375,22949888,0.0,0.0
2026-04-21 06:00:00+00:00,75835.7734375,75847.2265625,75764.0,75813.859375,0,0.0,0.0
2026-04-21 06:15:00+00:00,75812.2109375,75831.1875,75731.171875,75791.59375,85012480,0.0,0.0
2026-04-21 06:30:00+00:00,75796.0,76146.0,75787.890625,76020.7421875,78139392,0.0,0.0
2026-04-21 06:45:00+00:00,76036.0,76071.9921875,75991.9375,76001.828125,36413440,0.0,0.0
2026-04-21 07:00:00+00:00,76007.7890625,76008.953125,75851.7421875,75979.7421875,16900096,0.0,0.0
2026-04-21 07:15:00+00:00,75998.171875,76321.09375,75965.5625,76203.0,52803743744,0.0,0.0
2026-04-21 07:30:00+00:00,76230.15625,76323.5390625,76062.46875,76229.3828125,90488832,0.0,0.0
2026-04-21 07:45:00+00:00,76221.9609375,76314.0234375,76117.8984375,76118.09375,321486848,0.0,0.0
2026-04-21 08:00:00+00:00,76125.6328125,76240.7109375,76114.59375,76166.6875,46407680,0.0,0.0
2026-04-21 08:15:00+00:00,76156.28125,76405.6875,76148.1171875,76376.8828125,142630912,0.0,0.0
2026-04-21 08:30:00+00:00,76373.921875,76532.390625,76284.96875,76482.921875,155172864,0.0,0.0
2026-04-21 08:45:00+00:00,76480.4609375,76879.34375,76459.7578125,76545.65625,478502912,0.0,0.0
2026-04-21 09:00:00+00:00,76545.609375,76596.4921875,76386.90625,76510.25,186777600,0.0,0.0
2026-04-21 09:15:00+00:00,76515.6875,76566.46875,76237.7578125,76281.46875,105107456,0.0,0.0
2026-04-21 09:30:00+00:00,76286.7890625,76355.6875,76192.3828125,76335.4375,65843200,0.0,0.0
2026-04-21 09:45:00+00:00,76340.8671875,76409.1796875,76287.84375,76388.3984375,225681408,0.0,0.0
2026-04-21 10:00:00+00:00,76382.4609375,76539.3203125,76382.4609375,76471.8203125,0,0.0,0.0
2026-04-21 10:15:00+00:00,76462.8515625,76609.34375,76404.25,76546.6328125,118722560,0.0,0.0
2026-04-21 10:30:00+00:00,76551.7421875,76626.28125,76504.2265625,76602.8828125,49389568,0.0,0.0
2026-04-21 10:45:00+00:00,76597.671875,76905.171875,76579.96875,76775.1171875,439791616,0.0,0.0
2026-04-21 11:00:00+00:00,76786.953125,76789.328125,76376.53125,76429.9765625,55091200,0.0,0.0
2026-04-21 11:15:00+00:00,76444.8203125,76756.671875,76370.0078125,76706.1796875,198451200,0.0,0.0
2026-04-21 11:30:00+00:00,76705.296875,76726.1875,76494.109375,76511.0234375,248119296,0.0,0.0
2026-04-21 11:45:00+00:00,76511.0,76529.65625,76450.0,76478.6171875,177958912,0.0,0.0
2026-04-21 12:00:00+00:00,76489.0,76516.390625,76287.4921875,76287.4921875,54145024,0.0,0.0
2026-04-21 12:15:00+00:00,76286.21875,76408.0390625,76271.578125,76404.0078125,32739328,0.0,0.0
2026-04-21 12:30:00+00:00,76412.0,76548.7734375,75749.3515625,75847.859375,110358528,0.0,0.0
2026-04-21 12:45:00+00:00,75821.140625,76078.9765625,75774.09375,76044.5625,621256704,0.0,0.0
2026-04-21 13:00:00+00:00,76051.25,76109.2109375,75928.046875,76021.0703125,99045376,0.0,0.0
2026-04-21 13:15:00+00:00,76023.09375,76157.5625,75994.5078125,76061.703125,0,0.0,0.0
2026-04-21 13:30:00+00:00,76024.90625,76198.609375,75752.8203125,76038.7578125,30067826688,0.0,0.0
2026-04-21 13:45:00+00:00,76027.3125,76070.609375,75788.4609375,75922.0,64741376,0.0,0.0
2026-04-21 14:00:00+00:00,75936.9609375,75936.9609375,75751.328125,75861.53125,0,0.0,0.0
2026-04-21 14:15:00+00:00,75884.0,76303.96875,75865.6875,76135.6484375,30265696256,0.0,0.0
2026-04-21 14:30:00+00:00,76132.7890625,76595.0,76132.7890625,76495.3203125,147456,0.0,0.0
2026-04-21 14:45:00+00:00,76501.2109375,76501.2109375,75658.9765625,75687.4765625,240066560,0.0,0.0
2026-04-21 15:00:00+00:00,75694.4375,75844.671875,75438.703125,75787.96875,0,0.0,0.0
2026-04-21 15:15:00+00:00,75797.359375,75999.3203125,75600.890625,75708.1796875,0,0.0,0.0
2026-04-21 15:30:00+00:00,75730.0,75835.96875,75533.5625,75708.2734375,87113728,0.0,0.0
2026-04-21 15:45:00+00:00,75720.0,75849.703125,75625.828125,75849.703125,139005952,0.0,0.0
2026-04-21 16:00:00+00:00,75869.71875,75984.1875,75836.7578125,75980.28125,36802560,0.0,0.0
2026-04-21 16:15:00+00:00,76001.71875,76001.71875,75856.9296875,75878.1015625,0,0.0,0.0
2026-04-21 16:30:00+00:00,75874.59375,76191.2578125,75855.7578125,75907.25,18481152,0.0,0.0
2026-04-21 16:45:00+00:00,75904.9375,76069.328125,75772.890625,75794.9921875,137187328,0.0,0.0
2026-04-21 17:00:00+00:00,75782.5234375,75840.34375,75452.8515625,75544.03125,37392384,0.0,0.0
2026-04-21 17:15:00+00:00,75559.78125,75559.78125,75107.1796875,75345.6015625,230854656,0.0,0.0
2026-04-21 17:30:00+00:00,75324.390625,75863.9921875,75285.3828125,75799.4765625,446214144,0.0,0.0
2026-04-21 17:45:00+00:00,75782.5234375,75839.21875,75527.09375,75567.2578125,189087744,0.0,0.0
2026-04-21 18:00:00+00:00,75541.953125,75655.1796875,75502.421875,75598.0,0,0.0,0.0
2026-04-21 18:15:00+00:00,75612.0234375,75664.9921875,75385.328125,75487.140625,739450880,0.0,0.0
2026-04-21 18:30:00+00:00,75482.609375,75613.5703125,75482.609375,75541.0,0,0.0,0.0
2026-04-21 18:45:00+00:00,75539.0703125,75642.921875,75319.203125,75622.7890625,0,0.0,0.0
2026-04-21 19:00:00+00:00,75633.7578125,75809.3515625,75610.5234375,75624.6796875,33292288,0.0,0.0
2026-04-21 19:15:00+00:00,75674.0,75909.4921875,75564.0703125,75798.34375,0,0.0,0.0
2026-04-21 19:30:00+00:00,75776.578125,75780.21875,74831.6171875,74874.3671875,301727744,0.0,0.0
2026-04-21 19:45:00+00:00,74888.0,75066.7265625,74825.9921875,75019.9921875,355602432,0.0,0.0
2026-04-21 20:00:00+00:00,75004.3671875,75622.1328125,74989.5390625,75598.390625,0,0.0,0.0
2026-04-21 20:15:00+00:00,75564.09375,75789.453125,75474.0,75656.7734375,272949248,0.0,0.0
2026-04-21 20:30:00+00:00,75666.6796875,75868.90625,75666.6796875,75681.1171875,19996672,0.0,0.0
2026-04-21 20:45:00+00:00,75685.1171875,75794.1171875,75598.9375,75743.71875,54382592,0.0,0.0
2026-04-21 21:00:00+00:00,75740.6796875,75796.6796875,75556.0078125,75595.421875,0,0.0,0.0
2026-04-21 21:15:00+00:00,75595.421875,75696.9921875,75562.75,75592.4375,0,0.0,0.0
2026-04-21 21:30:00+00:00,75607.6875,75657.3515625,75482.546875,75482.546875,0,0.0,0.0
2026-04-21 21:45:00+00:00,75469.859375,75604.2265625,75469.859375,75565.0078125,5255168,0.0,0.0
2026-04-21 22:00:00+00:00,75566.6328125,75620.28125,75503.3515625,75565.71875,76210176,0.0,0.0
2026-04-21 22:15:00+00:00,75555.0,75555.0,75325.1484375,75389.1875,131047424,0.0,0.0
2026-04-21 22:30:00+00:00,75399.890625,75566.0,75325.5390625,75550.859375,24006656,0.0,0.0
2026-04-21 22:45:00+00:00,75538.0234375,75662.140625,75510.0078125,75662.0078125,87121920,0.0,0.0
2026-04-21 23:00:00+00:00,75645.0,75883.4921875,75645.0,75792.3203125,0,0.0,0.0
2026-04-21 23:15:00+00:00,75793.1015625,75886.46875,75776.578125,75803.3125,89264128,0.0,0.0
2026-04-21 23:30:00+00:00,75812.21875,76115.9609375,75803.5703125,76107.703125,70459392,0.0,0.0
2026-04-21 23:45:00+00:00,76097.328125,76437.2578125,76097.328125,76356.0,406863872,0.0,0.0
2026-04-22 00:00:00+00:00,76370.0,76519.0703125,76332.109375,76435.921875,101564416,0.0,0.0
2026-04-22 00:15:00+00:00,76430.0234375,76455.78125,76268.1796875,76287.65625,48099328,0.0,0.0
2026-04-22 00:30:00+00:00,76302.2578125,76418.359375,76234.0078125,76349.78125,788041728,0.0,0.0
2026-04-22 00:45:00+00:00,76357.8203125,76382.3828125,76261.6875,76337.15625,15200256,0.0,0.0
2026-04-22 01:00:00+00:00,76370.578125,76432.9375,76300.0,76403.2578125,22740992,0.0,0.0
2026-04-22 01:15:00+00:00,76403.2578125,76403.2578125,76152.8203125,76175.4765625,183226368,0.0,0.0
2026-04-22 01:30:00+00:00,76148.109375,76293.3515625,76148.109375,76264.5625,0,0.0,0.0
2026-04-22 01:45:00+00:00,76259.1875,76357.5703125,76216.671875,76316.7890625,138469376,0.0,0.0
2026-04-22 02:00:00+00:00,76334.9296875,76874.1875,76244.03125,76756.59375,77037568,0.0,0.0
2026-04-22 02:15:00+00:00,76812.0,77266.4921875,76809.3203125,77235.0,583409664,0.0,0.0
2026-04-22 02:30:00+00:00,77297.28125,77356.0,77097.9921875,77270.4765625,684539904,0.0,0.0
2026-04-22 02:45:00+00:00,77270.4921875,77662.0703125,77163.578125,77626.0078125,348053504,0.0,0.0
2026-04-22 03:00:00+00:00,77627.359375,77746.8828125,77496.2109375,77629.7265625,519819264,0.0,0.0
2026-04-22 03:15:00+00:00,77615.0234375,77622.65625,77430.0,77543.5703125,817397760,0.0,0.0
2026-04-22 03:30:00+00:00,77555.609375,77602.6796875,77430.0,77595.9296875,243798016,0.0,0.0
2026-04-22 03:45:00+00:00,77595.921875,77637.3828125,77508.1015625,77541.546875,198344704,0.0,0.0
2026-04-22 04:00:00+00:00,77547.9921875,77641.7421875,77501.03125,77504.0625,289648640,0.0,0.0
2026-04-22 04:15:00+00:00,77502.90625,77537.78125,77384.0703125,77528.1328125,211804160,0.0,0.0
2026-04-22 04:30:00+00:00,77534.8203125,77715.9765625,77489.421875,77570.71875,139255808,0.0,0.0
2026-04-22 04:45:00+00:00,77570.71875,77604.0234375,77452.5078125,77536.0,939802624,0.0,0.0
2026-04-22 05:00:00+00:00,77552.03125,77606.609375,77463.9921875,77561.671875,151760896,0.0,0.0
2026-04-22 05:15:00+00:00,77555.609375,78433.8984375,77543.7265625,78259.9921875,957714432,0.0,0.0
2026-04-22 05:30:00+00:00,78295.1328125,78353.546875,78018.921875,78119.90625,1111207936,0.0,0.0
2026-04-22 05:45:00+00:00,78126.828125,78202.9921875,77956.296875,77991.9296875,593539072,0.0,0.0
2026-04-22 06:00:00+00:00,77983.296875,78022.2421875,77914.9765625,77964.6328125,493973504,0.0,0.0
2026-04-22 06:15:00+00:00,77964.6328125,78048.9296875,77934.4765625,77963.5625,191750144,0.0,0.0
2026-04-22 06:30:00+00:00,77989.2265625,78027.828125,77914.9765625,77985.171875,69603328,0.0,0.0
2026-04-22 06:45:00+00:00,77977.3515625,78029.0390625,77943.53125,78024.40625,140320768,0.0,0.0
2026-04-22 07:00:00+00:00,78028.9765625,78128.0,77982.25,78114.1875,27250688,0.0,0.0
2026-04-22 07:15:00+00:00,78113.6484375,78114.2265625,77844.2109375,77906.0078125,781287424,0.0,0.0
2026-04-22 07:30:00+00:00,77909.2421875,78077.140625,77858.1484375,78069.84375,662728704,0.0,0.0
2026-04-22 07:45:00+00:00,78077.1484375,78124.609375,77989.5625,78007.6875,201424896,0.0,0.0
2026-04-22 08:00:00+00:00,78044.2890625,78193.953125,78032.1328125,78159.5390625,165801984,0.0,0.0
2026-04-22 08:15:00+00:00,78166.53125,78220.03125,77980.0,77980.0,371302400,0.0,0.0
2026-04-22 08:30:00+00:00,77984.078125,78040.6875,77962.9921875,77962.9921875,200568832,0.0,0.0
2026-04-22 08:45:00+00:00,77978.59375,78084.4375,77960.0,78029.6875,32980992,0.0,0.0
2026-04-22 09:00:00+00:00,77993.9765625,78108.7109375,77971.296875,78057.609375,99524608,0.0,0.0
2026-04-22 09:15:00+00:00,78065.6171875,78178.7734375,77974.9765625,78171.9609375,175992832,0.0,0.0
2026-04-22 09:30:00+00:00,78181.53125,78202.1484375,78066.203125,78160.25,86290432,0.0,0.0
2026-04-22 09:45:00+00:00,78160.2578125,78160.2578125,77989.5625,78035.796875,36605952,0.0,0.0
2026-04-22 10:00:00+00:00,78015.5625,78072.25,77967.6796875,78055.25,120037376,0.0,0.0
2026-04-22 10:15:00+00:00,78067.28125,78096.4921875,77993.203125,78089.859375,95670272,0.0,0.0
2026-04-22 10:30:00+00:00,78085.46875,78193.2109375,78075.0,78145.3125,94408704,0.0,0.0
2026-04-22 10:45:00+00:00,78145.3125,78192.6328125,78093.53125,78186.5625,0,0.0,0.0
2026-04-22 11:00:00+00:00,78193.953125,78308.90625,78120.0078125,78177.921875,134324224,0.0,0.0
2026-04-22 11:15:00+00:00,78187.1484375,78336.03125,78179.6875,78336.03125,4767744,0.0,0.0
2026-04-22 11:30:00+00:00,78343.6171875,78385.53125,78206.4765625,78234.6796875,204619776,0.0,0.0
2026-04-22 11:45:00+00:00,78244.90625,78341.9609375,78238.6171875,78322.546875,82550784,0.0,0.0
2026-04-22 12:00:00+00:00,78329.0,78481.8828125,78248.703125,78472.4921875,205819904,0.0,0.0
2026-04-22 12:15:00+00:00,78442.140625,78514.7890625,78183.453125,78210.328125,416264192,0.0,0.0
2026-04-22 12:30:00+00:00,78193.953125,78307.1328125,78146.8828125,78217.2890625,49958912,0.0,0.0
2026-04-22 12:45:00+00:00,78226.7890625,78361.5234375,78209.046875,78262.8984375,0,0.0,0.0
2026-04-22 13:00:00+00:00,78252.359375,78449.453125,78204.1015625,78405.640625,253923328,0.0,0.0
2026-04-22 13:15:00+00:00,78434.84375,78531.859375,78388.0,78490.84375,235126784,0.0,0.0
2026-04-22 13:30:00+00:00,78487.9921875,78686.03125,78314.796875,78657.921875,480231424,0.0,0.0
2026-04-22 13:45:00+00:00,78640.5078125,78887.4375,78573.2109375,78887.4375,535113728,0.0,0.0
2026-04-22 14:00:00+00:00,78897.609375,79095.0390625,78745.0078125,79095.0390625,309309440,0.0,0.0
2026-04-22 14:15:00+00:00,79104.828125,79178.859375,78832.6875,79048.0390625,846680064,0.0,0.0
2026-04-22 14:30:00+00:00,79073.171875,79073.171875,78625.9765625,78724.8984375,515993600,0.0,0.0
2026-04-22 14:45:00+00:00,78734.140625,79126.328125,78723.203125,79077.25,184696832,0.0,0.0
2026-04-22 15:00:00+00:00,79094.859375,79145.6015625,78882.71875,78980.421875,0,0.0,0.0
2026-04-22 15:15:00+00:00,78995.1484375,79143.3203125,78882.671875,79107.71875,256294912,0.0,0.0
2026-04-22 15:30:00+00:00,79091.859375,79360.90625,79040.75,79320.7421875,610246656,0.0,0.0
2026-04-22 15:45:00+00:00,79320.7265625,79450.0,79259.75,79325.3828125,701673472,0.0,0.0
2026-04-22 16:00:00+00:00,79371.9296875,79500.0078125,79189.9921875,79238.578125,204648448,0.0,0.0
2026-04-22 16:15:00+00:00,79240.1875,79252.109375,78916.65625,78972.421875,250007552,0.0,0.0
2026-04-22 16:30:00+00:00,78944.140625,79067.1171875,78803.5078125,78857.96875,316391424,0.0,0.0
2026-04-22 16:45:00+00:00,78832.703125,78875.6796875,78697.96875,78777.3671875,281026560,0.0,0.0
2026-04-22 17:00:00+00:00,78782.4609375,79078.359375,78782.4609375,79012.859375,130441216,0.0,0.0
2026-04-22 17:15:00+00:00,79019.9921875,79041.6171875,78724.7265625,78866.15625,87658496,0.0,0.0
2026-04-22 17:30:00+00:00,78868.546875,78927.59375,78788.90625,78850.0,2080768,0.0,0.0
2026-04-22 17:45:00+00:00,78847.3125,79030.0390625,78741.453125,78923.0,117858304,0.0,0.0
2026-04-22 18:00:00+00:00,78945.21875,79032.640625,78857.0390625,78994.7578125,15564800,0.0,0.0
2026-04-22 18:15:00+00:00,78994.0,79026.0,78914.859375,78945.9765625,0,0.0,0.0
2026-04-22 18:30:00+00:00,78911.7734375,79048.0390625,78882.359375,78989.6484375,59764736,0.0,0.0
2026-04-22 18:45:00+00:00,78989.640625,79198.8984375,78982.3515625,79062.4609375,71593984,0.0,0.0
2026-04-22 19:00:00+00:00,79000.5390625,79000.5390625,78740.90625,78891.546875,172834816,0.0,0.0
2026-04-22 19:15:00+00:00,78891.5625,79106.3984375,78856.4375,79062.640625,127528960,0.0,0.0
2026-04-22 19:30:00+00:00,79062.96875,79105.9921875,78821.9765625,78895.7734375,42057728,0.0,0.0
2026-04-22 19:45:00+00:00,78897.9921875,79004.8984375,78812.25,78891.9765625,0,0.0,0.0
2026-04-22 20:00:00+00:00,78918.5234375,78946.3828125,78766.4296875,78766.4296875,0,0.0,0.0
2026-04-22 20:15:00+00:00,78770.25,78787.6328125,78510.7578125,78626.25,140759040,0.0,0.0
2026-04-22 20:30:00+00:00,78614.75,78644.859375,78521.3671875,78540.0234375,38322176,0.0,0.0
2026-04-22 20:45:00+00:00,78526.109375,78551.640625,78440.0,78459.8203125,160813056,0.0,0.0
2026-04-22 21:00:00+00:00,78447.0234375,78631.9375,78447.0234375,78620.8515625,189526016,0.0,0.0
2026-04-22 21:15:00+00:00,78620.40625,78638.859375,78583.71875,78611.8671875,185176064,0.0,0.0
2026-04-22 21:30:00+00:00,78611.8828125,78791.546875,78611.8671875,78791.546875,188104704,0.0,0.0
2026-04-22 21:45:00+00:00,78786.109375,78858.2421875,78745.2265625,78794.7578125,127188992,0.0,0.0
2026-04-22 22:00:00+00:00,78785.2421875,78865.078125,78730.5078125,78798.1328125,138690560,0.0,0.0
2026-04-22 22:15:00+00:00,78797.0,78799.328125,78566.0,78568.2578125,0,0.0,0.0
2026-04-22 22:30:00+00:00,78573.140625,78628.6484375,78511.5,78528.0,218263552,0.0,0.0
2026-04-22 22:45:00+00:00,78511.78125,78664.046875,78487.28125,78642.8984375,15876096,0.0,0.0
2026-04-22 23:00:00+00:00,78623.9765625,78635.6015625,78496.8984375,78591.9375,12206080,0.0,0.0
2026-04-22 23:15:00+00:00,78591.9375,78617.171875,78238.140625,78367.03125,341635072,0.0,0.0
2026-04-22 23:30:00+00:00,78358.203125,78358.203125,78234.0078125,78282.28125,222961664,0.0,0.0
2026-04-22 23:45:00+00:00,78266.0,78339.0390625,78184.0078125,78208.546875,0,0.0,0.0
2026-04-23 00:00:00+00:00,78208.5390625,78426.78125,77931.140625,77933.4765625,58961920,0.0,0.0
2026-04-23 00:15:00+00:00,77878.3515625,78497.84375,77628.0703125,78472.78125,888799232,0.0,0.0
2026-04-23 00:30:00+00:00,78438.5,78605.0,78343.609375,78456.75,644870144,0.0,0.0
2026-04-23 00:45:00+00:00,78456.75,78484.296875,78299.2578125,78449.546875,39174144,0.0,0.0
2026-04-23 01:00:00+00:00,78442.1484375,78469.1484375,78270.2265625,78307.09375,1059840000,0.0,0.0
2026-04-23 01:15:00+00:00,78296.15625,78309.5,78098.3828125,78122.6484375,0,0.0,0.0
2026-04-23 01:30:00+00:00,78109.1328125,78419.1171875,78100.0078125,78324.203125,276086784,0.0,0.0
2026-04-23 01:45:00+00:00,78311.8671875,78460.9921875,78253.796875,78382.9921875,162684928,0.0,0.0
2026-04-23 02:00:00+00:00,78387.390625,78387.390625,78180.0078125,78180.0078125,0,0.0,0.0
2026-04-23 02:15:00+00:00,78129.5,78240.0234375,78013.6171875,78062.5625,0,0.0,0.0
2026-04-23 02:30:00+00:00,78063.7734375,78146.546875,77789.59375,77905.6015625,0,0.0,0.0
2026-04-23 02:45:00+00:00,77916.5390625,78048.21875,77795.5625,77967.4609375,883281920,0.0,0.0
2026-04-23 03:00:00+00:00,77969.6015625,78050.4375,77757.6875,77762.5625,581160960,0.0,0.0
2026-04-23 03:15:00+00:00,77757.9921875,77781.75,77666.3984375,77710.2109375,115019776,0.0,0.0
2026-04-23 03:30:00+00:00,77708.0234375,77740.3828125,77536.0078125,77654.0,69775360,0.0,0.0
2026-04-23 03:45:00+00:00,77671.140625,77781.1484375,77578.703125,77778.0,34115584,0.0,0.0
2026-04-23 04:00:00+00:00,77748.6484375,77890.359375,77698.703125,77871.296875,0,0.0,0.0
2026-04-23 04:15:00+00:00,77863.53125,77926.328125,77779.1328125,77825.296875,939290624,0.0,0.0
2026-04-23 04:30:00+00:00,77825.2890625,77942.1015625,77825.2890625,77894.6484375,80367616,0.0,0.0
2026-04-23 04:45:00+00:00,77905.59375,77963.8515625,77868.4296875,77935.4609375,0,0.0,0.0
2026-04-23 05:00:00+00:00,77944.0,78047.28125,77916.546875,78008.46875,84946944,0.0,0.0
2026-04-23 05:15:00+00:00,78008.4765625,78033.34375,77902.328125,77926.5703125,0,0.0,0.0
2026-04-23 05:30:00+00:00,77912.8984375,77926.0078125,77800.03125,77899.1796875,0,0.0,0.0
2026-04-23 05:45:00+00:00,77894.09375,78112.0,77894.09375,78027.90625,453410816,0.0,0.0
2026-04-23 06:00:00+00:00,78066.1875,78303.4375,78066.1875,78224.046875,0,0.0,0.0
2026-04-23 06:15:00+00:00,78224.0625,78358.203125,78193.953125,78303.9765625,74735616,0.0,0.0
2026-04-23 06:30:00+00:00,78303.6171875,78370.4921875,78170.0,78201.2421875,657838080,0.0,0.0
2026-04-23 06:45:00+00:00,78204.890625,78265.2734375,78124.546875,78240.0078125,58982400,0.0,0.0
2026-04-23 07:00:00+00:00,78259.9921875,78281.7734375,78153.78125,78159.5,0,0.0,0.0
2026-04-23 07:15:00+00:00,78175.859375,78223.2890625,78143.953125,78181.0390625,0,0.0,0.0
2026-04-23 07:30:00+00:00,78181.0390625,78211.5078125,78074.6171875,78132.5078125,15368192,0.0,0.0
2026-04-23 07:45:00+00:00,78150.859375,78172.28125,78006.6171875,78086.140625,472563712,0.0,0.0
2026-04-23 08:00:00+00:00,78086.140625,78204.3125,77981.2734375,78140.40625,0,0.0,0.0
2026-04-23 08:15:00+00:00,78140.3984375,78157.0078125,77984.7890625,78008.2734375,0,0.0,0.0
2026-04-23 08:30:00+00:00,77982.8515625,77992.7109375,77750.3984375,77750.40625,56070144,0.0,0.0
2026-04-23 08:45:00+00:00,77758.546875,77915.75,77748.0234375,77877.34375,607064064,0.0,0.0
2026-04-23 09:00:00+00:00,77877.3515625,77887.46875,77467.7578125,77592.3515625,335089664,0.0,0.0
2026-04-23 09:15:00+00:00,77598.828125,77704.8984375,77531.546875,77632.546875,423976960,0.0,0.0
2026-04-23 09:30:00+00:00,77650.546875,77787.203125,77650.546875,77748.8828125,100286464,0.0,0.0
2026-04-23 09:45:00+00:00,77748.8828125,77766.0,77568.34375,77675.1875,19488768,0.0,0.0
2026-04-23 10:00:00+00:00,77672.0078125,77737.90625,77216.890625,77242.640625,430776320,0.0,0.0
2026-04-23 10:15:00+00:00,77229.3671875,77419.6796875,77229.3671875,77416.0,879722496,0.0,0.0
2026-04-23 10:30:00+00:00,77410.0234375,77466.53125,77366.6484375,77399.6171875,4849664,0.0,0.0
2026-04-23 10:45:00+00:00,77404.0703125,77491.28125,77328.3828125,77425.90625,37965824,0.0,0.0
2026-04-23 11:00:00+00:00,77463.3515625,77528.8828125,77419.6875,77419.6875,65306624,0.0,0.0
2026-04-23 11:15:00+00:00,77419.6875,77526.15625,77409.15625,77496.0234375,11718656,0.0,0.0
2026-04-23 11:30:00+00:00,77503.921875,77616.2265625,77407.78125,77613.7109375,0,0.0,0.0
2026-04-23 11:45:00+00:00,77606.890625,77768.8671875,77606.890625,77722.2890625,79749120,0.0,0.0
2026-04-23 12:00:00+00:00,77722.328125,77856.5625,77722.328125,77744.7421875,109391872,0.0,0.0
2026-04-23 12:15:00+00:00,77739.6875,77790.8203125,77657.4765625,77790.8203125,57495552,0.0,0.0
2026-04-23 12:30:00+00:00,77795.1796875,77901.8828125,77743.7109375,77791.78125,87027712,0.0,0.0
2026-04-23 12:45:00+00:00,77792.421875,77904.1015625,77609.4765625,77904.1015625,32112640,0.0,0.0
2026-04-23 13:00:00+00:00,77894.0078125,77943.671875,77685.78125,77685.78125,13717504,0.0,0.0
2026-04-23 13:15:00+00:00,77698.390625,77752.0078125,77605.7421875,77627.546875,0,0.0,0.0
2026-04-23 13:30:00+00:00,77651.3515625,77725.6015625,77554.65625,77566.4609375,47534080,0.0,0.0
2026-04-23 13:45:00+00:00,77545.3515625,77694.59375,77422.5,77558.5,0,0.0,0.0
2026-04-23 14:00:00+00:00,77514.6796875,77678.359375,77446.3671875,77549.59375,12947456,0.0,0.0
2026-04-23 14:15:00+00:00,77561.1328125,77988.4296875,77508.6328125,77749.0078125,0,0.0,0.0
2026-04-23 14:30:00+00:00,77766.1484375,78005.296875,77766.1484375,77927.796875,0,0.0,0.0
2026-04-23 14:45:00+00:00,77938.2734375,78238.5703125,77884.0,78216.578125,81588224,0.0,0.0
2026-04-23 15:00:00+00:00,78214.4375,78225.3984375,78012.046875,78144.640625,82006016,0.0,0.0
2026-04-23 15:15:00+00:00,78148.03125,78716.328125,78103.4609375,78426.7421875,0,0.0,0.0
2026-04-23 15:30:00+00:00,78411.90625,78640.109375,78346.296875,78516.109375,195702784,0.0,0.0
2026-04-23 15:45:00+00:00,78505.0,78505.0,78296.703125,78413.1796875,100085760,0.0,0.0
2026-04-23 16:00:00+00:00,78420.7265625,78544.65625,78331.4921875,78344.6484375,0,0.0,0.0
2026-04-23 16:15:00+00:00,78330.796875,78484.4609375,78284.109375,78327.7109375,0,0.0,0.0
2026-04-23 16:30:00+00:00,78325.0,78497.9921875,78307.6015625,78362.6015625,27176960,0.0,0.0
2026-04-23 16:45:00+00:00,78363.796875,78400.3671875,78068.0,78128.6015625,14794752,0.0,0.0
2026-04-23 17:00:00+00:00,78142.15625,78218.53125,77697.8671875,77870.6484375,141557760,0.0,0.0
2026-04-23 17:15:00+00:00,77845.40625,77871.78125,77593.3203125,77625.7890625,216870912,0.0,0.0
2026-04-23 17:30:00+00:00,77636.390625,77757.78125,77017.8515625,77209.9765625,662142976,0.0,0.0
2026-04-23 17:45:00+00:00,77176.171875,77834.796875,76986.296875,77796.421875,678240256,0.0,0.0
2026-04-23 18:00:00+00:00,77766.953125,78172.6875,77766.953125,78000.0234375,792723456,0.0,0.0
2026-04-23 18:15:00+00:00,78005.2890625,78085.8984375,77893.703125,77939.0703125,470568960,0.0,0.0
2026-04-23 18:30:00+00:00,77958.7890625,78145.171875,77958.7890625,78079.703125,308023296,0.0,0.0
2026-04-23 18:45:00+00:00,78064.46875,78078.3125,77713.9765625,77739.09375,22925312,0.0,0.0
2026-04-23 19:00:00+00:00,77698.0625,77797.6015625,77629.25,77733.046875,577875968,0.0,0.0
2026-04-23 19:15:00+00:00,77751.1015625,77922.2109375,77748.0,77882.1796875,99950592,0.0,0.0
2026-04-23 19:30:00+00:00,77880.203125,77918.703125,77668.2578125,77680.6015625,83386368,0.0,0.0
2026-04-23 19:45:00+00:00,77698.390625,77837.890625,77698.390625,77743.15625,55181312,0.0,0.0
2026-04-23 20:00:00+00:00,77732.5390625,77927.46875,77669.8984375,77820.046875,193241088,0.0,0.0
2026-04-23 20:15:00+00:00,77836.46875,77853.3828125,77705.2265625,77759.4921875,0,0.0,0.0
2026-04-23 20:30:00+00:00,77759.5,78070.3984375,77738.8515625,78008.390625,70213632,0.0,0.0
2026-04-23 20:45:00+00:00,78014.6015625,78043.5625,77868.109375,77906.1015625,2674688,0.0,0.0
2026-04-23 21:00:00+00:00,77906.6015625,77935.9609375,77846.4921875,77906.90625,27467776,0.0,0.0
2026-04-23 21:15:00+00:00,77899.90625,77941.9921875,77811.0,77941.9921875,0,0.0,0.0
2026-04-23 21:30:00+00:00,77945.078125,78091.9609375,77945.078125,78080.171875,713375744,0.0,0.0
2026-04-23 21:45:00+00:00,78064.2109375,78064.2109375,77901.0390625,77901.0390625,21250048,0.0,0.0
2026-04-23 22:00:00+00:00,77912.2734375,78204.890625,77912.2734375,78089.9765625,76554240,0.0,0.0
2026-04-23 22:15:00+00:00,78101.25,78283.46875,78064.21875,78191.3125,249790464,0.0,0.0
2026-04-23 22:30:00+00:00,78193.15625,78336.9921875,78193.15625,78336.9921875,73891840,0.0,0.0
2026-04-23 22:45:00+00:00,78340.09375,78366.1875,78231.6171875,78262.2421875,0,0.0,0.0
2026-04-23 23:00:00+00:00,78220.046875,78260.3203125,78110.0,78116.9921875,0,0.0,0.0
2026-04-23 23:15:00+00:00,78090.0,78176.28125,78051.8125,78155.3515625,16822272,0.0,0.0
2026-04-23 23:30:00+00:00,78158.1484375,78302.8984375,78149.0078125,78275.9921875,0,0.0,0.0
2026-04-23 23:45:00+00:00,78279.8828125,78327.0,78236.90625,78281.3203125,114905088,0.0,0.0
2026-04-24 00:00:00+00:00,78320.3828125,78370.0078125,78197.1796875,78321.4609375,0,0.0,0.0
2026-04-24 00:15:00+00:00,78334.7421875,78494.0078125,78272.59375,78433.1015625,0,0.0,0.0
2026-04-24 00:30:00+00:00,78433.1015625,78516.328125,78394.75,78408.0,0,0.0,0.0
2026-04-24 00:45:00+00:00,78408.0,78494.859375,78350.53125,78439.5625,0,0.0,0.0
2026-04-24 01:00:00+00:00,78447.9765625,78447.9765625,78118.1171875,78180.421875,0,0.0,0.0
2026-04-24 01:15:00+00:00,78194.390625,78198.1875,78036.3125,78054.03125,167849984,0.0,0.0
2026-04-24 01:30:00+00:00,78056.8203125,78169.2578125,77989.8125,78078.1171875,14188544,0.0,0.0
2026-04-24 01:45:00+00:00,78078.1171875,78483.0703125,78054.0703125,78465.1328125,169287680,0.0,0.0
2026-04-24 02:00:00+00:00,78442.6484375,78570.0234375,78327.359375,78422.28125,149434368,0.0,0.0
2026-04-24 02:15:00+00:00,78414.5,78420.0078125,78270.3203125,78284.296875,1187840,0.0,0.0
2026-04-24 02:30:00+00:00,78285.6484375,78438.171875,78284.296875,78438.171875,85929984,0.0,0.0
2026-04-24 02:45:00+00:00,78448.6015625,78461.75,78108.0234375,78154.1015625,7266304,0.0,0.0
2026-04-24 03:00:00+00:00,78166.4765625,78215.0234375,78105.0078125,78157.203125,124276736,0.0,0.0
2026-04-24 03:15:00+00:00,78157.2109375,78157.2109375,77713.578125,77800.0,0,0.0,0.0
2026-04-24 03:30:00+00:00,77779.0,77779.0,77590.5078125,77669.4375,358752256,0.0,0.0
2026-04-24 03:45:00+00:00,77663.5234375,77769.578125,77661.2109375,77755.390625,33341440,0.0,0.0
2026-04-24 04:00:00+00:00,77744.90625,77767.953125,77700.96875,77748.859375,19673088,0.0,0.0
2026-04-24 04:15:00+00:00,77748.8515625,77871.9296875,77631.5,77634.859375,110727168,0.0,0.0
2026-04-24 04:30:00+00:00,77633.0078125,77689.09375,77532.0078125,77655.0,109637632,0.0,0.0
2026-04-24 04:45:00+00:00,77675.0,77766.59375,77629.328125,77682.90625,107188224,0.0,0.0
2026-04-24 05:00:00+00:00,77673.6015625,77710.0,77571.3203125,77576.171875,42373120,0.0,0.0
2026-04-24 05:15:00+00:00,77568.4609375,77664.2734375,77465.8984375,77654.703125,653406208,0.0,0.0
2026-04-24 05:30:00+00:00,77676.6875,77778.40625,77673.96875,77725.8828125,3137536,0.0,0.0
2026-04-24 05:45:00+00:00,77731.0,78039.390625,77731.0,77974.2890625,70971392,0.0,0.0
2026-04-24 06:00:00+00:00,77992.1328125,77999.1015625,77915.6875,77963.2734375,52027392,0.0,0.0
2026-04-24 06:15:00+00:00,77971.1875,77992.25,77838.859375,77855.9609375,0,0.0,0.0
2026-04-24 06:30:00+00:00,77876.3203125,77913.9921875,77786.2890625,77850.296875,187379712,0.0,0.0
2026-04-24 06:45:00+00:00,77831.703125,77937.09375,77806.8984375,77813.1171875,23506944,0.0,0.0
2026-04-24 07:00:00+00:00,77805.0,77878.203125,77772.796875,77785.203125,6778880,0.0,0.0
2026-04-24 07:15:00+00:00,77777.78125,77803.0078125,77670.5,77737.6171875,32784384,0.0,0.0
2026-04-24 07:30:00+00:00,77744.890625,77751.859375,77653.65625,77678.0078125,302989312,0.0,0.0
2026-04-24 07:45:00+00:00,77689.8515625,77760.390625,77568.4375,77676.9609375,322256896,0.0,0.0
2026-04-24 08:00:00+00:00,77676.9609375,77722.8828125,77593.203125,77713.5234375,350105600,0.0,0.0
2026-04-24 08:15:00+00:00,77722.9921875,78029.9765625,77722.9921875,77878.703125,150929408,0.0,0.0
2026-04-24 08:30:00+00:00,77883.0234375,77883.0234375,77749.1171875,77768.796875,129773568,0.0,0.0
2026-04-24 08:45:00+00:00,77770.34375,77896.421875,77767.7265625,77808.7265625,0,0.0,0.0
2026-04-24 09:00:00+00:00,77811.4296875,77826.0703125,77436.0,77530.1796875,0,0.0,0.0
2026-04-24 09:15:00+00:00,77552.2890625,77633.7734375,77478.3125,77508.28125,75517952,0.0,0.0
2026-04-24 09:30:00+00:00,77516.2265625,77604.15625,77439.6015625,77604.15625,78241792,0.0,0.0
2026-04-24 09:45:00+00:00,77597.578125,77597.578125,77497.40625,77551.890625,74493952,0.0,0.0
2026-04-24 10:00:00+00:00,77528.6171875,77547.9375,77457.2109375,77527.8828125,0,0.0,0.0
2026-04-24 10:15:00+00:00,77527.6015625,77765.5078125,77527.6015625,77697.25,0,0.0,0.0
2026-04-24 10:30:00+00:00,77692.640625,77725.9375,77638.171875,77665.8203125,86441984,0.0,0.0
2026-04-24 10:45:00+00:00,77665.8125,77798.3125,77628.3203125,77762.453125,71520256,0.0,0.0
2026-04-24 11:00:00+00:00,77776.0234375,78303.4375,77762.4375,78247.9765625,648019968,0.0,0.0
2026-04-24 11:15:00+00:00,78233.703125,78350.7890625,78123.0390625,78350.7890625,412475392,0.0,0.0
2026-04-24 11:30:00+00:00,78352.421875,78395.2734375,78279.9921875,78318.90625,203567104,0.0,0.0
2026-04-24 11:45:00+00:00,78316.2265625,78316.2265625,78200.0,78256.09375,18583552,0.0,0.0
2026-04-24 12:00:00+00:00,78272.96875,78348.3671875,78207.453125,78340.6796875,44683264,0.0,0.0
2026-04-24 12:15:00+00:00,78334.0078125,78377.046875,78246.140625,78296.890625,44863488,0.0,0.0
2026-04-24 12:30:00+00:00,78299.2265625,78310.5390625,78188.640625,78216.7734375,5005312,0.0,0.0
2026-04-24 12:45:00+00:00,78218.546875,78305.09375,78056.8828125,78290.6484375,0,0.0,0.0
2026-04-24 13:00:00+00:00,78290.640625,78447.7578125,78290.640625,78382.109375,93655040,0.0,0.0
2026-04-24 13:15:00+00:00,78388.8828125,78430.0703125,78173.5703125,78185.359375,182046720,0.0,0.0
2026-04-24 13:30:00+00:00,78152.546875,78313.2890625,78090.3671875,78205.3125,184557568,0.0,0.0
2026-04-24 13:45:00+00:00,78223.65625,78257.5703125,77922.9609375,78107.859375,34918400,0.0,0.0
2026-04-24 14:00:00+00:00,78067.28125,78083.6796875,77816.6796875,77903.28125,203431936,0.0,0.0
2026-04-24 14:15:00+00:00,77904.7421875,78039.40625,77709.7578125,77726.0,98508800,0.0,0.0
2026-04-24 14:30:00+00:00,77742.5625,78037.75,77704.1875,78010.40625,66490368,0.0,0.0
2026-04-24 14:45:00+00:00,78008.0078125,78096.0078125,77913.1171875,78074.15625,14004224,0.0,0.0
2026-04-24 15:00:00+00:00,78057.9921875,78057.9921875,77619.9921875,77753.6015625,113795072,0.0,0.0
2026-04-24 15:15:00+00:00,77760.0,77899.3671875,77706.4765625,77840.9609375,0,0.0,0.0
2026-04-24 15:30:00+00:00,77843.7734375,78019.109375,77735.6875,78004.9609375,0,0.0,0.0
2026-04-24 15:45:00+00:00,78054.0,78237.5625,77962.0,78068.03125,0,0.0,0.0
2026-04-24 16:00:00+00:00,78077.078125,78081.2421875,77814.71875,77814.71875,4177920,0.0,0.0
2026-04-24 16:15:00+00:00,77804.671875,77815.6171875,77657.4296875,77737.1875,164720640,0.0,0.0
2026-04-24 16:30:00+00:00,77755.671875,77917.1796875,77606.46875,77736.0,870309888,0.0,0.0
2026-04-24 16:45:00+00:00,77741.25,77813.8828125,77654.171875,77804.0390625,1703936,0.0,0.0
2026-04-24 17:00:00+00:00,77772.296875,77790.6875,77633.171875,77776.71875,0,0.0,0.0
2026-04-24 17:15:00+00:00,77775.3828125,77778.640625,77611.9296875,77697.96875,0,0.0,0.0
2026-04-24 17:30:00+00:00,77700.0625,77735.9921875,77502.6015625,77614.9921875,0,0.0,0.0
2026-04-24 17:45:00+00:00,77614.9765625,77831.84375,77577.4375,77707.1484375,0,0.0,0.0
2026-04-24 18:00:00+00:00,77691.4609375,77741.890625,77545.390625,77556.953125,0,0.0,0.0
2026-04-24 18:15:00+00:00,77545.7578125,77571.9921875,77385.90625,77518.7578125,0,0.0,0.0
2026-04-24 18:30:00+00:00,77527.4921875,77663.828125,77507.953125,77600.0234375,83269632,0.0,0.0
2026-04-24 18:45:00+00:00,77600.0703125,77648.0,77571.1484375,77637.609375,87410688,0.0,0.0
2026-04-24 19:00:00+00:00,77680.2265625,77767.40625,77588.0234375,77625.671875,0,0.0,0.0
2026-04-24 19:15:00+00:00,77636.2421875,77693.90625,77556.3203125,77602.1328125,15521792,0.0,0.0
2026-04-24 19:30:00+00:00,77609.3984375,77683.5078125,77578.7578125,77637.046875,110305280,0.0,0.0
2026-04-24 19:45:00+00:00,77637.0625,77668.7890625,77567.8984375,77659.71875,52439040,0.0,0.0
2026-04-24 20:00:00+00:00,77657.0234375,77664.796875,77549.640625,77660.921875,0,0.0,0.0
2026-04-24 20:15:00+00:00,77657.28125,77673.671875,77480.0,77564.5078125,103819264,0.0,0.0
2026-04-24 20:30:00+00:00,77570.2890625,77689.0078125,77565.0625,77647.4609375,40642560,0.0,0.0
2026-04-24 20:45:00+00:00,77661.7421875,77781.921875,77660.5625,77748.6796875,37218304,0.0,0.0
2026-04-24 21:00:00+00:00,77748.6796875,77785.0,77611.359375,77611.359375,139765760,0.0,0.0
2026-04-24 21:15:00+00:00,77611.3671875,77686.5078125,77600.8984375,77650.59375,132904960,0.0,0.0
2026-04-24 21:30:00+00:00,77642.0,77664.0703125,77579.2109375,77588.3984375,135776256,0.0,0.0
2026-04-24 21:45:00+00:00,77577.3515625,77623.859375,77565.453125,77565.453125,31469568,0.0,0.0
2026-04-24 22:00:00+00:00,77572.0390625,77636.5078125,77545.2109375,77635.03125,0,0.0,0.0
2026-04-24 22:15:00+00:00,77629.9921875,77650.71875,77572.6484375,77572.6484375,148224000,0.0,0.0
2026-04-24 22:30:00+00:00,77572.65625,77572.65625,77306.0625,77316.828125,62363648,0.0,0.0
2026-04-24 22:45:00+00:00,77339.890625,77412.859375,77324.0234375,77360.0,587358208,0.0,0.0
2026-04-24 23:00:00+00:00,77368.640625,77429.8125,77358.828125,77410.3203125,29112320,0.0,0.0
2026-04-24 23:15:00+00:00,77406.0703125,77443.0,77364.0078125,77432.1015625,86685696,0.0,0.0
2026-04-24 23:30:00+00:00,77432.1015625,77484.9765625,77425.4296875,77463.7578125,81889280,0.0,0.0
2026-04-24 23:45:00+00:00,77453.359375,77470.296875,77441.390625,77461.796875,92020736,0.0,0.0
2026-04-25 00:00:00+00:00,77471.1796875,77518.6015625,77434.0078125,77450.640625,174610432,0.0,0.0
2026-04-25 00:15:00+00:00,77450.6328125,77464.9296875,77329.2890625,77341.796875,2508800,0.0,0.0
2026-04-25 00:30:00+00:00,77341.796875,77442.109375,77341.796875,77392.2578125,94328832,0.0,0.0
2026-04-25 00:45:00+00:00,77392.2734375,77483.4375,77392.2734375,77483.4375,92006400,0.0,0.0
2026-04-25 01:00:00+00:00,77498.0078125,77543.3828125,77461.0078125,77532.0,0,0.0,0.0
2026-04-25 01:15:00+00:00,77532.0078125,77571.0078125,77496.5625,77509.671875,15108096,0.0,0.0
2026-04-25 01:30:00+00:00,77509.671875,77582.7578125,77509.671875,77582.7578125,61487104,0.0,0.0
2026-04-25 01:45:00+00:00,77584.453125,77645.4609375,77559.9609375,77559.96875,36237312,0.0,0.0
2026-04-25 02:00:00+00:00,77559.96875,77661.7421875,77518.78125,77563.9296875,0,0.0,0.0
2026-04-25 02:15:00+00:00,77568.0390625,77662.3984375,77548.0234375,77658.4921875,115197952,0.0,0.0
2026-04-25 02:30:00+00:00,77658.5,77669.53125,77640.8828125,77650.7109375,104130560,0.0,0.0
2026-04-25 02:45:00+00:00,77650.71875,77662.0625,77624.4765625,77639.1796875,0,0.0,0.0
2026-04-25 03:00:00+00:00,77654.5703125,77691.1484375,77592.5703125,77606.7890625,17557504,0.0,0.0
2026-04-25 03:15:00+00:00,77606.7890625,77633.109375,77574.6796875,77581.8515625,0,0.0,0.0
2026-04-25 03:30:00+00:00,77581.8515625,77714.8203125,77581.84375,77700.0078125,0,0.0,0.0
2026-04-25 03:45:00+00:00,77700.0078125,77736.1171875,77659.0234375,77674.0,0,0.0,0.0
2026-04-25 04:00:00+00:00,77699.90625,77726.15625,77649.4609375,77696.65625,36710400,0.0,0.0
2026-04-25 04:15:00+00:00,77684.9375,77719.4375,77654.0078125,77667.1328125,0,0.0,0.0
2026-04-25 04:30:00+00:00,77667.1328125,77676.0,77621.8984375,77637.0390625,0,0.0,0.0
2026-04-25 04:45:00+00:00,77637.03125,77663.0703125,77629.921875,77641.15625,0,0.0,0.0
2026-04-25 05:00:00+00:00,77634.3203125,77634.3203125,77509.6796875,77529.359375,60336128,0.0,0.0
2026-04-25 05:15:00+00:00,77529.3515625,77561.6171875,77519.546875,77541.1015625,0,0.0,0.0
2026-04-25 05:30:00+00:00,77513.9765625,77577.5625,77513.9765625,77555.609375,29607936,0.0,0.0
2026-04-25 05:45:00+00:00,77555.6015625,77576.1796875,77535.0,77542.1875,148346880,0.0,0.0
2026-04-25 06:00:00+00:00,77545.75,77587.4609375,77545.75,77569.9609375,78708736,0.0,0.0
2026-04-25 06:15:00+00:00,77569.9609375,77574.9609375,77506.7109375,77511.28125,23449600,0.0,0.0
2026-04-25 06:30:00+00:00,77516.2421875,77585.1171875,77516.2421875,77548.453125,35751936,0.0,0.0
2026-04-25 06:45:00+00:00,77548.453125,77609.28125,77526.421875,77526.421875,59783168,0.0,0.0
2026-04-25 07:00:00+00:00,77510.0078125,77510.0078125,77470.0,77506.390625,18001920,0.0,0.0
2026-04-25 07:15:00+00:00,77505.21875,77565.1171875,77496.5625,77565.1171875,0,0.0,0.0
2026-04-25 07:30:00+00:00,77549.0625,77598.0390625,77532.640625,77550.0390625,0,0.0,0.0
2026-04-25 07:45:00+00:00,77550.1328125,77585.1171875,77530.4296875,77532.9609375,12326912,0.0,0.0
2026-04-25 08:00:00+00:00,77514.2578125,77612.4375,77510.9375,77585.1171875,188416,0.0,0.0
2026-04-25 08:15:00+00:00,77585.1328125,77608.1796875,77565.453125,77598.8828125,35153920,0.0,0.0
2026-04-25 08:30:00+00:00,77608.0703125,77686.796875,77608.0703125,77663.828125,7716864,0.0,0.0
2026-04-25 08:45:00+00:00,77663.828125,77672.6484375,77645.0,77672.6484375,49152,0.0,0.0
2026-04-25 09:00:00+00:00,77686.796875,77686.796875,77635.21875,77657.28125,0,0.0,0.0
2026-04-25 09:15:00+00:00,77654.0,77663.84375,77612.0,77615.0234375,1011712,0.0,0.0
2026-04-25 09:30:00+00:00,77615.0234375,77784.046875,77615.0234375,77756.4375,38299648,0.0,0.0
2026-04-25 09:45:00+00:00,77757.453125,77805.890625,77733.21875,77738.1875,55648256,0.0,0.0
2026-04-25 10:00:00+00:00,77745.6484375,77815.9921875,77745.6484375,77793.9921875,34537472,0.0,0.0
2026-04-25 10:15:00+00:00,77794.0,77867.1875,77786.4296875,77849.59375,15071232,0.0,0.0
2026-04-25 10:30:00+00:00,77849.59375,77910.3515625,77809.96875,77838.5703125,82061312,0.0,0.0
2026-04-25 10:45:00+00:00,77838.6796875,77854.046875,77804.8828125,77809.4765625,2254848,0.0,0.0
2026-04-25 11:00:00+00:00,77809.46875,77809.46875,77762.25,77765.53125,2945024,0.0,0.0
2026-04-25 11:15:00+00:00,77769.3984375,77784.421875,77759.7890625,77759.7890625,4982784,0.0,0.0
