Datetime,Open,High,Low,Close,Volume,Dividends,Stock Splits,Capital Gains
2026-01-29 09:30:00-05:00,8.34000015258789,8.34000015258789,7.860000133514404,7.965000152587891,6378410,0.0,0.0,0.0
2026-01-29 09:45:00-05:00,7.96999979019165,8.079999923706055,7.610000133514404,7.630000114440918,2744319,0.0,0.0,0.0
2026-01-29 10:00:00-05:00,7.630000114440918,7.670000076293945,7.270699977874756,7.28000020980835,2490562,0.0,0.0,0.0
2026-01-29 10:15:00-05:00,7.28000020980835,7.430699825286865,7.250500202178955,7.260000228881836,1750556,0.0,0.0,0.0
2026-01-29 10:30:00-05:00,7.25,7.277299880981445,6.925000190734863,6.934999942779541,2048652,0.0,0.0,0.0
2026-01-29 10:45:00-05:00,6.940000057220459,7.014999866485596,6.800000190734863,7.011000156402588,2532755,0.0,0.0,0.0
2026-01-29 11:00:00-05:00,7.019999980926514,7.029699802398682,6.775000095367432,6.900000095367432,1910777,0.0,0.0,0.0
2026-01-29 11:15:00-05:00,6.894999980926514,7.079999923706055,6.894999980926514,7.0,1070469,0.0,0.0,0.0
2026-01-29 11:30:00-05:00,6.999125003814697,7.039999961853027,6.849999904632568,6.909800052642822,1173525,0.0,0.0,0.0
2026-01-29 11:45:00-05:00,6.90500020980835,7.065000057220459,6.869999885559082,7.059999942779541,856883,0.0,0.0,0.0
2026-01-29 12:00:00-05:00,7.059999942779541,7.149899959564209,6.951399803161621,7.050000190734863,845245,0.0,0.0,0.0
2026-01-29 12:15:00-05:00,7.058599948883057,7.159999847412109,6.949999809265137,7.125,852004,0.0,0.0,0.0
2026-01-29 12:30:00-05:00,7.119999885559082,7.130000114440918,6.969900131225586,7.059000015258789,764703,0.0,0.0,0.0
2026-01-29 12:45:00-05:00,7.045000076293945,7.050000190734863,6.940000057220459,6.949699878692627,590975,0.0,0.0,0.0
2026-01-29 13:00:00-05:00,6.960000038146973,6.989999771118164,6.869999885559082,6.920000076293945,647142,0.0,0.0,0.0
2026-01-29 13:15:00-05:00,6.909999847412109,6.945000171661377,6.809999942779541,6.826200008392334,694682,0.0,0.0,0.0
2026-01-29 13:30:00-05:00,6.820000171661377,6.824999809265137,6.610000133514404,6.739999771118164,2016155,0.0,0.0,0.0
2026-01-29 13:45:00-05:00,6.730000019073486,6.739999771118164,6.630000114440918,6.670000076293945,725618,0.0,0.0,0.0
2026-01-29 14:00:00-05:00,6.659999847412109,6.688399791717529,6.619999885559082,6.640100002288818,459602,0.0,0.0,0.0
2026-01-29 14:15:00-05:00,6.644999980926514,6.71999979019165,6.599999904632568,6.639999866485596,573652,0.0,0.0,0.0
2026-01-29 14:30:00-05:00,6.639999866485596,6.670000076293945,6.59499979019165,6.644999980926514,524384,0.0,0.0,0.0
2026-01-29 14:45:00-05:00,6.650000095367432,6.730000019073486,6.640200138092041,6.6493000984191895,593269,0.0,0.0,0.0
2026-01-29 15:00:00-05:00,6.650000095367432,6.690000057220459,6.6020002365112305,6.659999847412109,510830,0.0,0.0,0.0
2026-01-29 15:15:00-05:00,6.65939998626709,6.690000057220459,6.519999980926514,6.559999942779541,1042186,0.0,0.0,0.0
2026-01-29 15:30:00-05:00,6.558700084686279,6.78980016708374,6.554999828338623,6.78000020980835,688487,0.0,0.0,0.0
2026-01-29 15:45:00-05:00,6.770599842071533,6.929999828338623,6.760000228881836,6.929999828338623,757346,0.0,0.0,0.0
2026-01-30 09:30:00-05:00,6.630000114440918,6.940000057220459,6.60129976272583,6.889999866485596,4220558,0.0,0.0,0.0
2026-01-30 09:45:00-05:00,6.900000095367432,6.940000057220459,6.644999980926514,6.659999847412109,1333316,0.0,0.0,0.0
2026-01-30 10:00:00-05:00,6.664999961853027,6.885000228881836,6.657599925994873,6.849999904632568,774272,0.0,0.0,0.0
2026-01-30 10:15:00-05:00,6.849999904632568,6.889999866485596,6.817500114440918,6.826499938964844,217927,0.0,0.0,0.0
2026-02-02 13:45:00-05:00,7.005000114440918,7.025000095367432,6.864999771118164,6.864999771118164,13413939,0.0,0.0,0.0
2026-02-02 14:00:00-05:00,6.864999771118164,6.929999828338623,6.84499979019165,6.918600082397461,553511,0.0,0.0,0.0
2026-02-02 14:15:00-05:00,6.914999961853027,6.920000076293945,6.849999904632568,6.900000095367432,217071,0.0,0.0,0.0
2026-02-02 14:30:00-05:00,6.900000095367432,6.900000095367432,6.730000019073486,6.815000057220459,578754,0.0,0.0,0.0
2026-02-02 14:45:00-05:00,6.815000057220459,6.904900074005127,6.70989990234375,6.71999979019165,412044,0.0,0.0,0.0
2026-02-02 15:00:00-05:00,6.715000152587891,6.8078999519348145,6.650100231170654,6.699900150299072,490739,0.0,0.0,0.0
2026-02-02 15:15:00-05:00,6.69980001449585,6.724999904632568,6.611000061035156,6.614999771118164,405393,0.0,0.0,0.0
2026-02-02 15:30:00-05:00,6.619999885559082,6.730000019073486,6.608799934387207,6.650000095367432,486219,0.0,0.0,0.0
2026-02-02 15:45:00-05:00,6.644999980926514,6.659900188446045,6.5,6.53000020980835,732263,0.0,0.0,0.0
2026-02-03 09:30:00-05:00,6.574999809265137,6.590000152587891,6.21999979019165,6.28000020980835,4645014,0.0,0.0,0.0
2026-02-03 09:45:00-05:00,6.284999847412109,6.451000213623047,6.091100215911865,6.099999904632568,2350787,0.0,0.0,0.0
2026-02-03 10:00:00-05:00,6.105000019073486,6.230000019073486,6.019999980926514,6.130000114440918,2164842,0.0,0.0,0.0
2026-02-03 10:15:00-05:00,6.130000114440918,6.340000152587891,6.09499979019165,6.257400035858154,1581283,0.0,0.0,0.0
2026-02-03 10:30:00-05:00,6.255000114440918,6.349999904632568,6.144999980926514,6.15500020980835,1325696,0.0,0.0,0.0
2026-02-03 10:45:00-05:00,6.15500020980835,6.440000057220459,6.135000228881836,6.389999866485596,1410412,0.0,0.0,0.0
2026-02-03 11:00:00-05:00,6.389999866485596,6.389999866485596,6.193600177764893,6.244999885559082,948714,0.0,0.0,0.0
2026-02-03 11:15:00-05:00,6.244999885559082,6.244999885559082,6.114999771118164,6.116399765014648,698852,0.0,0.0,0.0
2026-02-03 11:30:00-05:00,6.114999771118164,6.195000171661377,6.099999904632568,6.119999885559082,832270,0.0,0.0,0.0
2026-02-03 11:45:00-05:00,6.119999885559082,6.210000038146973,6.099999904632568,6.150000095367432,583798,0.0,0.0,0.0
2026-02-03 12:00:00-05:00,6.150700092315674,6.155399799346924,5.949999809265137,5.97756814956665,1142353,0.0,0.0,0.0
2026-02-03 12:15:00-05:00,5.9710001945495605,6.010000228881836,5.869999885559082,5.869999885559082,1140605,0.0,0.0,0.0
2026-02-03 12:30:00-05:00,5.875,5.900000095367432,5.764999866485596,5.764999866485596,1579136,0.0,0.0,0.0
2026-02-03 12:45:00-05:00,5.762700080871582,5.820000171661377,5.670000076293945,5.670000076293945,1070478,0.0,0.0,0.0
2026-02-03 13:00:00-05:00,5.675000190734863,5.724999904632568,5.599999904632568,5.599999904632568,1300232,0.0,0.0,0.0
2026-02-03 13:15:00-05:00,5.601399898529053,5.615200042724609,5.5,5.514999866485596,1097269,0.0,0.0,0.0
2026-02-03 13:30:00-05:00,5.510000228881836,5.554999828338623,5.460000038146973,5.465000152587891,945550,0.0,0.0,0.0
2026-02-03 13:45:00-05:00,5.465000152587891,5.46999979019165,5.329999923706055,5.329999923706055,966512,0.0,0.0,0.0
2026-02-03 14:00:00-05:00,5.329999923706055,5.579999923706055,5.320000171661377,5.559999942779541,1569265,0.0,0.0,0.0
2026-02-03 14:15:00-05:00,5.554999828338623,5.670000076293945,5.489999771118164,5.539999961853027,2415006,0.0,0.0,0.0
2026-02-03 14:30:00-05:00,5.539999961853027,5.610000133514404,5.440000057220459,5.550000190734863,1530598,0.0,0.0,0.0
2026-02-03 14:45:00-05:00,5.554999828338623,5.629799842834473,5.478600025177002,5.550000190734863,2167122,0.0,0.0,0.0
2026-02-03 15:00:00-05:00,5.545000076293945,5.608099937438965,5.509900093078613,5.559999942779541,970827,0.0,0.0,0.0
2026-02-03 15:15:00-05:00,5.559999942779541,5.71999979019165,5.529900074005127,5.710000038146973,1526495,0.0,0.0,0.0
2026-02-03 15:30:00-05:00,5.71999979019165,5.889999866485596,5.71999979019165,5.869999885559082,1412373,0.0,0.0,0.0
2026-02-03 15:45:00-05:00,5.864999771118164,5.940000057220459,5.784999847412109,5.925000190734863,1627051,0.0,0.0,0.0
2026-02-04 09:30:00-05:00,5.644999980926514,5.695000171661377,5.420599937438965,5.570000171661377,4765990,0.0,0.0,0.0
2026-02-04 09:45:00-05:00,5.570000171661377,5.639999866485596,5.230000019073486,5.269999980926514,2262425,0.0,0.0,0.0
2026-02-04 10:00:00-05:00,5.269999980926514,5.528299808502197,5.15500020980835,5.480000019073486,2216560,0.0,0.0,0.0
2026-02-04 10:15:00-05:00,5.46999979019165,5.619999885559082,5.420000076293945,5.480000019073486,1349748,0.0,0.0,0.0
2026-02-04 10:30:00-05:00,5.489999771118164,5.529300212860107,5.204999923706055,5.417399883270264,1608431,0.0,0.0,0.0
2026-02-04 10:45:00-05:00,5.414999961853027,5.440000057220459,5.2804999351501465,5.34499979019165,770284,0.0,0.0,0.0
2026-02-04 11:00:00-05:00,5.34499979019165,5.360000133514404,5.199999809265137,5.244999885559082,813190,0.0,0.0,0.0
2026-02-04 11:15:00-05:00,5.25,5.269899845123291,5.079999923706055,5.184999942779541,1259748,0.0,0.0,0.0
2026-02-04 11:30:00-05:00,5.184999942779541,5.199999809265137,4.94350004196167,4.945000171661377,1763801,0.0,0.0,0.0
2026-02-04 11:45:00-05:00,4.944499969482422,5.179999828338623,4.920000076293945,5.150000095367432,1484586,0.0,0.0,0.0
2026-02-04 12:00:00-05:00,5.139999866485596,5.179999828338623,5.045000076293945,5.159999847412109,875108,0.0,0.0,0.0
2026-02-04 12:15:00-05:00,5.159999847412109,5.179999828338623,4.900000095367432,4.940000057220459,1040275,0.0,0.0,0.0
2026-02-04 12:30:00-05:00,4.940000057220459,5.010000228881836,4.849999904632568,4.940000057220459,1004659,0.0,0.0,0.0
2026-02-04 12:45:00-05:00,4.929999828338623,4.974999904632568,4.8403000831604,4.914999961853027,692245,0.0,0.0,0.0
2026-02-04 13:00:00-05:00,4.920000076293945,4.980000019073486,4.860000133514404,4.929999828338623,842227,0.0,0.0,0.0
2026-02-04 13:15:00-05:00,4.929999828338623,5.118199825286865,4.920000076293945,5.09499979019165,1256746,0.0,0.0,0.0
2026-02-04 13:30:00-05:00,5.09499979019165,5.210000038146973,5.013999938964844,5.18310022354126,1654013,0.0,0.0,0.0
2026-02-04 13:45:00-05:00,5.180099964141846,5.215000152587891,5.070000171661377,5.179999828338623,1170929,0.0,0.0,0.0
2026-02-04 14:00:00-05:00,5.190000057220459,5.258500099182129,5.15500020980835,5.228600025177002,1141457,0.0,0.0,0.0
2026-02-04 14:15:00-05:00,5.227461814880371,5.308599948883057,5.178599834442139,5.240200042724609,746589,0.0,0.0,0.0
2026-02-04 14:30:00-05:00,5.244999885559082,5.389999866485596,5.21999979019165,5.360199928283691,998938,0.0,0.0,0.0
2026-02-04 14:45:00-05:00,5.369999885559082,5.529699802398682,5.360000133514404,5.5100998878479,1464330,0.0,0.0,0.0
2026-02-04 15:00:00-05:00,5.519999980926514,5.567699909210205,5.380000114440918,5.394999980926514,1115381,0.0,0.0,0.0
2026-02-04 15:15:00-05:00,5.400000095367432,5.440000057220459,5.355000019073486,5.400000095367432,1012512,0.0,0.0,0.0
2026-02-04 15:30:00-05:00,5.400000095367432,5.539999961853027,5.400000095367432,5.530099868774414,1013512,0.0,0.0,0.0
2026-02-04 15:45:00-05:00,5.539999961853027,5.577600002288818,5.5,5.53000020980835,938148,0.0,0.0,0.0
2026-02-05 09:30:00-05:00,4.78000020980835,4.929999828338623,4.690000057220459,4.855000019073486,9171009,0.0,0.0,0.0
2026-02-05 09:45:00-05:00,4.849999904632568,4.860000133514404,4.485000133514404,4.508299827575684,3959273,0.0,0.0,0.0
2026-02-05 10:00:00-05:00,4.510000228881836,4.534999847412109,4.199999809265137,4.199999809265137,3397854,0.0,0.0,0.0
2026-02-05 10:15:00-05:00,4.199999809265137,4.340000152587891,4.150000095367432,4.150000095367432,3178205,0.0,0.0,0.0
2026-02-05 10:30:00-05:00,4.159999847412109,4.302599906921387,4.039999961853027,4.224999904632568,2979463,0.0,0.0,0.0
2026-02-05 10:45:00-05:00,4.224999904632568,4.3165998458862305,4.130000114440918,4.169899940490723,1731997,0.0,0.0,0.0
2026-02-05 11:00:00-05:00,4.170000076293945,4.199999809265137,4.019999980926514,4.048600196838379,1749596,0.0,0.0,0.0
2026-02-05 11:15:00-05:00,4.050000190734863,4.289999961853027,4.050000190734863,4.250100135803223,2344220,0.0,0.0,0.0
2026-02-05 11:30:00-05:00,4.260000228881836,4.320000171661377,4.110000133514404,4.119999885559082,1592927,0.0,0.0,0.0
2026-02-05 11:45:00-05:00,4.119999885559082,4.28000020980835,4.0,4.248499870300293,2252022,0.0,0.0,0.0
2026-02-05 12:00:00-05:00,4.239999771118164,4.28000020980835,4.098999977111816,4.139999866485596,1286320,0.0,0.0,0.0
2026-02-05 12:15:00-05:00,4.139999866485596,4.239999771118164,4.045000076293945,4.175000190734863,1747694,0.0,0.0,0.0
2026-02-05 12:30:00-05:00,4.175000190734863,4.195000171661377,4.059999942779541,4.150000095367432,1103955,0.0,0.0,0.0
2026-02-05 12:45:00-05:00,4.150000095367432,4.170000076293945,3.9600000381469727,3.9649999141693115,1415104,0.0,0.0,0.0
2026-02-05 13:00:00-05:00,3.9700000286102295,4.016499996185303,3.950000047683716,3.989799976348877,1060555,0.0,0.0,0.0
2026-02-05 13:15:00-05:00,3.98009991645813,4.015200138092041,3.8945999145507812,3.924999952316284,1446302,0.0,0.0,0.0
2026-02-05 13:30:00-05:00,3.930000066757202,3.950000047683716,3.859999895095825,3.890000104904175,1356367,0.0,0.0,0.0
2026-02-05 13:45:00-05:00,3.8879001140594482,3.950000047683716,3.819999933242798,3.920300006866455,1673216,0.0,0.0,0.0
2026-02-05 14:00:00-05:00,3.924999952316284,3.9974000453948975,3.891400098800659,3.969899892807007,1543648,0.0,0.0,0.0
2026-02-05 14:15:00-05:00,3.9600000381469727,4.027200222015381,3.875,3.9000000953674316,1988160,0.0,0.0,0.0
2026-02-05 14:30:00-05:00,3.9100000858306885,3.959700107574463,3.869999885559082,3.9200000762939453,972455,0.0,0.0,0.0
2026-02-05 14:45:00-05:00,3.9200000762939453,3.944999933242798,3.8550000190734863,3.875,1235094,0.0,0.0,0.0
2026-02-05 15:00:00-05:00,3.8754000663757324,3.9000000953674316,3.7899999618530273,3.7950000762939453,1084952,0.0,0.0,0.0
2026-02-05 15:15:00-05:00,3.79010009765625,3.7985999584198,3.5999999046325684,3.606800079345703,2664738,0.0,0.0,0.0
2026-02-05 15:30:00-05:00,3.6050000190734863,3.700000047683716,3.5999999046325684,3.609999895095825,1815034,0.0,0.0,0.0
2026-02-05 15:45:00-05:00,3.6050000190734863,3.6500000953674316,3.400099992752075,3.640000104904175,4328193,0.0,0.0,0.0
2026-02-06 09:30:00-05:00,4.170000076293945,4.729899883270264,4.15500020980835,4.690299987792969,22137396,0.0,0.0,0.0
2026-02-06 09:45:00-05:00,4.699900150299072,4.75,4.590000152587891,4.664000034332275,4990451,0.0,0.0,0.0
2026-02-06 10:00:00-05:00,4.660099983215332,4.829999923706055,4.635000228881836,4.695000171661377,4254874,0.0,0.0,0.0
2026-02-06 10:15:00-05:00,4.699999809265137,4.879899978637695,4.699999809265137,4.849899768829346,3004236,0.0,0.0,0.0
2026-02-06 10:30:00-05:00,4.918600082397461,4.96999979019165,4.910099983215332,4.965000152587891,3539861,0.0,0.0,0.0
2026-02-06 10:45:00-05:00,4.96999979019165,5.013199806213379,4.922500133514404,4.959799766540527,3491709,0.0,0.0,0.0
2026-02-06 11:00:00-05:00,5.028600215911865,5.130000114440918,5.019999980926514,5.081399917602539,3090039,0.0,0.0,0.0
2026-02-06 11:15:00-05:00,5.085000038146973,5.159800052642822,5.039999961853027,5.074999809265137,2612160,0.0,0.0,0.0
2026-02-06 11:30:00-05:00,5.074999809265137,5.130000114440918,5.03000020980835,5.129300117492676,2372207,0.0,0.0,0.0
2026-02-06 11:45:00-05:00,5.119999885559082,5.21999979019165,5.085000038146973,5.195000171661377,3118522,0.0,0.0,0.0
2026-02-06 12:00:00-05:00,5.195000171661377,5.260000228881836,5.139999866485596,5.236499786376953,2553112,0.0,0.0,0.0
2026-02-06 12:15:00-05:00,5.235000133514404,5.369999885559082,5.200099945068359,5.359600067138672,2550269,0.0,0.0,0.0
2026-02-06 12:30:00-05:00,5.355000019073486,5.420000076293945,5.289999961853027,5.400000095367432,3102951,0.0,0.0,0.0
2026-02-06 12:45:00-05:00,5.400000095367432,5.449999809265137,5.360000133514404,5.409999847412109,1772575,0.0,0.0,0.0
2026-02-06 13:00:00-05:00,5.375,5.409999847412109,5.260000228881836,5.3460001945495605,4375325,0.0,0.0,0.0
2026-02-06 13:15:00-05:00,5.349999904632568,5.357999801635742,5.25,5.260799884796143,1892919,0.0,0.0,0.0
2026-02-06 13:30:00-05:00,5.260700225830078,5.389999866485596,5.260700225830078,5.344900131225586,2239948,0.0,0.0,0.0
2026-02-06 13:45:00-05:00,5.340000152587891,5.364999771118164,5.292699813842773,5.292699813842773,1590061,0.0,0.0,0.0
2026-02-06 14:00:00-05:00,5.295000076293945,5.383399963378906,5.260000228881836,5.340000152587891,1944960,0.0,0.0,0.0
2026-02-06 14:15:00-05:00,5.340000152587891,5.417699813842773,5.300000190734863,5.398499965667725,2227858,0.0,0.0,0.0
2026-02-06 14:30:00-05:00,5.394999980926514,5.449999809265137,5.380000114440918,5.445000171661377,2252333,0.0,0.0,0.0
2026-02-06 14:45:00-05:00,5.445000171661377,5.457200050354004,5.369999885559082,5.389999866485596,2681189,0.0,0.0,0.0
2026-02-06 15:00:00-05:00,5.385000228881836,5.429999828338623,5.349999904632568,5.410999774932861,2794879,0.0,0.0,0.0
2026-02-06 15:15:00-05:00,5.410999774932861,5.429999828338623,5.369999885559082,5.429900169372559,1756215,0.0,0.0,0.0
2026-02-06 15:30:00-05:00,5.425000190734863,5.525000095367432,5.389999866485596,5.460000038146973,2470210,0.0,0.0,0.0
2026-02-06 15:45:00-05:00,5.465000152587891,5.570000171661377,5.440000057220459,5.525000095367432,3097525,0.0,0.0,0.0
2026-02-09 09:30:00-05:00,4.909999847412109,5.097099781036377,4.730000019073486,5.010000228881836,13323309,0.0,0.0,0.0
2026-02-09 09:45:00-05:00,5.010000228881836,5.190000057220459,4.965000152587891,5.119999885559082,3565013,0.0,0.0,0.0
2026-02-09 10:00:00-05:00,5.119999885559082,5.340000152587891,5.119999885559082,5.296999931335449,3073346,0.0,0.0,0.0
2026-02-09 10:15:00-05:00,5.295000076293945,5.359899997711182,4.929999828338623,4.949999809265137,3842428,0.0,0.0,0.0
2026-02-09 10:30:00-05:00,4.945000171661377,5.245100021362305,4.889999866485596,5.210000038146973,2712285,0.0,0.0,0.0
2026-02-09 10:45:00-05:00,5.216599941253662,5.309999942779541,5.200099945068359,5.300000190734863,1294366,0.0,0.0,0.0
2026-02-09 11:00:00-05:00,5.291999816894531,5.355299949645996,5.28000020980835,5.335000038146973,1312514,0.0,0.0,0.0
2026-02-09 11:15:00-05:00,5.340000152587891,5.5,5.329999923706055,5.479899883270264,1394474,0.0,0.0,0.0
2026-02-09 11:30:00-05:00,5.480000019073486,5.579999923706055,5.460000038146973,5.554999828338623,1530064,0.0,0.0,0.0
2026-02-09 11:45:00-05:00,5.554999828338623,5.670000076293945,5.550099849700928,5.650000095367432,2015178,0.0,0.0,0.0
2026-02-09 12:00:00-05:00,5.650700092315674,5.710000038146973,5.619999885559082,5.6350998878479,1804906,0.0,0.0,0.0
2026-02-09 12:15:00-05:00,5.639999866485596,5.710000038146973,5.619999885559082,5.65500020980835,1177444,0.0,0.0,0.0
2026-02-09 12:30:00-05:00,5.659900188446045,5.889999866485596,5.65500020980835,5.875,1822941,0.0,0.0,0.0
2026-02-09 12:45:00-05:00,5.875,5.894999980926514,5.809999942779541,5.829899787902832,1000902,0.0,0.0,0.0
2026-02-09 13:00:00-05:00,5.824999809265137,5.909999847412109,5.775000095367432,5.780099868774414,1696168,0.0,0.0,0.0
2026-02-09 13:15:00-05:00,5.789999961853027,5.795000076293945,5.590000152587891,5.740099906921387,1607645,0.0,0.0,0.0
2026-02-09 13:30:00-05:00,5.75,5.823500156402588,5.71999979019165,5.800000190734863,966072,0.0,0.0,0.0
2026-02-09 13:45:00-05:00,5.789999961853027,5.800000190734863,5.590000152587891,5.65500020980835,1494877,0.0,0.0,0.0
2026-02-09 14:00:00-05:00,5.65500020980835,5.65500020980835,5.570000171661377,5.60004997253418,1347807,0.0,0.0,0.0
2026-02-09 14:15:00-05:00,5.599999904632568,5.687600135803223,5.59499979019165,5.684999942779541,1250594,0.0,0.0,0.0
2026-02-09 14:30:00-05:00,5.679999828338623,5.71999979019165,5.619999885559082,5.630000114440918,884000,0.0,0.0,0.0
2026-02-09 14:45:00-05:00,5.630000114440918,5.669899940490723,5.610000133514404,5.635000228881836,1047916,0.0,0.0,0.0
2026-02-09 15:00:00-05:00,5.630000114440918,5.729899883270264,5.610000133514404,5.679900169372559,1740344,0.0,0.0,0.0
2026-02-09 15:15:00-05:00,5.675000190734863,5.6768999099731445,5.579999923706055,5.614999771118164,972264,0.0,0.0,0.0
2026-02-09 15:30:00-05:00,5.610000133514404,5.739999771118164,5.599999904632568,5.735000133514404,1104814,0.0,0.0,0.0
2026-02-09 15:45:00-05:00,5.739999771118164,5.843500137329102,5.730000019073486,5.820000171661377,2092416,0.0,0.0,0.0
2026-02-10 09:30:00-05:00,5.429999828338623,5.744999885559082,5.409999847412109,5.614999771118164,9059443,0.0,0.0,0.0
2026-02-10 09:45:00-05:00,5.610000133514404,5.619999885559082,5.389999866485596,5.574999809265137,2980053,0.0,0.0,0.0
2026-02-10 10:00:00-05:00,5.565000057220459,5.679999828338623,5.519999980926514,5.579999923706055,1776678,0.0,0.0,0.0
2026-02-10 10:15:00-05:00,5.579999923706055,5.715000152587891,5.539999961853027,5.650000095367432,1083026,0.0,0.0,0.0
2026-02-10 10:30:00-05:00,5.644999980926514,5.869999885559082,5.639999866485596,5.79010009765625,2327462,0.0,0.0,0.0
2026-02-10 10:45:00-05:00,5.789999961853027,5.849999904632568,5.715000152587891,5.809299945831299,1087719,0.0,0.0,0.0
2026-02-10 11:00:00-05:00,5.815000057220459,5.838200092315674,5.664999961853027,5.820000171661377,939020,0.0,0.0,0.0
2026-02-10 11:15:00-05:00,5.820000171661377,5.829999923706055,5.710100173950195,5.739999771118164,640073,0.0,0.0,0.0
2026-02-10 11:30:00-05:00,5.739999771118164,5.807499885559082,5.680300235748291,5.739999771118164,658711,0.0,0.0,0.0
2026-02-10 11:45:00-05:00,5.744999885559082,5.804999828338623,5.690000057220459,5.719900131225586,519460,0.0,0.0,0.0
2026-02-10 12:00:00-05:00,5.715000152587891,5.739999771118164,5.659999847412109,5.715000152587891,848672,0.0,0.0,0.0
2026-02-10 12:15:00-05:00,5.730000019073486,5.78000020980835,5.659999847412109,5.674499988555908,621444,0.0,0.0,0.0
2026-02-10 12:30:00-05:00,5.675000190734863,5.75,5.662600040435791,5.695000171661377,837998,0.0,0.0,0.0
2026-02-10 12:45:00-05:00,5.69980001449585,5.789999961853027,5.69980001449585,5.7399001121521,722841,0.0,0.0,0.0
2026-02-10 13:00:00-05:00,5.739999771118164,5.739999771118164,5.600200176239014,5.621600151062012,563866,0.0,0.0,0.0
2026-02-10 13:15:00-05:00,5.620100021362305,5.630000114440918,5.460000038146973,5.460299968719482,1236803,0.0,0.0,0.0
2026-02-10 13:30:00-05:00,5.460000038146973,5.550000190734863,5.450799942016602,5.505000114440918,764899,0.0,0.0,0.0
2026-02-10 13:45:00-05:00,5.510000228881836,5.514999866485596,5.409999847412109,5.486700057983398,1015487,0.0,0.0,0.0
2026-02-10 14:00:00-05:00,5.480000019073486,5.5,5.431600093841553,5.480000019073486,980668,0.0,0.0,0.0
2026-02-10 14:15:00-05:00,5.480000019073486,5.514999866485596,5.445000171661377,5.5,681240,0.0,0.0,0.0
2026-02-10 14:30:00-05:00,5.5,5.585000038146973,5.483500003814697,5.574999809265137,1485520,0.0,0.0,0.0
2026-02-10 14:45:00-05:00,5.570099830627441,5.579999923706055,5.440000057220459,5.443399906158447,898328,0.0,0.0,0.0
2026-02-10 15:00:00-05:00,5.445000171661377,5.469900131225586,5.360000133514404,5.379899978637695,993783,0.0,0.0,0.0
2026-02-10 15:15:00-05:00,5.369999885559082,5.429999828338623,5.369999885559082,5.385000228881836,534125,0.0,0.0,0.0
2026-02-10 15:30:00-05:00,5.380000114440918,5.420000076293945,5.333099842071533,5.400000095367432,800326,0.0,0.0,0.0
2026-02-10 15:45:00-05:00,5.40500020980835,5.439000129699707,5.349999904632568,5.350299835205078,1343860,0.0,0.0,0.0
2026-02-11 09:30:00-05:00,5.400000095367432,5.409999847412109,4.994999885559082,5.149899959564209,10228778,0.0,0.0,0.0
2026-02-11 09:45:00-05:00,5.144999980926514,5.199900150299072,4.940000057220459,4.969799995422363,3106464,0.0,0.0,0.0
2026-02-11 10:00:00-05:00,4.979899883270264,4.985000133514404,4.739999771118164,4.827400207519531,3441472,0.0,0.0,0.0
2026-02-11 10:15:00-05:00,4.824999809265137,4.945000171661377,4.79010009765625,4.845699787139893,2229547,0.0,0.0,0.0
2026-02-11 10:30:00-05:00,4.840000152587891,5.085000038146973,4.835000038146973,5.065000057220459,1739480,0.0,0.0,0.0
2026-02-11 10:45:00-05:00,5.068399906158447,5.110000133514404,4.96999979019165,5.019999980926514,1599677,0.0,0.0,0.0
2026-02-11 11:00:00-05:00,5.019999980926514,5.137599945068359,4.960000038146973,5.130000114440918,1616767,0.0,0.0,0.0
2026-02-11 11:15:00-05:00,5.130000114440918,5.135000228881836,4.989999771118164,4.990099906921387,1100313,0.0,0.0,0.0
2026-02-11 11:30:00-05:00,4.989999771118164,5.014999866485596,4.860099792480469,4.860099792480469,1901288,0.0,0.0,0.0
2026-02-11 11:45:00-05:00,4.864999771118164,4.880000114440918,4.789999961853027,4.807000160217285,1467518,0.0,0.0,0.0
2026-02-11 12:00:00-05:00,4.804999828338623,4.849999904632568,4.764999866485596,4.829999923706055,1311315,0.0,0.0,0.0
2026-02-11 12:15:00-05:00,4.835000038146973,4.900000095367432,4.809999942779541,4.869999885559082,996586,0.0,0.0,0.0
2026-02-11 12:30:00-05:00,4.869999885559082,4.900000095367432,4.789999961853027,4.804900169372559,1123471,0.0,0.0,0.0
2026-02-11 12:45:00-05:00,4.800000190734863,4.847300052642822,4.75,4.75,669703,0.0,0.0,0.0
2026-02-11 13:00:00-05:00,4.755000114440918,4.760000228881836,4.650000095367432,4.679999828338623,1017852,0.0,0.0,0.0
2026-02-11 13:15:00-05:00,4.699999809265137,4.760000228881836,4.675000190734863,4.724999904632568,655401,0.0,0.0,0.0
2026-02-11 13:30:00-05:00,4.724999904632568,4.744999885559082,4.690979957580566,4.715000152587891,641074,0.0,0.0,0.0
2026-02-11 13:45:00-05:00,4.710000038146973,4.779900074005127,4.650000095367432,4.775000095367432,933039,0.0,0.0,0.0
2026-02-11 14:00:00-05:00,4.779900074005127,4.862100124359131,4.724999904632568,4.855000019073486,1073162,0.0,0.0,0.0
2026-02-11 14:15:00-05:00,4.85890007019043,4.879899978637695,4.820000171661377,4.820000171661377,872850,0.0,0.0,0.0
2026-02-11 14:30:00-05:00,4.821499824523926,4.885000228881836,4.760000228881836,4.869999885559082,885648,0.0,0.0,0.0
2026-02-11 14:45:00-05:00,4.864999771118164,4.900000095367432,4.820000171661377,4.85230016708374,740458,0.0,0.0,0.0
2026-02-11 15:00:00-05:00,4.84499979019165,4.885000228881836,4.690000057220459,4.730000019073486,870870,0.0,0.0,0.0
2026-02-11 15:15:00-05:00,4.7399001121521,4.75,4.619999885559082,4.625,724727,0.0,0.0,0.0
2026-02-11 15:30:00-05:00,4.625,4.715000152587891,4.625,4.704999923706055,751064,0.0,0.0,0.0
2026-02-11 15:45:00-05:00,4.704999923706055,4.800000190734863,4.695000171661377,4.790299892425537,1813211,0.0,0.0,0.0
2026-02-12 09:30:00-05:00,4.909999847412109,4.965000152587891,4.780099868774414,4.809999942779541,4612890,0.0,0.0,0.0
2026-02-12 09:45:00-05:00,4.809999942779541,4.960000038146973,4.769999980926514,4.809999942779541,1955197,0.0,0.0,0.0
2026-02-12 10:00:00-05:00,4.803500175476074,4.829999923706055,4.659999847412109,4.804999828338623,1483823,0.0,0.0,0.0
2026-02-12 10:15:00-05:00,4.804999828338623,4.860000133514404,4.75,4.795000076293945,1050625,0.0,0.0,0.0
2026-02-12 10:30:00-05:00,4.795000076293945,4.840000152587891,4.679999828338623,4.715400218963623,1346062,0.0,0.0,0.0
2026-02-12 10:45:00-05:00,4.715000152587891,4.768700122833252,4.610000133514404,4.619999885559082,1304782,0.0,0.0,0.0
2026-02-12 11:00:00-05:00,4.619999885559082,4.679999828338623,4.500100135803223,4.505000114440918,1431299,0.0,0.0,0.0
2026-02-12 11:15:00-05:00,4.500999927520752,4.550000190734863,4.389999866485596,4.390100002288818,1285433,0.0,0.0,0.0
2026-02-12 11:30:00-05:00,4.389999866485596,4.529900074005127,4.375,4.46999979019165,1871247,0.0,0.0,0.0
2026-02-12 11:45:00-05:00,4.471399784088135,4.494999885559082,4.400000095367432,4.440000057220459,1017079,0.0,0.0,0.0
2026-02-12 12:00:00-05:00,4.440000057220459,4.5,4.380499839782715,4.420100212097168,1126096,0.0,0.0,0.0
2026-02-12 12:15:00-05:00,4.4207000732421875,4.559999942779541,4.40500020980835,4.510000228881836,946845,0.0,0.0,0.0
2026-02-12 12:30:00-05:00,4.519999980926514,4.630000114440918,4.480000019073486,4.590000152587891,943042,0.0,0.0,0.0
2026-02-12 12:45:00-05:00,4.599999904632568,4.599999904632568,4.450099945068359,4.454999923706055,581479,0.0,0.0,0.0
2026-02-12 13:00:00-05:00,4.449999809265137,4.568600177764893,4.429999828338623,4.565000057220459,508217,0.0,0.0,0.0
2026-02-12 13:15:00-05:00,4.560100078582764,4.570000171661377,4.412399768829346,4.460000038146973,554241,0.0,0.0,0.0
2026-02-12 13:30:00-05:00,4.46999979019165,4.515500068664551,4.429900169372559,4.480100154876709,436200,0.0,0.0,0.0
2026-02-12 13:45:00-05:00,4.480000019073486,4.498600006103516,4.400000095367432,4.414999961853027,713683,0.0,0.0,0.0
2026-02-12 14:00:00-05:00,4.414999961853027,4.469900131225586,4.400000095367432,4.434999942779541,464616,0.0,0.0,0.0
2026-02-12 14:15:00-05:00,4.434999942779541,4.510000228881836,4.425000190734863,4.474999904632568,801798,0.0,0.0,0.0
2026-02-12 14:30:00-05:00,4.480000019073486,4.630000114440918,4.480000019073486,4.625,1417306,0.0,0.0,0.0
2026-02-12 14:45:00-05:00,4.619999885559082,4.679999828338623,4.5406999588012695,4.550099849700928,1380981,0.0,0.0,0.0
2026-02-12 15:00:00-05:00,4.559999942779541,4.655900001525879,4.550000190734863,4.574999809265137,688955,0.0,0.0,0.0
2026-02-12 15:15:00-05:00,4.5767998695373535,4.579899787902832,4.519999980926514,4.534999847412109,573215,0.0,0.0,0.0
2026-02-12 15:30:00-05:00,4.534999847412109,4.610000133514404,4.511000156402588,4.606599807739258,887840,0.0,0.0,0.0
2026-02-12 15:45:00-05:00,4.605000019073486,4.605000019073486,4.53000020980835,4.545000076293945,1659623,0.0,0.0,0.0
2026-02-13 09:30:00-05:00,4.829999923706055,5.010000228881836,4.739999771118164,4.909999847412109,8924520,0.0,0.0,0.0
2026-02-13 09:45:00-05:00,4.909999847412109,5.166600227355957,4.909999847412109,5.0,4281325,0.0,0.0,0.0
2026-02-13 10:00:00-05:00,5.0,5.179999828338623,4.989999771118164,5.139999866485596,2761636,0.0,0.0,0.0
2026-02-13 10:15:00-05:00,5.139999866485596,5.319799900054932,5.099999904632568,5.315000057220459,2061772,0.0,0.0,0.0
2026-02-13 10:30:00-05:00,5.320000171661377,5.380000114440918,5.179999828338623,5.179999828338623,2691285,0.0,0.0,0.0
2026-02-13 10:45:00-05:00,5.180099964141846,5.269999980926514,5.105000019073486,5.220300197601318,2179284,0.0,0.0,0.0
2026-02-13 11:00:00-05:00,5.224999904632568,5.28000020980835,5.164999961853027,5.269999980926514,1426242,0.0,0.0,0.0
2026-02-13 11:15:00-05:00,5.269999980926514,5.309999942779541,5.170000076293945,5.239999771118164,869795,0.0,0.0,0.0
2026-02-13 11:30:00-05:00,5.239999771118164,5.309999942779541,5.21999979019165,5.299699783325195,1212771,0.0,0.0,0.0
2026-02-13 11:45:00-05:00,5.289999961853027,5.309999942779541,5.210000038146973,5.215000152587891,1071601,0.0,0.0,0.0
2026-02-13 12:00:00-05:00,5.21999979019165,5.25,5.160900115966797,5.244999885559082,910784,0.0,0.0,0.0
2026-02-13 12:15:00-05:00,5.240099906921387,5.300000190734863,5.21999979019165,5.25,846139,0.0,0.0,0.0
2026-02-13 12:30:00-05:00,5.244999885559082,5.324999809265137,5.244999885559082,5.304999828338623,852321,0.0,0.0,0.0
2026-02-13 12:45:00-05:00,5.304999828338623,5.320000171661377,5.255000114440918,5.260000228881836,565132,0.0,0.0,0.0
2026-02-13 13:00:00-05:00,5.269999980926514,5.300000190734863,5.21999979019165,5.269999980926514,830413,0.0,0.0,0.0
2026-02-13 13:15:00-05:00,5.260000228881836,5.309899806976318,5.199999809265137,5.220099925994873,776491,0.0,0.0,0.0
2026-02-13 13:30:00-05:00,5.21999979019165,5.355000019073486,5.210000038146973,5.340099811553955,936557,0.0,0.0,0.0
2026-02-13 13:45:00-05:00,5.340000152587891,5.409900188446045,5.340000152587891,5.389999866485596,1408932,0.0,0.0,0.0
2026-02-13 14:00:00-05:00,5.389999866485596,5.414999961853027,5.340000152587891,5.369999885559082,1258888,0.0,0.0,0.0
2026-02-13 14:15:00-05:00,5.375,5.440000057220459,5.329999923706055,5.340000152587891,983664,0.0,0.0,0.0
2026-02-13 14:30:00-05:00,5.349999904632568,5.432199954986572,5.309999942779541,5.394999980926514,1048014,0.0,0.0,0.0
2026-02-13 14:45:00-05:00,5.394999980926514,5.420000076293945,5.335000038146973,5.340000152587891,925946,0.0,0.0,0.0
2026-02-13 15:00:00-05:00,5.340000152587891,5.429999828338623,5.340000152587891,5.375,847040,0.0,0.0,0.0
2026-02-13 15:15:00-05:00,5.369999885559082,5.435200214385986,5.369999885559082,5.410200119018555,746700,0.0,0.0,0.0
2026-02-13 15:30:00-05:00,5.409999847412109,5.429999828338623,5.310800075531006,5.335000038146973,818603,0.0,0.0,0.0
2026-02-13 15:45:00-05:00,5.330100059509277,5.380000114440918,5.304999828338623,5.340000152587891,1517068,0.0,0.0,0.0
2026-02-17 09:30:00-05:00,4.954999923706055,5.150000095367432,4.860000133514404,4.910699844360352,7035688,0.0,0.0,0.0
2026-02-17 09:45:00-05:00,4.909999847412109,4.940100193023682,4.75,4.755000114440918,2373629,0.0,0.0,0.0
2026-02-17 10:00:00-05:00,4.75,4.855400085449219,4.75,4.769700050354004,1373484,0.0,0.0,0.0
2026-02-17 10:15:00-05:00,4.764999866485596,4.849999904632568,4.730000019073486,4.769999980926514,710815,0.0,0.0,0.0
2026-02-17 10:30:00-05:00,4.769999980926514,4.8094000816345215,4.701399803161621,4.8094000816345215,1040523,0.0,0.0,0.0
2026-02-17 10:45:00-05:00,4.820000171661377,4.929999828338623,4.815000057220459,4.929999828338623,1854001,0.0,0.0,0.0
2026-02-17 11:00:00-05:00,4.940000057220459,5.099999904632568,4.925000190734863,5.090199947357178,2080432,0.0,0.0,0.0
2026-02-17 11:15:00-05:00,5.090099811553955,5.170000076293945,5.050000190734863,5.055099964141846,1519880,0.0,0.0,0.0
2026-02-17 11:30:00-05:00,5.059999942779541,5.179900169372559,5.020100116729736,5.099999904632568,902753,0.0,0.0,0.0
2026-02-17 11:45:00-05:00,5.110000133514404,5.110000133514404,5.03000020980835,5.054999828338623,944164,0.0,0.0,0.0
2026-02-17 12:00:00-05:00,5.054999828338623,5.100100040435791,4.9710001945495605,4.980000019073486,771923,0.0,0.0,0.0
2026-02-17 12:15:00-05:00,4.980000019073486,5.0,4.925000190734863,4.98859977722168,756742,0.0,0.0,0.0
2026-02-17 12:30:00-05:00,4.989799976348877,5.009900093078613,4.880000114440918,4.880000114440918,773497,0.0,0.0,0.0
2026-02-17 12:45:00-05:00,4.880000114440918,5.0,4.849999904632568,5.0,576339,0.0,0.0,0.0
2026-02-17 13:00:00-05:00,5.0,5.003499984741211,4.929999828338623,4.980000019073486,534787,0.0,0.0,0.0
2026-02-17 13:15:00-05:00,4.980000019073486,5.080100059509277,4.949999809265137,5.079999923706055,689628,0.0,0.0,0.0
2026-02-17 13:30:00-05:00,5.079999923706055,5.139999866485596,5.049900054931641,5.119999885559082,362352,0.0,0.0,0.0
2026-02-17 13:45:00-05:00,5.125,5.184999942779541,5.09499979019165,5.130000114440918,1156650,0.0,0.0,0.0
2026-02-17 14:00:00-05:00,5.139800071716309,5.150000095367432,5.079999923706055,5.125,756474,0.0,0.0,0.0
2026-02-17 14:15:00-05:00,5.130000114440918,5.135000228881836,5.010000228881836,5.014999866485596,569098,0.0,0.0,0.0
2026-02-17 14:30:00-05:00,5.010000228881836,5.059999942779541,4.990099906921387,5.059999942779541,682775,0.0,0.0,0.0
2026-02-17 14:45:00-05:00,5.058599948883057,5.059500217437744,4.989999771118164,5.0100998878479,791438,0.0,0.0,0.0
2026-02-17 15:00:00-05:00,5.019999980926514,5.049900054931641,4.954999923706055,4.960000038146973,649034,0.0,0.0,0.0
2026-02-17 15:15:00-05:00,4.965000152587891,4.96999979019165,4.894999980926514,4.945000171661377,843111,0.0,0.0,0.0
2026-02-17 15:30:00-05:00,4.940000057220459,4.974999904632568,4.90500020980835,4.960100173950195,682092,0.0,0.0,0.0
2026-02-17 15:45:00-05:00,4.962900161743164,4.980000019073486,4.909999847412109,4.925000190734863,946337,0.0,0.0,0.0
2026-02-18 09:30:00-05:00,4.829999923706055,4.880300045013428,4.730199813842773,4.855000019073486,3141669,0.0,0.0,0.0
2026-02-18 09:45:00-05:00,4.855000019073486,4.929999828338623,4.715000152587891,4.920000076293945,1765386,0.0,0.0,0.0
2026-02-18 10:00:00-05:00,4.920000076293945,5.03000020980835,4.9096999168396,4.934999942779541,1326056,0.0,0.0,0.0
2026-02-18 10:15:00-05:00,4.940000057220459,5.025100231170654,4.93209981918335,4.96999979019165,1069011,0.0,0.0,0.0
2026-02-18 10:30:00-05:00,4.965000152587891,5.190000057220459,4.940000057220459,5.121399879455566,1793036,0.0,0.0,0.0
2026-02-18 10:45:00-05:00,5.119999885559082,5.127699851989746,5.03000020980835,5.076700210571289,1446716,0.0,0.0,0.0
2026-02-18 11:00:00-05:00,5.074999809265137,5.090000152587891,4.980000019073486,4.98199987411499,1315033,0.0,0.0,0.0
2026-02-18 11:15:00-05:00,4.985000133514404,5.03000020980835,4.965000152587891,4.994999885559082,954481,0.0,0.0,0.0
2026-02-18 11:30:00-05:00,4.994999885559082,5.005000114440918,4.929999828338623,4.980999946594238,972642,0.0,0.0,0.0
2026-02-18 11:45:00-05:00,4.980000019073486,5.019999980926514,4.929999828338623,4.950099945068359,614316,0.0,0.0,0.0
2026-02-18 12:00:00-05:00,4.954999923706055,5.037199974060059,4.949999809265137,4.958899974822998,503575,0.0,0.0,0.0
2026-02-18 12:15:00-05:00,4.950099945068359,4.96999979019165,4.909999847412109,4.926400184631348,546161,0.0,0.0,0.0
2026-02-18 12:30:00-05:00,4.925000190734863,4.949999809265137,4.874000072479248,4.875,499241,0.0,0.0,0.0
2026-02-18 12:45:00-05:00,4.872000217437744,4.889999866485596,4.849999904632568,4.880000114440918,697829,0.0,0.0,0.0
2026-02-18 13:00:00-05:00,4.879799842834473,4.900000095367432,4.849999904632568,4.855000019073486,619837,0.0,0.0,0.0
2026-02-18 13:15:00-05:00,4.860000133514404,4.860000133514404,4.772299766540527,4.78000020980835,1038996,0.0,0.0,0.0
2026-02-18 13:30:00-05:00,4.784999847412109,4.809899806976318,4.730000019073486,4.744999885559082,886949,0.0,0.0,0.0
2026-02-18 13:45:00-05:00,4.739999771118164,4.820000171661377,4.730000019073486,4.78000020980835,689776,0.0,0.0,0.0
2026-02-18 14:00:00-05:00,4.769999980926514,4.809999942779541,4.75,4.7555999755859375,439596,0.0,0.0,0.0
2026-02-18 14:15:00-05:00,4.75,4.764999866485596,4.699999809265137,4.7144999504089355,811825,0.0,0.0,0.0
2026-02-18 14:30:00-05:00,4.719900131225586,4.719900131225586,4.570000171661377,4.598999977111816,926860,0.0,0.0,0.0
2026-02-18 14:45:00-05:00,4.590099811553955,4.619999885559082,4.554999828338623,4.588600158691406,1327934,0.0,0.0,0.0
2026-02-18 15:00:00-05:00,4.585000038146973,4.650000095367432,4.559999942779541,4.567999839782715,746860,0.0,0.0,0.0
2026-02-18 15:15:00-05:00,4.561399936676025,4.579999923706055,4.539999961853027,4.550000190734863,724295,0.0,0.0,0.0
2026-02-18 15:30:00-05:00,4.539999961853027,4.690100193023682,4.534999847412109,4.679999828338623,679605,0.0,0.0,0.0
2026-02-18 15:45:00-05:00,4.679999828338623,4.70989990234375,4.639999866485596,4.644999980926514,1405872,0.0,0.0,0.0
2026-02-19 09:30:00-05:00,4.514999866485596,4.625,4.400000095367432,4.600800037384033,5253136,0.0,0.0,0.0
2026-02-19 09:45:00-05:00,4.605100154876709,4.710000038146973,4.521200180053711,4.650000095367432,1740827,0.0,0.0,0.0
2026-02-19 10:00:00-05:00,4.65500020980835,4.71999979019165,4.539999961853027,4.550000190734863,1371155,0.0,0.0,0.0
2026-02-19 10:15:00-05:00,4.545000076293945,4.610099792480469,4.502600193023682,4.529900074005127,942417,0.0,0.0,0.0
2026-02-19 10:30:00-05:00,4.53000020980835,4.639999866485596,4.510000228881836,4.599999904632568,828068,0.0,0.0,0.0
2026-02-19 10:45:00-05:00,4.610000133514404,4.650000095367432,4.5609002113342285,4.610000133514404,652209,0.0,0.0,0.0
2026-02-19 11:00:00-05:00,4.618000030517578,4.619999885559082,4.539999961853027,4.569900035858154,808076,0.0,0.0,0.0
2026-02-19 11:15:00-05:00,4.579999923706055,4.619999885559082,4.530099868774414,4.543000221252441,695852,0.0,0.0,0.0
2026-02-19 11:30:00-05:00,4.550000190734863,4.639999866485596,4.550000190734863,4.610000133514404,1200231,0.0,0.0,0.0
2026-02-19 11:45:00-05:00,4.610199928283691,4.650000095367432,4.570000171661377,4.630000114440918,612544,0.0,0.0,0.0
2026-02-19 12:00:00-05:00,4.639999866485596,4.71999979019165,4.619999885559082,4.704999923706055,1271468,0.0,0.0,0.0
2026-02-19 12:15:00-05:00,4.710000038146973,4.789999961853027,4.679999828338623,4.701399803161621,1133084,0.0,0.0,0.0
2026-02-19 12:30:00-05:00,4.699999809265137,4.768599987030029,4.679999828338623,4.728099822998047,565182,0.0,0.0,0.0
2026-02-19 12:45:00-05:00,4.730000019073486,4.73960018157959,4.639999866485596,4.679999828338623,721180,0.0,0.0,0.0
2026-02-19 13:00:00-05:00,4.690000057220459,4.739999771118164,4.644999980926514,4.730000019073486,688247,0.0,0.0,0.0
2026-02-19 13:15:00-05:00,4.724999904632568,4.784999847412109,4.679900169372559,4.762700080871582,784354,0.0,0.0,0.0
2026-02-19 13:30:00-05:00,4.769899845123291,4.800000190734863,4.71999979019165,4.798500061035156,791405,0.0,0.0,0.0
2026-02-19 13:45:00-05:00,4.800000190734863,4.84499979019165,4.800000190734863,4.840000152587891,1219350,0.0,0.0,0.0
2026-02-19 14:00:00-05:00,4.835000038146973,4.84499979019165,4.739999771118164,4.789999961853027,1206754,0.0,0.0,0.0
2026-02-19 14:15:00-05:00,4.789899826049805,4.800000190734863,4.699999809265137,4.730000019073486,588937,0.0,0.0,0.0
2026-02-19 14:30:00-05:00,4.730000019073486,4.769999980926514,4.710000038146973,4.730000019073486,400257,0.0,0.0,0.0
2026-02-19 14:45:00-05:00,4.730000019073486,4.829899787902832,4.71999979019165,4.795000076293945,848441,0.0,0.0,0.0
2026-02-19 15:00:00-05:00,4.795000076293945,4.840000152587891,4.769999980926514,4.789999961853027,674022,0.0,0.0,0.0
2026-02-19 15:15:00-05:00,4.789999961853027,4.790900230407715,4.75,4.760000228881836,433966,0.0,0.0,0.0
2026-02-19 15:30:00-05:00,4.760000228881836,4.889999866485596,4.75,4.889999866485596,903122,0.0,0.0,0.0
2026-02-19 15:45:00-05:00,4.885000228881836,4.999899864196777,4.885000228881836,4.960000038146973,1412455,0.0,0.0,0.0
2026-02-20 09:30:00-05:00,5.03000020980835,5.230000019073486,4.949999809265137,5.144999980926514,9389665,0.0,0.0,0.0
2026-02-20 09:45:00-05:00,5.150000095367432,5.195000171661377,5.058800220489502,5.170000076293945,1461839,0.0,0.0,0.0
2026-02-20 10:00:00-05:00,5.179999828338623,5.454999923706055,5.110000133514404,5.110000133514404,3713323,0.0,0.0,0.0
2026-02-20 10:15:00-05:00,5.110099792480469,5.300099849700928,5.033599853515625,5.260000228881836,1942882,0.0,0.0,0.0
2026-02-20 10:30:00-05:00,5.260000228881836,5.269999980926514,5.159999847412109,5.210000038146973,1228169,0.0,0.0,0.0
2026-02-20 10:45:00-05:00,5.210000038146973,5.309999942779541,5.184999942779541,5.280099868774414,1276183,0.0,0.0,0.0
2026-02-20 11:00:00-05:00,5.28000020980835,5.328199863433838,5.244999885559082,5.260000228881836,1217123,0.0,0.0,0.0
2026-02-20 11:15:00-05:00,5.260000228881836,5.260000228881836,5.159999847412109,5.159999847412109,796831,0.0,0.0,0.0
2026-02-20 11:30:00-05:00,5.1620001792907715,5.235000133514404,5.150000095367432,5.210000038146973,1023596,0.0,0.0,0.0
2026-02-20 11:45:00-05:00,5.208399772644043,5.260000228881836,5.200099945068359,5.230100154876709,908799,0.0,0.0,0.0
2026-02-20 12:00:00-05:00,5.230000019073486,5.230199813842773,5.099999904632568,5.099999904632568,968875,0.0,0.0,0.0
2026-02-20 12:15:00-05:00,5.099999904632568,5.1006999015808105,5.010000228881836,5.049699783325195,1709084,0.0,0.0,0.0
2026-02-20 12:30:00-05:00,5.040500164031982,5.130000114440918,5.000100135803223,5.119999885559082,1235576,0.0,0.0,0.0
2026-02-20 12:45:00-05:00,5.114999771118164,5.239999771118164,5.105000019073486,5.224999904632568,1662075,0.0,0.0,0.0
2026-02-20 13:00:00-05:00,5.224999904632568,5.232900142669678,5.144999980926514,5.159999847412109,1290444,0.0,0.0,0.0
2026-02-20 13:15:00-05:00,5.160099983215332,5.163000106811523,5.080100059509277,5.119999885559082,1261303,0.0,0.0,0.0
2026-02-20 13:30:00-05:00,5.130000114440918,5.25029993057251,5.099999904632568,5.25,1654715,0.0,0.0,0.0
2026-02-20 13:45:00-05:00,5.256999969482422,5.29010009765625,5.179999828338623,5.25,1310371,0.0,0.0,0.0
2026-02-20 14:00:00-05:00,5.25,5.284999847412109,5.179999828338623,5.179999828338623,826226,0.0,0.0,0.0
2026-02-20 14:15:00-05:00,5.179999828338623,5.190000057220459,5.059999942779541,5.0903000831604,1273313,0.0,0.0,0.0
2026-02-20 14:30:00-05:00,5.090000152587891,5.136899948120117,5.059999942779541,5.070000171661377,696285,0.0,0.0,0.0
2026-02-20 14:45:00-05:00,5.070000171661377,5.099899768829346,5.03000020980835,5.034999847412109,659753,0.0,0.0,0.0
2026-02-20 15:00:00-05:00,5.034999847412109,5.130000114440918,5.034999847412109,5.085000038146973,1230425,0.0,0.0,0.0
2026-02-20 15:15:00-05:00,5.079999923706055,5.079999923706055,5.01140022277832,5.025000095367432,718967,0.0,0.0,0.0
2026-02-20 15:30:00-05:00,5.019999980926514,5.121200084686279,5.019999980926514,5.119999885559082,1166010,0.0,0.0,0.0
2026-02-20 15:45:00-05:00,5.114999771118164,5.129300117492676,5.054999828338623,5.070000171661377,1226203,0.0,0.0,0.0
2026-02-23 09:30:00-05:00,4.829999923706055,4.90500020980835,4.690000057220459,4.809999942779541,5591683,0.0,0.0,0.0
2026-02-23 09:45:00-05:00,4.800000190734863,4.96999979019165,4.789999961853027,4.920000076293945,1715450,0.0,0.0,0.0
2026-02-23 10:00:00-05:00,4.929999828338623,5.010000228881836,4.800099849700928,4.835000038146973,1924740,0.0,0.0,0.0
2026-02-23 10:15:00-05:00,4.839000225067139,4.900000095367432,4.78000020980835,4.809999942779541,1259592,0.0,0.0,0.0
2026-02-23 10:30:00-05:00,4.810500144958496,4.894999980926514,4.79010009765625,4.829800128936768,1210525,0.0,0.0,0.0
2026-02-23 10:45:00-05:00,4.829899787902832,4.829999923706055,4.71999979019165,4.735000133514404,845006,0.0,0.0,0.0
2026-02-23 11:00:00-05:00,4.730000019073486,4.735000133514404,4.590000152587891,4.599999904632568,2418512,0.0,0.0,0.0
2026-02-23 11:15:00-05:00,4.605000019073486,4.679999828338623,4.590000152587891,4.674699783325195,2033094,0.0,0.0,0.0
2026-02-23 11:30:00-05:00,4.675000190734863,4.71999979019165,4.650000095367432,4.695000171661377,1088956,0.0,0.0,0.0
2026-02-23 11:45:00-05:00,4.690000057220459,4.710000038146973,4.639999866485596,4.660099983215332,965788,0.0,0.0,0.0
2026-02-23 12:00:00-05:00,4.669899940490723,4.710000038146973,4.623700141906738,4.623700141906738,1024346,0.0,0.0,0.0
2026-02-23 12:15:00-05:00,4.625999927520752,4.650000095367432,4.605000019073486,4.619999885559082,1138791,0.0,0.0,0.0
2026-02-23 12:30:00-05:00,4.618000030517578,4.619900226593018,4.48859977722168,4.48859977722168,2409393,0.0,0.0,0.0
2026-02-23 12:45:00-05:00,4.485000133514404,4.55810022354126,4.440000057220459,4.539999961853027,1458872,0.0,0.0,0.0
2026-02-23 13:00:00-05:00,4.540299892425537,4.590000152587891,4.51230001449585,4.590000152587891,1069557,0.0,0.0,0.0
2026-02-23 13:15:00-05:00,4.585000038146973,4.590000152587891,4.5329999923706055,4.545000076293945,1075163,0.0,0.0,0.0
2026-02-23 13:30:00-05:00,4.545000076293945,4.65500020980835,4.53000020980835,4.610000133514404,1071203,0.0,0.0,0.0
2026-02-23 13:45:00-05:00,4.619999885559082,4.670000076293945,4.590000152587891,4.610000133514404,1018667,0.0,0.0,0.0
2026-02-23 14:00:00-05:00,4.610000133514404,4.664999961853027,4.603499889373779,4.630000114440918,948582,0.0,0.0,0.0
2026-02-23 14:15:00-05:00,4.630000114440918,4.6392998695373535,4.539999961853027,4.550000190734863,900014,0.0,0.0,0.0
2026-02-23 14:30:00-05:00,4.555699825286865,4.570000171661377,4.510000228881836,4.525000095367432,1147871,0.0,0.0,0.0
2026-02-23 14:45:00-05:00,4.534999847412109,4.650000095367432,4.5,4.596499919891357,875318,0.0,0.0,0.0
2026-02-23 15:00:00-05:00,4.585000038146973,4.619900226593018,4.525000095367432,4.525000095367432,1037710,0.0,0.0,0.0
2026-02-23 15:15:00-05:00,4.528500080108643,4.554999828338623,4.480000019073486,4.482699871063232,945255,0.0,0.0,0.0
2026-02-23 15:30:00-05:00,4.480000019073486,4.599999904632568,4.474999904632568,4.554999828338623,1744818,0.0,0.0,0.0
2026-02-23 15:45:00-05:00,4.554999828338623,4.565000057220459,4.489999771118164,4.5,912047,0.0,0.0,0.0
2026-02-24 09:30:00-05:00,4.349999904632568,4.429999828338623,4.114999771118164,4.389900207519531,5252566,0.0,0.0,0.0
2026-02-24 09:45:00-05:00,4.389999866485596,4.54010009765625,4.369999885559082,4.389999866485596,1842233,0.0,0.0,0.0
2026-02-24 10:00:00-05:00,4.385000228881836,4.5,4.340000152587891,4.498000144958496,865118,0.0,0.0,0.0
2026-02-24 10:15:00-05:00,4.494999885559082,4.579999923706055,4.474999904632568,4.570000171661377,1246268,0.0,0.0,0.0
2026-02-24 10:30:00-05:00,4.570000171661377,4.579999923706055,4.420000076293945,4.430099964141846,1251551,0.0,0.0,0.0
2026-02-24 10:45:00-05:00,4.429999828338623,4.494999885559082,4.409999847412109,4.460000038146973,836721,0.0,0.0,0.0
2026-02-24 11:00:00-05:00,4.460000038146973,4.550000190734863,4.460000038146973,4.460000038146973,1056466,0.0,0.0,0.0
2026-02-24 11:15:00-05:00,4.460000038146973,4.470200061798096,4.419899940490723,4.445000171661377,618406,0.0,0.0,0.0
2026-02-24 11:30:00-05:00,4.449999809265137,4.449999809265137,4.329999923706055,4.419000148773193,945843,0.0,0.0,0.0
2026-02-24 11:45:00-05:00,4.414999961853027,4.480000019073486,4.380000114440918,4.474999904632568,672371,0.0,0.0,0.0
2026-02-24 12:00:00-05:00,4.480000019073486,4.4899001121521,4.434999942779541,4.45989990234375,1078590,0.0,0.0,0.0
2026-02-24 12:15:00-05:00,4.460000038146973,4.460000038146973,4.409999847412109,4.409999847412109,586562,0.0,0.0,0.0
2026-02-24 12:30:00-05:00,4.411799907684326,4.48199987411499,4.411799907684326,4.451399803161621,413553,0.0,0.0,0.0
2026-02-24 12:45:00-05:00,4.460000038146973,4.519899845123291,4.449999809265137,4.507999897003174,432743,0.0,0.0,0.0
2026-02-24 13:00:00-05:00,4.5,4.545000076293945,4.440000057220459,4.440199851989746,617667,0.0,0.0,0.0
2026-02-24 13:15:00-05:00,4.440100193023682,4.539999961853027,4.434999942779541,4.53000020980835,1058493,0.0,0.0,0.0
2026-02-24 13:30:00-05:00,4.529799938201904,4.579999923706055,4.529799938201904,4.574999809265137,1303162,0.0,0.0,0.0
2026-02-24 13:45:00-05:00,4.574999809265137,4.659999847412109,4.574999809265137,4.614999771118164,1386528,0.0,0.0,0.0
2026-02-24 14:00:00-05:00,4.614999771118164,4.708899974822998,4.554999828338623,4.557000160217285,1771144,0.0,0.0,0.0
2026-02-24 14:15:00-05:00,4.554999828338623,4.579999923706055,4.489999771118164,4.561999797821045,1613910,0.0,0.0,0.0
2026-02-24 14:30:00-05:00,4.559999942779541,4.610000133514404,4.545000076293945,4.599999904632568,811264,0.0,0.0,0.0
2026-02-24 14:45:00-05:00,4.599999904632568,4.600100040435791,4.525000095367432,4.530300140380859,664656,0.0,0.0,0.0
2026-02-24 15:00:00-05:00,4.534999847412109,4.589900016784668,4.519999980926514,4.519999980926514,711634,0.0,0.0,0.0
2026-02-24 15:15:00-05:00,4.525000095367432,4.590000152587891,4.525000095367432,4.559999942779541,936616,0.0,0.0,0.0
2026-02-24 15:30:00-05:00,4.559999942779541,4.619999885559082,4.545000076293945,4.572000026702881,1404552,0.0,0.0,0.0
2026-02-24 15:45:00-05:00,4.574999809265137,4.610000133514404,4.539999961853027,4.559999942779541,685222,0.0,0.0,0.0
2026-02-25 09:30:00-05:00,4.949999809265137,5.090000152587891,4.880000114440918,4.920000076293945,7485280,0.0,0.0,0.0
2026-02-25 09:45:00-05:00,4.920000076293945,5.179999828338623,4.914999961853027,5.109899997711182,3080743,0.0,0.0,0.0
2026-02-25 10:00:00-05:00,5.105000019073486,5.1707000732421875,5.014999866485596,5.059899806976318,2567966,0.0,0.0,0.0
2026-02-25 10:15:00-05:00,5.050000190734863,5.0954999923706055,4.980000019073486,5.074999809265137,2155948,0.0,0.0,0.0
2026-02-25 10:30:00-05:00,5.079999923706055,5.190000057220459,5.054999828338623,5.171999931335449,2577161,0.0,0.0,0.0
2026-02-25 10:45:00-05:00,5.175000190734863,5.180099964141846,5.070000171661377,5.119900226593018,2866984,0.0,0.0,0.0
2026-02-25 11:00:00-05:00,5.114999771118164,5.170000076293945,5.090000152587891,5.144999980926514,1398563,0.0,0.0,0.0
2026-02-25 11:15:00-05:00,5.147200107574463,5.260000228881836,5.144999980926514,5.235000133514404,2052399,0.0,0.0,0.0
2026-02-25 11:30:00-05:00,5.231400012969971,5.28000020980835,5.231400012969971,5.265100002288818,2090378,0.0,0.0,0.0
2026-02-25 11:45:00-05:00,5.264999866485596,5.309999942779541,5.21999979019165,5.304999828338623,2024673,0.0,0.0,0.0
2026-02-25 12:00:00-05:00,5.304999828338623,5.349999904632568,5.235000133514404,5.339900016784668,2515303,0.0,0.0,0.0
2026-02-25 12:15:00-05:00,5.329999923706055,5.349999904632568,5.28000020980835,5.329999923706055,1716764,0.0,0.0,0.0
2026-02-25 12:30:00-05:00,5.324999809265137,5.389999866485596,5.310100078582764,5.369999885559082,1536797,0.0,0.0,0.0
2026-02-25 12:45:00-05:00,5.375,5.400000095367432,5.349999904632568,5.369999885559082,1003739,0.0,0.0,0.0
2026-02-25 13:00:00-05:00,5.369999885559082,5.419899940490723,5.320000171661377,5.385000228881836,1060356,0.0,0.0,0.0
2026-02-25 13:15:00-05:00,5.385000228881836,5.449999809265137,5.324999809265137,5.440000057220459,992772,0.0,0.0,0.0
2026-02-25 13:30:00-05:00,5.445199966430664,5.53000020980835,5.429999828338623,5.514999866485596,1386151,0.0,0.0,0.0
2026-02-25 13:45:00-05:00,5.519000053405762,5.520199775695801,5.470099925994873,5.485000133514404,1577085,0.0,0.0,0.0
2026-02-25 14:00:00-05:00,5.485000133514404,5.5,5.369999885559082,5.385000228881836,1490867,0.0,0.0,0.0
2026-02-25 14:15:00-05:00,5.380099773406982,5.425000190734863,5.360000133514404,5.393700122833252,1534210,0.0,0.0,0.0
2026-02-25 14:30:00-05:00,5.394999980926514,5.409999847412109,5.341000080108643,5.394999980926514,1121110,0.0,0.0,0.0
2026-02-25 14:45:00-05:00,5.400000095367432,5.462100028991699,5.400000095367432,5.425000190734863,1432475,0.0,0.0,0.0
2026-02-25 15:00:00-05:00,5.425000190734863,5.429999828338623,5.340099811553955,5.349999904632568,880245,0.0,0.0,0.0
2026-02-25 15:15:00-05:00,5.349999904632568,5.389999866485596,5.324999809265137,5.335000038146973,1714980,0.0,0.0,0.0
2026-02-25 15:30:00-05:00,5.329999923706055,5.380000114440918,5.320099830627441,5.375,1924892,0.0,0.0,0.0
2026-02-25 15:45:00-05:00,5.369999885559082,5.429999828338623,5.349999904632568,5.355000019073486,2667450,0.0,0.0,0.0
2026-02-26 09:30:00-05:00,5.210000038146973,5.360000133514404,5.190000057220459,5.300000190734863,5013823,0.0,0.0,0.0
2026-02-26 09:45:00-05:00,5.289999961853027,5.309999942779541,5.139999866485596,5.309899806976318,2007847,0.0,0.0,0.0
2026-02-26 10:00:00-05:00,5.309299945831299,5.329999923706055,5.170000076293945,5.199999809265137,922203,0.0,0.0,0.0
2026-02-26 10:15:00-05:00,5.189899921417236,5.189899921417236,5.039899826049805,5.079999923706055,1763070,0.0,0.0,0.0
2026-02-26 10:30:00-05:00,5.079999923706055,5.239999771118164,5.019899845123291,5.21999979019165,1357019,0.0,0.0,0.0
2026-02-26 10:45:00-05:00,5.230000019073486,5.260000228881836,5.179999828338623,5.190000057220459,1670969,0.0,0.0,0.0
2026-02-26 11:00:00-05:00,5.199999809265137,5.204999923706055,5.081399917602539,5.159999847412109,1099427,0.0,0.0,0.0
2026-02-26 11:15:00-05:00,5.170000076293945,5.2399001121521,5.119999885559082,5.175000190734863,920628,0.0,0.0,0.0
2026-02-26 11:30:00-05:00,5.175000190734863,5.179699897766113,5.053199768066406,5.054999828338623,910878,0.0,0.0,0.0
2026-02-26 11:45:00-05:00,5.059999942779541,5.061699867248535,4.900000095367432,4.900100231170654,1167792,0.0,0.0,0.0
2026-02-26 12:00:00-05:00,4.900000095367432,4.980000019073486,4.900000095367432,4.909999847412109,980668,0.0,0.0,0.0
2026-02-26 12:15:00-05:00,4.914999961853027,4.954999923706055,4.880000114440918,4.929999828338623,799382,0.0,0.0,0.0
2026-02-26 12:30:00-05:00,4.929999828338623,4.994999885559082,4.889999866485596,4.894999980926514,899370,0.0,0.0,0.0
2026-02-26 12:45:00-05:00,4.890100002288818,4.900000095367432,4.824999809265137,4.839900016784668,890689,0.0,0.0,0.0
2026-02-26 13:00:00-05:00,4.829999923706055,4.860000133514404,4.810100078582764,4.849999904632568,452350,0.0,0.0,0.0
2026-02-26 13:15:00-05:00,4.850100040435791,4.919899940490723,4.840000152587891,4.889999866485596,653513,0.0,0.0,0.0
2026-02-26 13:30:00-05:00,4.880000114440918,5.005000114440918,4.880000114440918,4.985000133514404,1044339,0.0,0.0,0.0
2026-02-26 13:45:00-05:00,4.985000133514404,5.0,4.929999828338623,4.95959997177124,546499,0.0,0.0,0.0
2026-02-26 14:00:00-05:00,4.949999809265137,5.109899997711182,4.945000171661377,5.098499774932861,841553,0.0,0.0,0.0
2026-02-26 14:15:00-05:00,5.099999904632568,5.178899765014648,5.090000152587891,5.119999885559082,830695,0.0,0.0,0.0
2026-02-26 14:30:00-05:00,5.114999771118164,5.20989990234375,5.110000133514404,5.144999980926514,788616,0.0,0.0,0.0
2026-02-26 14:45:00-05:00,5.150100231170654,5.184999942779541,5.100100040435791,5.110000133514404,495792,0.0,0.0,0.0
2026-02-26 15:00:00-05:00,5.110000133514404,5.25,5.110000133514404,5.175000190734863,1333331,0.0,0.0,0.0
2026-02-26 15:15:00-05:00,5.179999828338623,5.219399929046631,5.139900207519531,5.144999980926514,777719,0.0,0.0,0.0
2026-02-26 15:30:00-05:00,5.150000095367432,5.210000038146973,5.144999980926514,5.204999923706055,760533,0.0,0.0,0.0
2026-02-26 15:45:00-05:00,5.204999923706055,5.204999923706055,5.150000095367432,5.179999828338623,694007,0.0,0.0,0.0
2026-02-27 09:30:00-05:00,4.829999923706055,4.985000133514404,4.782599925994873,4.829999923706055,4717131,0.0,0.0,0.0
2026-02-27 09:45:00-05:00,4.820000171661377,4.864999771118164,4.781499862670898,4.815000057220459,1312288,0.0,0.0,0.0
2026-02-27 10:00:00-05:00,4.809999942779541,4.929999828338623,4.78000020980835,4.880000114440918,1091594,0.0,0.0,0.0
2026-02-27 10:15:00-05:00,4.879899978637695,4.949999809265137,4.840000152587891,4.926199913024902,1262146,0.0,0.0,0.0
2026-02-27 10:30:00-05:00,4.920000076293945,4.929999828338623,4.869999885559082,4.920000076293945,757898,0.0,0.0,0.0
2026-02-27 10:45:00-05:00,4.919899940490723,4.960000038146973,4.873000144958496,4.894999980926514,1170045,0.0,0.0,0.0
2026-02-27 11:00:00-05:00,4.900000095367432,4.909999847412109,4.789999961853027,4.819799900054932,816610,0.0,0.0,0.0
2026-02-27 11:15:00-05:00,4.820000171661377,4.920100212097168,4.810299873352051,4.90500020980835,965900,0.0,0.0,0.0
2026-02-27 11:30:00-05:00,4.90500020980835,4.949999809265137,4.815000057220459,4.84499979019165,1053114,0.0,0.0,0.0
2026-02-27 11:45:00-05:00,4.835000038146973,4.869999885559082,4.795000076293945,4.829999923706055,929581,0.0,0.0,0.0
2026-02-27 12:00:00-05:00,4.829999923706055,4.90500020980835,4.829999923706055,4.837299823760986,751012,0.0,0.0,0.0
2026-02-27 12:15:00-05:00,4.848599910736084,4.849999904632568,4.78000020980835,4.827199935913086,736057,0.0,0.0,0.0
2026-02-27 12:30:00-05:00,4.824999809265137,4.869800090789795,4.78000020980835,4.784999847412109,902998,0.0,0.0,0.0
2026-02-27 12:45:00-05:00,4.784999847412109,4.881999969482422,4.78000020980835,4.881999969482422,580133,0.0,0.0,0.0
2026-02-27 13:00:00-05:00,4.875,4.885700225830078,4.815000057220459,4.830100059509277,663582,0.0,0.0,0.0
2026-02-27 13:15:00-05:00,4.829999923706055,4.829999923706055,4.75,4.796299934387207,1074568,0.0,0.0,0.0
2026-02-27 13:30:00-05:00,4.799900054931641,4.840000152587891,4.784999847412109,4.820000171661377,418215,0.0,0.0,0.0
2026-02-27 13:45:00-05:00,4.820000171661377,4.820000171661377,4.76140022277832,4.787099838256836,362235,0.0,0.0,0.0
2026-02-27 14:00:00-05:00,4.78000020980835,4.835599899291992,4.759900093078613,4.760000228881836,589338,0.0,0.0,0.0
2026-02-27 14:15:00-05:00,4.760000228881836,4.820700168609619,4.740099906921387,4.79010009765625,306632,0.0,0.0,0.0
2026-02-27 14:30:00-05:00,4.789999961853027,4.815000057220459,4.760000228881836,4.760000228881836,326425,0.0,0.0,0.0
2026-02-27 14:45:00-05:00,4.769999980926514,4.800000190734863,4.760000228881836,4.769999980926514,615355,0.0,0.0,0.0
2026-02-27 15:00:00-05:00,4.763700008392334,4.869999885559082,4.760000228881836,4.860000133514404,513743,0.0,0.0,0.0
2026-02-27 15:15:00-05:00,4.869999885559082,4.908899784088135,4.820000171661377,4.821400165557861,1239518,0.0,0.0,0.0
2026-02-27 15:30:00-05:00,4.824999809265137,4.849999904632568,4.789999961853027,4.835000038146973,826056,0.0,0.0,0.0
2026-02-27 15:45:00-05:00,4.840000152587891,4.889999866485596,4.809999942779541,4.889999866485596,911607,0.0,0.0,0.0
2026-03-02 09:30:00-05:00,4.835000038146973,5.260000228881836,4.820000171661377,5.230000019073486,6614945,0.0,0.0,0.0
2026-03-02 09:45:00-05:00,5.230000019073486,5.230000019073486,5.080699920654297,5.179900169372559,2748666,0.0,0.0,0.0
2026-03-02 10:00:00-05:00,5.170000076293945,5.440000057220459,5.130199909210205,5.440000057220459,2878273,0.0,0.0,0.0
2026-03-02 10:15:00-05:00,5.440000057220459,5.499899864196777,5.369999885559082,5.394999980926514,2684096,0.0,0.0,0.0
2026-03-02 10:30:00-05:00,5.394999980926514,5.635000228881836,5.329999923706055,5.610000133514404,3096044,0.0,0.0,0.0
2026-03-02 10:45:00-05:00,5.600299835205078,5.639999866485596,5.519999980926514,5.534999847412109,2393136,0.0,0.0,0.0
2026-03-02 11:00:00-05:00,5.53000020980835,5.659999847412109,5.46999979019165,5.579999923706055,2282862,0.0,0.0,0.0
2026-03-02 11:15:00-05:00,5.585000038146973,5.605000019073486,5.474999904632568,5.491300106048584,1482768,0.0,0.0,0.0
2026-03-02 11:30:00-05:00,5.489999771118164,5.589900016784668,5.440000057220459,5.570000171661377,1733484,0.0,0.0,0.0
2026-03-02 11:45:00-05:00,5.579800128936768,5.619999885559082,5.486999988555908,5.486999988555908,1772280,0.0,0.0,0.0
2026-03-02 12:00:00-05:00,5.489999771118164,5.53000020980835,5.429999828338623,5.460000038146973,1464136,0.0,0.0,0.0
2026-03-02 12:15:00-05:00,5.452000141143799,5.495800018310547,5.420000076293945,5.454999923706055,1253721,0.0,0.0,0.0
2026-03-02 12:30:00-05:00,5.460000038146973,5.474999904632568,5.380199909210205,5.400000095367432,1114575,0.0,0.0,0.0
2026-03-02 12:45:00-05:00,5.40500020980835,5.429999828338623,5.380000114440918,5.40500020980835,966381,0.0,0.0,0.0
2026-03-02 13:00:00-05:00,5.409999847412109,5.427365779876709,5.350100040435791,5.394999980926514,1069981,0.0,0.0,0.0
2026-03-02 13:15:00-05:00,5.394999980926514,5.420000076293945,5.355000019073486,5.400000095367432,1166548,0.0,0.0,0.0
2026-03-02 13:30:00-05:00,5.40500020980835,5.465000152587891,5.3942999839782715,5.465000152587891,1174746,0.0,0.0,0.0
2026-03-02 13:45:00-05:00,5.46999979019165,5.4899001121521,5.400000095367432,5.465199947357178,1802719,0.0,0.0,0.0
2026-03-02 14:00:00-05:00,5.465000152587891,5.465000152587891,5.364999771118164,5.402900218963623,1648388,0.0,0.0,0.0
2026-03-02 14:15:00-05:00,5.409999847412109,5.456699848175049,5.394999980926514,5.425000190734863,1627601,0.0,0.0,0.0
2026-03-02 14:30:00-05:00,5.420000076293945,5.489999771118164,5.40500020980835,5.474999904632568,1126684,0.0,0.0,0.0
2026-03-02 14:45:00-05:00,5.474999904632568,5.516499996185303,5.453700065612793,5.46999979019165,1748246,0.0,0.0,0.0
2026-03-02 15:00:00-05:00,5.465000152587891,5.519899845123291,5.355000019073486,5.409999847412109,1316113,0.0,0.0,0.0
2026-03-02 15:15:00-05:00,5.409999847412109,5.494999885559082,5.394999980926514,5.46999979019165,1351680,0.0,0.0,0.0
2026-03-02 15:30:00-05:00,5.460000038146973,5.489999771118164,5.440000057220459,5.465000152587891,1020975,0.0,0.0,0.0
2026-03-02 15:45:00-05:00,5.465000152587891,5.559999942779541,5.449999809265137,5.480000019073486,2712805,0.0,0.0,0.0
2026-03-03 09:30:00-05:00,5.130000114440918,5.158599853515625,4.881999969482422,4.90500020980835,8471230,0.0,0.0,0.0
2026-03-03 09:45:00-05:00,4.900000095367432,4.947999954223633,4.800000190734863,4.815000057220459,2313573,0.0,0.0,0.0
2026-03-03 10:00:00-05:00,4.815000057220459,4.909299850463867,4.78000020980835,4.855000019073486,1662982,0.0,0.0,0.0
2026-03-03 10:15:00-05:00,4.855000019073486,4.885000228881836,4.695000171661377,4.704999923706055,1476974,0.0,0.0,0.0
2026-03-03 10:30:00-05:00,4.704999923706055,5.029900074005127,4.704999923706055,4.988999843597412,2212401,0.0,0.0,0.0
2026-03-03 10:45:00-05:00,5.0,5.119900226593018,4.999000072479248,5.110000133514404,2195546,0.0,0.0,0.0
2026-03-03 11:00:00-05:00,5.110000133514404,5.269999980926514,5.109499931335449,5.25,2201223,0.0,0.0,0.0
2026-03-03 11:15:00-05:00,5.255000114440918,5.340000152587891,5.175000190734863,5.295000076293945,1135758,0.0,0.0,0.0
2026-03-03 11:30:00-05:00,5.284999847412109,5.284999847412109,5.110000133514404,5.159999847412109,1234022,0.0,0.0,0.0
2026-03-03 11:45:00-05:00,5.179999828338623,5.289999961853027,5.173600196838379,5.221499919891357,1451063,0.0,0.0,0.0
2026-03-03 12:00:00-05:00,5.21999979019165,5.230000019073486,5.139999866485596,5.179900169372559,639786,0.0,0.0,0.0
2026-03-03 12:15:00-05:00,5.175000190734863,5.246300220489502,5.117700099945068,5.175000190734863,1105413,0.0,0.0,0.0
2026-03-03 12:30:00-05:00,5.170000076293945,5.183700084686279,5.070000171661377,5.169899940490723,1252416,0.0,0.0,0.0
2026-03-03 12:45:00-05:00,5.170000076293945,5.266600131988525,5.164999961853027,5.190000057220459,1033890,0.0,0.0,0.0
2026-03-03 13:00:00-05:00,5.190000057220459,5.249000072479248,5.135000228881836,5.159999847412109,824283,0.0,0.0,0.0
2026-03-03 13:15:00-05:00,5.159999847412109,5.319900035858154,5.159999847412109,5.269999980926514,1150893,0.0,0.0,0.0
2026-03-03 13:30:00-05:00,5.260000228881836,5.367099761962891,5.260000228881836,5.300000190734863,1181454,0.0,0.0,0.0
2026-03-03 13:45:00-05:00,5.300000190734863,5.340000152587891,5.260000228881836,5.309899806976318,788609,0.0,0.0,0.0
2026-03-03 14:00:00-05:00,5.320000171661377,5.320000171661377,5.21999979019165,5.244999885559082,519417,0.0,0.0,0.0
2026-03-03 14:15:00-05:00,5.239999771118164,5.329999923706055,5.230000019073486,5.25,937758,0.0,0.0,0.0
2026-03-03 14:30:00-05:00,5.25,5.329999923706055,5.210000038146973,5.269999980926514,666305,0.0,0.0,0.0
2026-03-03 14:45:00-05:00,5.275000095367432,5.309999942779541,5.220099925994873,5.225100040435791,729061,0.0,0.0,0.0
2026-03-03 15:00:00-05:00,5.21999979019165,5.280099868774414,5.159999847412109,5.170000076293945,658343,0.0,0.0,0.0
2026-03-03 15:15:00-05:00,5.159999847412109,5.230000019073486,5.150199890136719,5.195000171661377,800187,0.0,0.0,0.0
2026-03-03 15:30:00-05:00,5.190000057220459,5.260000228881836,5.189899921417236,5.23859977722168,429903,0.0,0.0,0.0
2026-03-03 15:45:00-05:00,5.237100124359131,5.240699768066406,5.059999942779541,5.070000171661377,693080,0.0,0.0,0.0
2026-03-04 09:30:00-05:00,5.929999828338623,6.059999942779541,5.809999942779541,5.810299873352051,12553580,0.0,0.0,0.0
2026-03-04 09:45:00-05:00,5.809999942779541,6.039999961853027,5.800000190734863,5.954999923706055,2935645,0.0,0.0,0.0
2026-03-04 10:00:00-05:00,5.960000038146973,6.090000152587891,5.909999847412109,5.994999885559082,2467481,0.0,0.0,0.0
2026-03-04 10:15:00-05:00,5.994999885559082,6.199999809265137,5.990099906921387,6.195000171661377,1852670,0.0,0.0,0.0
2026-03-04 10:30:00-05:00,6.195000171661377,6.199999809265137,6.09499979019165,6.135000228881836,1646877,0.0,0.0,0.0
2026-03-04 10:45:00-05:00,6.139999866485596,6.360000133514404,6.139999866485596,6.324999809265137,2845624,0.0,0.0,0.0
2026-03-04 11:00:00-05:00,6.329899787902832,6.340000152587891,6.180099964141846,6.210000038146973,2029859,0.0,0.0,0.0
2026-03-04 11:15:00-05:00,6.210100173950195,6.284999847412109,6.105000019073486,6.220099925994873,1407215,0.0,0.0,0.0
2026-03-04 11:30:00-05:00,6.219699859619141,6.260000228881836,6.150000095367432,6.208799839019775,1217685,0.0,0.0,0.0
2026-03-04 11:45:00-05:00,6.199999809265137,6.304999828338623,6.179999828338623,6.289999961853027,1049034,0.0,0.0,0.0
2026-03-04 12:00:00-05:00,6.295000076293945,6.340000152587891,6.275000095367432,6.315000057220459,1694290,0.0,0.0,0.0
2026-03-04 12:15:00-05:00,6.309999942779541,6.329999923706055,6.150000095367432,6.176199913024902,1663628,0.0,0.0,0.0
2026-03-04 12:30:00-05:00,6.179999828338623,6.21999979019165,6.149899959564209,6.17549991607666,1158970,0.0,0.0,0.0
2026-03-04 12:45:00-05:00,6.175000190734863,6.237100124359131,6.150000095367432,6.159999847412109,1548577,0.0,0.0,0.0
2026-03-04 13:00:00-05:00,6.159999847412109,6.184999942779541,6.099999904632568,6.150000095367432,795859,0.0,0.0,0.0
2026-03-04 13:15:00-05:00,6.140100002288818,6.199999809265137,6.110000133514404,6.190000057220459,638800,0.0,0.0,0.0
2026-03-04 13:30:00-05:00,6.184999942779541,6.215000152587891,6.1524882316589355,6.215000152587891,827929,0.0,0.0,0.0
2026-03-04 13:45:00-05:00,6.211699962615967,6.2399001121521,6.130000114440918,6.15500020980835,617823,0.0,0.0,0.0
2026-03-04 14:00:00-05:00,6.150000095367432,6.229899883270264,6.140100002288818,6.210000038146973,1504041,0.0,0.0,0.0
2026-03-04 14:15:00-05:00,6.20989990234375,6.289999961853027,6.189899921417236,6.189899921417236,1329521,0.0,0.0,0.0
2026-03-04 14:30:00-05:00,6.181600093841553,6.228600025177002,6.169899940490723,6.199999809265137,978191,0.0,0.0,0.0
2026-03-04 14:45:00-05:00,6.1971001625061035,6.260000228881836,6.159999847412109,6.215000152587891,1211874,0.0,0.0,0.0
2026-03-04 15:00:00-05:00,6.215000152587891,6.21999979019165,6.130000114440918,6.170100212097168,1075039,0.0,0.0,0.0
2026-03-04 15:15:00-05:00,6.175000190734863,6.269999980926514,6.175000190734863,6.222700119018555,1164231,0.0,0.0,0.0
2026-03-04 15:30:00-05:00,6.224999904632568,6.249300003051758,6.170000076293945,6.215000152587891,1373512,0.0,0.0,0.0
2026-03-04 15:45:00-05:00,6.215000152587891,6.215000152587891,6.099999904632568,6.119999885559082,2283873,0.0,0.0,0.0
2026-03-05 09:30:00-05:00,6.0,6.105000019073486,5.869999885559082,5.885000228881836,11039654,0.0,0.0,0.0
2026-03-05 09:45:00-05:00,5.885000228881836,6.050000190734863,5.840099811553955,6.019999980926514,2469590,0.0,0.0,0.0
2026-03-05 10:00:00-05:00,6.03000020980835,6.099999904632568,5.804999828338623,5.824999809265137,2292011,0.0,0.0,0.0
2026-03-05 10:15:00-05:00,5.829899787902832,5.860000133514404,5.710000038146973,5.719900131225586,2002390,0.0,0.0,0.0
2026-03-05 10:30:00-05:00,5.719299793243408,5.769999980926514,5.650000095367432,5.715000152587891,1859722,0.0,0.0,0.0
2026-03-05 10:45:00-05:00,5.715000152587891,5.784999847412109,5.690000057220459,5.735000133514404,1279413,0.0,0.0,0.0
2026-03-05 11:00:00-05:00,5.735000133514404,5.75,5.485000133514404,5.550000190734863,2527769,0.0,0.0,0.0
2026-03-05 11:15:00-05:00,5.545000076293945,5.590000152587891,5.5100998878479,5.568600177764893,922236,0.0,0.0,0.0
2026-03-05 11:30:00-05:00,5.565000057220459,5.730000019073486,5.554999828338623,5.639900207519531,1548200,0.0,0.0,0.0
2026-03-05 11:45:00-05:00,5.644999980926514,5.699999809265137,5.64139986038208,5.659999847412109,1076721,0.0,0.0,0.0
2026-03-05 12:00:00-05:00,5.659999847412109,5.770299911499023,5.640100002288818,5.719900131225586,1140754,0.0,0.0,0.0
2026-03-05 12:15:00-05:00,5.719900131225586,5.719900131225586,5.579999923706055,5.619999885559082,1083708,0.0,0.0,0.0
2026-03-05 12:30:00-05:00,5.619999885559082,5.619999885559082,5.491399765014648,5.494999885559082,956690,0.0,0.0,0.0
2026-03-05 12:45:00-05:00,5.494999885559082,5.5,5.400000095367432,5.454999923706055,1484284,0.0,0.0,0.0
2026-03-05 13:00:00-05:00,5.445000171661377,5.579999923706055,5.429999828338623,5.561399936676025,1404254,0.0,0.0,0.0
2026-03-05 13:15:00-05:00,5.559999942779541,5.579999923706055,5.480000019073486,5.5,1133731,0.0,0.0,0.0
2026-03-05 13:30:00-05:00,5.489999771118164,5.554999828338623,5.4899001121521,5.536900043487549,687788,0.0,0.0,0.0
2026-03-05 13:45:00-05:00,5.534999847412109,5.579999923706055,5.480000019073486,5.565000057220459,992053,0.0,0.0,0.0
2026-03-05 14:00:00-05:00,5.565000057220459,5.670000076293945,5.554999828338623,5.649899959564209,1829687,0.0,0.0,0.0
2026-03-05 14:15:00-05:00,5.639999866485596,5.670000076293945,5.554999828338623,5.579999923706055,1015957,0.0,0.0,0.0
2026-03-05 14:30:00-05:00,5.570000171661377,5.574999809265137,5.5,5.525000095367432,911226,0.0,0.0,0.0
2026-03-05 14:45:00-05:00,5.525000095367432,5.570000171661377,5.489999771118164,5.510000228881836,305526,0.0,0.0,0.0
2026-03-05 15:00:00-05:00,5.510000228881836,5.590000152587891,5.505000114440918,5.579999923706055,820812,0.0,0.0,0.0
2026-03-05 15:15:00-05:00,5.585000038146973,5.659999847412109,5.550000190734863,5.610000133514404,896852,0.0,0.0,0.0
2026-03-05 15:30:00-05:00,5.605000019073486,5.71999979019165,5.599999904632568,5.639999866485596,1184248,0.0,0.0,0.0
2026-03-05 15:45:00-05:00,5.650000095367432,5.65500020980835,5.550000190734863,5.559999942779541,759011,0.0,0.0,0.0
2026-03-06 09:30:00-05:00,5.139999866485596,5.269999980926514,5.135000228881836,5.190299987792969,7224420,0.0,0.0,0.0
2026-03-06 09:45:00-05:00,5.190000057220459,5.239999771118164,5.03000020980835,5.0690999031066895,1758489,0.0,0.0,0.0
2026-03-06 10:00:00-05:00,5.069900035858154,5.179999828338623,5.010000228881836,5.070300102233887,1540558,0.0,0.0,0.0
2026-03-06 10:15:00-05:00,5.086100101470947,5.25,5.060100078582764,5.139999866485596,1463563,0.0,0.0,0.0
2026-03-06 10:30:00-05:00,5.150000095367432,5.210000038146973,5.09499979019165,5.119999885559082,1076695,0.0,0.0,0.0
2026-03-06 10:45:00-05:00,5.110000133514404,5.118000030517578,4.980000019073486,5.079999923706055,1752531,0.0,0.0,0.0
2026-03-06 11:00:00-05:00,5.078999996185303,5.179900169372559,5.03980016708374,5.04610013961792,1365137,0.0,0.0,0.0
2026-03-06 11:15:00-05:00,5.050000190734863,5.130000114440918,5.045000076293945,5.105000019073486,696352,0.0,0.0,0.0
2026-03-06 11:30:00-05:00,5.099999904632568,5.179999828338623,5.063700199127197,5.159999847412109,785361,0.0,0.0,0.0
2026-03-06 11:45:00-05:00,5.159999847412109,5.199999809265137,5.130000114440918,5.175000190734863,716342,0.0,0.0,0.0
2026-03-06 12:00:00-05:00,5.179999828338623,5.190000057220459,5.110000133514404,5.130000114440918,631350,0.0,0.0,0.0
2026-03-06 12:15:00-05:00,5.135000228881836,5.190000057220459,5.090000152587891,5.149099826812744,590998,0.0,0.0,0.0
2026-03-06 12:30:00-05:00,5.150000095367432,5.176799774169922,5.020899772644043,5.079899787902832,732477,0.0,0.0,0.0
2026-03-06 12:45:00-05:00,5.078000068664551,5.099999904632568,5.050000190734863,5.070000171661377,798133,0.0,0.0,0.0
2026-03-06 13:00:00-05:00,5.079999923706055,5.17609977722168,5.074999809265137,5.166900157928467,769216,0.0,0.0,0.0
2026-03-06 13:15:00-05:00,5.160099983215332,5.1707000732421875,5.1097002029418945,5.110000133514404,329666,0.0,0.0,0.0
2026-03-06 13:30:00-05:00,5.110000133514404,5.159999847412109,5.092899799346924,5.130000114440918,641124,0.0,0.0,0.0
2026-03-06 13:45:00-05:00,5.130000114440918,5.130000114440918,5.059999942779541,5.059999942779541,441784,0.0,0.0,0.0
2026-03-06 14:00:00-05:00,5.065000057220459,5.129899978637695,5.045000076293945,5.1280999183654785,494291,0.0,0.0,0.0
2026-03-06 14:15:00-05:00,5.119999885559082,5.130000114440918,5.03000020980835,5.039999961853027,609747,0.0,0.0,0.0
2026-03-06 14:30:00-05:00,5.034999847412109,5.070000171661377,5.0,5.019999980926514,645567,0.0,0.0,0.0
2026-03-06 14:45:00-05:00,5.014999866485596,5.019999980926514,4.980000019073486,4.994999885559082,725435,0.0,0.0,0.0
2026-03-06 15:00:00-05:00,5.0,5.050000190734863,4.929999828338623,4.949900150299072,1324257,0.0,0.0,0.0
2026-03-06 15:15:00-05:00,4.949999809265137,5.010000228881836,4.910099983215332,4.980000019073486,788580,0.0,0.0,0.0
2026-03-06 15:30:00-05:00,4.980000019073486,5.090000152587891,4.980000019073486,5.054999828338623,1441388,0.0,0.0,0.0
2026-03-06 15:45:00-05:00,5.059999942779541,5.079999923706055,5.03000020980835,5.045000076293945,1434248,0.0,0.0,0.0
2026-03-09 09:30:00-04:00,5.21999979019165,5.458199977874756,5.21999979019165,5.449999809265137,6595377,0.0,0.0,0.0
2026-03-09 09:45:00-04:00,5.454999923706055,5.489999771118164,5.260000228881836,5.289999961853027,2362764,0.0,0.0,0.0
2026-03-09 10:00:00-04:00,5.28000020980835,5.389999866485596,5.179999828338623,5.21999979019165,1470708,0.0,0.0,0.0
2026-03-09 10:15:00-04:00,5.21999979019165,5.380000114440918,5.200099945068359,5.349899768829346,1315664,0.0,0.0,0.0
2026-03-09 10:30:00-04:00,5.34499979019165,5.434999942779541,5.339900016784668,5.434999942779541,1114870,0.0,0.0,0.0
2026-03-09 10:45:00-04:00,5.440000057220459,5.489999771118164,5.409999847412109,5.420000076293945,1306376,0.0,0.0,0.0
2026-03-09 11:00:00-04:00,5.420000076293945,5.449999809265137,5.369999885559082,5.409999847412109,824083,0.0,0.0,0.0
2026-03-09 11:15:00-04:00,5.420000076293945,5.480000019073486,5.394999980926514,5.445000171661377,591972,0.0,0.0,0.0
2026-03-09 11:30:00-04:00,5.449999809265137,5.5,5.320000171661377,5.336100101470947,1030062,0.0,0.0,0.0
2026-03-09 11:45:00-04:00,5.335000038146973,5.360000133514404,5.300000190734863,5.320000171661377,632184,0.0,0.0,0.0
2026-03-09 12:00:00-04:00,5.315000057220459,5.416100025177002,5.289999961853027,5.329999923706055,809880,0.0,0.0,0.0
2026-03-09 12:15:00-04:00,5.324999809265137,5.420000076293945,5.289999961853027,5.400000095367432,531155,0.0,0.0,0.0
2026-03-09 12:30:00-04:00,5.400000095367432,5.429999828338623,5.335000038146973,5.414999961853027,571955,0.0,0.0,0.0
2026-03-09 12:45:00-04:00,5.412300109863281,5.449999809265137,5.385000228881836,5.441699981689453,752174,0.0,0.0,0.0
2026-03-09 13:00:00-04:00,5.445000171661377,5.45989990234375,5.349999904632568,5.369999885559082,875778,0.0,0.0,0.0
2026-03-09 13:15:00-04:00,5.369999885559082,5.380000114440918,5.28000020980835,5.295000076293945,623444,0.0,0.0,0.0
2026-03-09 13:30:00-04:00,5.290200233459473,5.329999923706055,5.21999979019165,5.224999904632568,607945,0.0,0.0,0.0
2026-03-09 13:45:00-04:00,5.230000019073486,5.300000190734863,5.21999979019165,5.259900093078613,863304,0.0,0.0,0.0
2026-03-09 14:00:00-04:00,5.260000228881836,5.28000020980835,5.204999923706055,5.275000095367432,381450,0.0,0.0,0.0
2026-03-09 14:15:00-04:00,5.275000095367432,5.300000190734863,5.230000019073486,5.230000019073486,299539,0.0,0.0,0.0
2026-03-09 14:30:00-04:00,5.25,5.260000228881836,5.210000038146973,5.210000038146973,486402,0.0,0.0,0.0
2026-03-09 14:45:00-04:00,5.210000038146973,5.230000019073486,5.190000057220459,5.202099800109863,324668,0.0,0.0,0.0
2026-03-09 15:00:00-04:00,5.210000038146973,5.260000228881836,5.204999923706055,5.244999885559082,460051,0.0,0.0,0.0
2026-03-09 15:15:00-04:00,5.239999771118164,5.53000020980835,5.239999771118164,5.510000228881836,1513415,0.0,0.0,0.0
2026-03-09 15:30:00-04:00,5.505000114440918,5.539999961853027,5.434999942779541,5.480800151824951,1339101,0.0,0.0,0.0
2026-03-09 15:45:00-04:00,5.480000019073486,5.499800205230713,5.429999828338623,5.449999809265137,1348933,0.0,0.0,0.0
2026-03-10 09:30:00-04:00,5.679999828338623,5.699999809265137,5.330100059509277,5.355000019073486,7569881,0.0,0.0,0.0
2026-03-10 09:45:00-04:00,5.349999904632568,5.529799938201904,5.315000057220459,5.425000190734863,2182155,0.0,0.0,0.0
2026-03-10 10:00:00-04:00,5.420000076293945,5.469900131225586,5.25,5.255000114440918,1890426,0.0,0.0,0.0
2026-03-10 10:15:00-04:00,5.25,5.349999904632568,5.220099925994873,5.324999809265137,2001405,0.0,0.0,0.0
2026-03-10 10:30:00-04:00,5.320000171661377,5.440000057220459,5.309999942779541,5.414999961853027,1211839,0.0,0.0,0.0
2026-03-10 10:45:00-04:00,5.414999961853027,5.610000133514404,5.40500020980835,5.530099868774414,2258977,0.0,0.0,0.0
2026-03-10 11:00:00-04:00,5.546899795532227,5.599999904632568,5.46999979019165,5.570000171661377,1598967,0.0,0.0,0.0
2026-03-10 11:15:00-04:00,5.569900035858154,5.626699924468994,5.519999980926514,5.590099811553955,1223463,0.0,0.0,0.0
2026-03-10 11:30:00-04:00,5.590000152587891,5.619900226593018,5.519999980926514,5.589900016784668,1404806,0.0,0.0,0.0
2026-03-10 11:45:00-04:00,5.590000152587891,5.619999885559082,5.530099868774414,5.59499979019165,1295520,0.0,0.0,0.0
2026-03-10 12:00:00-04:00,5.590000152587891,5.610000133514404,5.53000020980835,5.577899932861328,823873,0.0,0.0,0.0
2026-03-10 12:15:00-04:00,5.579999923706055,5.690000057220459,5.579999923706055,5.599999904632568,1314362,0.0,0.0,0.0
2026-03-10 12:30:00-04:00,5.610000133514404,5.679999828338623,5.599999904632568,5.675000190734863,417014,0.0,0.0,0.0
2026-03-10 12:45:00-04:00,5.675000190734863,5.71999979019165,5.623000144958496,5.678100109100342,785858,0.0,0.0,0.0
2026-03-10 13:00:00-04:00,5.679999828338623,5.690000057220459,5.620100021362305,5.620100021362305,851221,0.0,0.0,0.0
2026-03-10 13:15:00-04:00,5.625,5.659999847412109,5.579999923706055,5.579999923706055,801854,0.0,0.0,0.0
2026-03-10 13:30:00-04:00,5.571499824523926,5.59499979019165,5.449999809265137,5.510000228881836,1012368,0.0,0.0,0.0
2026-03-10 13:45:00-04:00,5.509900093078613,5.610000133514404,5.490099906921387,5.53000020980835,727710,0.0,0.0,0.0
2026-03-10 14:00:00-04:00,5.527299880981445,5.550000190734863,5.400100231170654,5.40500020980835,729629,0.0,0.0,0.0
2026-03-10 14:15:00-04:00,5.401000022888184,5.468599796295166,5.389999866485596,5.429900169372559,957092,0.0,0.0,0.0
2026-03-10 14:30:00-04:00,5.420100212097168,5.514999866485596,5.409999847412109,5.434999942779541,1084741,0.0,0.0,0.0
2026-03-10 14:45:00-04:00,5.429999828338623,5.489999771118164,5.420000076293945,5.440000057220459,848774,0.0,0.0,0.0
2026-03-10 15:00:00-04:00,5.445000171661377,5.494999885559082,5.420000076293945,5.464200019836426,1549340,0.0,0.0,0.0
2026-03-10 15:15:00-04:00,5.46999979019165,5.539999961853027,5.449999809265137,5.470099925994873,1103655,0.0,0.0,0.0
2026-03-10 15:30:00-04:00,5.460000038146973,5.489999771118164,5.389999866485596,5.454999923706055,1098249,0.0,0.0,0.0
2026-03-10 15:45:00-04:00,5.460000038146973,5.46999979019165,5.389999866485596,5.409999847412109,784164,0.0,0.0,0.0
2026-03-11 09:30:00-04:00,5.519999980926514,5.735000133514404,5.514999866485596,5.570000171661377,6076522,0.0,0.0,0.0
2026-03-11 09:45:00-04:00,5.565000057220459,5.599999904632568,5.429999828338623,5.4899001121521,2287313,0.0,0.0,0.0
2026-03-11 10:00:00-04:00,5.485000133514404,5.550000190734863,5.340000152587891,5.437300205230713,1970494,0.0,0.0,0.0
2026-03-11 10:15:00-04:00,5.440000057220459,5.5,5.400000095367432,5.489999771118164,1049603,0.0,0.0,0.0
2026-03-11 10:30:00-04:00,5.489699840545654,5.590000152587891,5.409999847412109,5.539999961853027,1581672,0.0,0.0,0.0
2026-03-11 10:45:00-04:00,5.560100078582764,5.560100078582764,5.369999885559082,5.389999866485596,1628578,0.0,0.0,0.0
2026-03-11 11:00:00-04:00,5.389999866485596,5.440000057220459,5.300000190734863,5.339900016784668,1742000,0.0,0.0,0.0
2026-03-11 11:15:00-04:00,5.329999923706055,5.369900226593018,5.275000095367432,5.275000095367432,970208,0.0,0.0,0.0
2026-03-11 11:30:00-04:00,5.275000095367432,5.275199890136719,5.179999828338623,5.199999809265137,1443711,0.0,0.0,0.0
2026-03-11 11:45:00-04:00,5.199999809265137,5.300000190734863,5.140100002288818,5.24970006942749,1670218,0.0,0.0,0.0
2026-03-11 12:00:00-04:00,5.249899864196777,5.339900016784668,5.235000133514404,5.300000190734863,1308341,0.0,0.0,0.0
2026-03-11 12:15:00-04:00,5.310100078582764,5.340000152587891,5.269999980926514,5.335000038146973,889526,0.0,0.0,0.0
2026-03-11 12:30:00-04:00,5.3302998542785645,5.440000057220459,5.329999923706055,5.420000076293945,1618594,0.0,0.0,0.0
2026-03-11 12:45:00-04:00,5.410099983215332,5.420499801635742,5.360000133514404,5.369999885559082,888220,0.0,0.0,0.0
2026-03-11 13:00:00-04:00,5.375,5.442299842834473,5.350100040435791,5.420000076293945,724991,0.0,0.0,0.0
2026-03-11 13:15:00-04:00,5.420000076293945,5.489999771118164,5.385000228881836,5.480000019073486,797529,0.0,0.0,0.0
2026-03-11 13:30:00-04:00,5.485000133514404,5.5,5.284999847412109,5.380000114440918,930211,0.0,0.0,0.0
2026-03-11 13:45:00-04:00,5.380000114440918,5.389999866485596,5.320000171661377,5.349999904632568,603615,0.0,0.0,0.0
2026-03-11 14:00:00-04:00,5.360000133514404,5.429999828338623,5.3403000831604,5.364999771118164,740897,0.0,0.0,0.0
2026-03-11 14:15:00-04:00,5.369999885559082,5.420000076293945,5.335000038146973,5.405200004577637,568447,0.0,0.0,0.0
2026-03-11 14:30:00-04:00,5.409999847412109,5.420000076293945,5.370100021362305,5.385000228881836,551257,0.0,0.0,0.0
2026-03-11 14:45:00-04:00,5.385000228881836,5.454999923706055,5.364999771118164,5.414999961853027,786334,0.0,0.0,0.0
2026-03-11 15:00:00-04:00,5.414999961853027,5.429900169372559,5.28000020980835,5.307600021362305,792811,0.0,0.0,0.0
2026-03-11 15:15:00-04:00,5.300000190734863,5.349899768829346,5.289999961853027,5.309899806976318,497672,0.0,0.0,0.0
2026-03-11 15:30:00-04:00,5.309999942779541,5.40500020980835,5.30649995803833,5.394999980926514,725382,0.0,0.0,0.0
2026-03-11 15:45:00-04:00,5.389999866485596,5.400000095367432,5.375,5.400000095367432,623254,0.0,0.0,0.0
2026-03-12 09:30:00-04:00,5.289999961853027,5.414999961853027,5.260000228881836,5.309999942779541,4724198,0.0,0.0,0.0
2026-03-12 09:45:00-04:00,5.309999942779541,5.324999809265137,5.119999885559082,5.175000190734863,1698967,0.0,0.0,0.0
2026-03-12 10:00:00-04:00,5.175000190734863,5.269999980926514,5.170000076293945,5.239999771118164,1956938,0.0,0.0,0.0
2026-03-12 10:15:00-04:00,5.240099906921387,5.289999961853027,5.090099811553955,5.100100040435791,2433513,0.0,0.0,0.0
2026-03-12 10:30:00-04:00,5.099999904632568,5.119999885559082,5.039999961853027,5.090000152587891,1790617,0.0,0.0,0.0
2026-03-12 10:45:00-04:00,5.09499979019165,5.150000095367432,5.0,5.039700031280518,2038428,0.0,0.0,0.0
2026-03-12 11:00:00-04:00,5.034999847412109,5.167500019073486,5.034999847412109,5.090000152587891,1609381,0.0,0.0,0.0
2026-03-12 11:15:00-04:00,5.097899913787842,5.239999771118164,5.0802998542785645,5.211699962615967,1495682,0.0,0.0,0.0
2026-03-12 11:30:00-04:00,5.210000038146973,5.315000057220459,5.179800033569336,5.260000228881836,1620728,0.0,0.0,0.0
2026-03-12 11:45:00-04:00,5.260000228881836,5.300000190734863,5.21999979019165,5.260000228881836,691761,0.0,0.0,0.0
2026-03-12 12:00:00-04:00,5.255000114440918,5.269999980926514,5.110000133514404,5.15749979019165,895230,0.0,0.0,0.0
2026-03-12 12:15:00-04:00,5.150000095367432,5.257500171661377,5.150000095367432,5.150199890136719,850816,0.0,0.0,0.0
2026-03-12 12:30:00-04:00,5.150000095367432,5.269999980926514,5.150000095367432,5.25,664427,0.0,0.0,0.0
2026-03-12 12:45:00-04:00,5.244999885559082,5.269999980926514,5.210000038146973,5.235000133514404,424929,0.0,0.0,0.0
2026-03-12 13:00:00-04:00,5.230000019073486,5.28000020980835,5.204999923706055,5.224999904632568,832934,0.0,0.0,0.0
2026-03-12 13:15:00-04:00,5.21999979019165,5.239999771118164,5.160099983215332,5.199999809265137,434020,0.0,0.0,0.0
2026-03-12 13:30:00-04:00,5.199999809265137,5.240099906921387,5.199999809265137,5.204999923706055,547877,0.0,0.0,0.0
2026-03-12 13:45:00-04:00,5.199999809265137,5.239999771118164,5.135000228881836,5.170000076293945,577434,0.0,0.0,0.0
2026-03-12 14:00:00-04:00,5.169899940490723,5.215000152587891,5.1442999839782715,5.170000076293945,478938,0.0,0.0,0.0
2026-03-12 14:15:00-04:00,5.170000076293945,5.190000057220459,5.110000133514404,5.159999847412109,743146,0.0,0.0,0.0
2026-03-12 14:30:00-04:00,5.160099983215332,5.179999828338623,5.130000114440918,5.138500213623047,216113,0.0,0.0,0.0
2026-03-12 14:45:00-04:00,5.130000114440918,5.159999847412109,5.09499979019165,5.100100040435791,460721,0.0,0.0,0.0
2026-03-12 15:00:00-04:00,5.110000133514404,5.170000076293945,5.110000133514404,5.164999961853027,664079,0.0,0.0,0.0
2026-03-12 15:15:00-04:00,5.164999961853027,5.21999979019165,5.164999961853027,5.210000038146973,666171,0.0,0.0,0.0
2026-03-12 15:30:00-04:00,5.210000038146973,5.309999942779541,5.210000038146973,5.295000076293945,1363568,0.0,0.0,0.0
2026-03-12 15:45:00-04:00,5.295000076293945,5.324999809265137,5.242300033569336,5.309999942779541,1269631,0.0,0.0,0.0
2026-03-13 09:30:00-04:00,5.800000190734863,6.0,5.710000038146973,5.820000171661377,10766357,0.0,0.0,0.0
2026-03-13 09:45:00-04:00,5.824999809265137,5.880000114440918,5.769999980926514,5.860000133514404,2376609,0.0,0.0,0.0
2026-03-13 10:00:00-04:00,5.860000133514404,5.914999961853027,5.730000019073486,5.864999771118164,2358034,0.0,0.0,0.0
2026-03-13 10:15:00-04:00,5.864999771118164,6.019999980926514,5.815000057220459,6.0,2723565,0.0,0.0,0.0
2026-03-13 10:30:00-04:00,6.000100135803223,6.065000057220459,5.860099792480469,5.860099792480469,2530144,0.0,0.0,0.0
2026-03-13 10:45:00-04:00,5.860000133514404,5.889999866485596,5.71999979019165,5.730000019073486,1871750,0.0,0.0,0.0
2026-03-13 11:00:00-04:00,5.730100154876709,5.840000152587891,5.659999847412109,5.8302998542785645,1755584,0.0,0.0,0.0
2026-03-13 11:15:00-04:00,5.835000038146973,5.891300201416016,5.744100093841553,5.749899864196777,1855593,0.0,0.0,0.0
2026-03-13 11:30:00-04:00,5.75,5.830999851226807,5.664999961853027,5.690000057220459,1270150,0.0,0.0,0.0
2026-03-13 11:45:00-04:00,5.699900150299072,5.75,5.630000114440918,5.650400161743164,1086315,0.0,0.0,0.0
2026-03-13 12:00:00-04:00,5.659999847412109,5.699999809265137,5.539999961853027,5.579999923706055,1338204,0.0,0.0,0.0
2026-03-13 12:15:00-04:00,5.574999809265137,5.589900016784668,5.460000038146973,5.510200023651123,1457522,0.0,0.0,0.0
2026-03-13 12:30:00-04:00,5.519999980926514,5.629000186920166,5.519899845123291,5.599999904632568,1190912,0.0,0.0,0.0
2026-03-13 12:45:00-04:00,5.610000133514404,5.699999809265137,5.564499855041504,5.59119987487793,1069518,0.0,0.0,0.0
2026-03-13 13:00:00-04:00,5.605000019073486,5.625,5.550000190734863,5.590000152587891,931958,0.0,0.0,0.0
2026-03-13 13:15:00-04:00,5.599999904632568,5.639999866485596,5.520199775695801,5.539999961853027,1224273,0.0,0.0,0.0
2026-03-13 13:30:00-04:00,5.540299892425537,5.554999828338623,5.460000038146973,5.5,978176,0.0,0.0,0.0
2026-03-13 13:45:00-04:00,5.5,5.510000228881836,5.400000095367432,5.445000171661377,1154764,0.0,0.0,0.0
2026-03-13 14:00:00-04:00,5.445000171661377,5.489699840545654,5.420000076293945,5.454999923706055,741507,0.0,0.0,0.0
2026-03-13 14:15:00-04:00,5.449999809265137,5.46999979019165,5.400000095367432,5.46999979019165,870516,0.0,0.0,0.0
2026-03-13 14:30:00-04:00,5.465000152587891,5.510000228881836,5.450300216674805,5.4644999504089355,752934,0.0,0.0,0.0
2026-03-13 14:45:00-04:00,5.460000038146973,5.460000038146973,5.40500020980835,5.417200088500977,662300,0.0,0.0,0.0
2026-03-13 15:00:00-04:00,5.414999961853027,5.46999979019165,5.385000228881836,5.465000152587891,598398,0.0,0.0,0.0
2026-03-13 15:15:00-04:00,5.469900131225586,5.489999771118164,5.440000057220459,5.449999809265137,711683,0.0,0.0,0.0
2026-03-13 15:30:00-04:00,5.45989990234375,5.531300067901611,5.454999923706055,5.514999866485596,609912,0.0,0.0,0.0
2026-03-13 15:45:00-04:00,5.510000228881836,5.549799919128418,5.46999979019165,5.480000019073486,1404692,0.0,0.0,0.0
2026-03-16 09:30:00-04:00,5.920000076293945,6.090000152587891,5.90500020980835,5.994999885559082,7354176,0.0,0.0,0.0
2026-03-16 09:45:00-04:00,5.999899864196777,6.060299873352051,5.831399917602539,6.019999980926514,2610508,0.0,0.0,0.0
2026-03-16 10:00:00-04:00,6.019999980926514,6.144999980926514,5.980000019073486,6.110000133514404,2573493,0.0,0.0,0.0
2026-03-16 10:15:00-04:00,6.107399940490723,6.130000114440918,5.949999809265137,5.954999923706055,1591289,0.0,0.0,0.0
2026-03-16 10:30:00-04:00,5.949999809265137,5.9899001121521,5.860000133514404,5.89900016784668,1600799,0.0,0.0,0.0
2026-03-16 10:45:00-04:00,5.899899959564209,5.960000038146973,5.820000171661377,5.949999809265137,1106504,0.0,0.0,0.0
2026-03-16 11:00:00-04:00,5.960000038146973,5.965000152587891,5.889999866485596,5.955999851226807,806581,0.0,0.0,0.0
2026-03-16 11:15:00-04:00,5.949999809265137,6.005000114440918,5.901000022888184,5.960000038146973,1029169,0.0,0.0,0.0
2026-03-16 11:30:00-04:00,5.96999979019165,6.019999980926514,5.880000114440918,5.880000114440918,861607,0.0,0.0,0.0
2026-03-16 11:45:00-04:00,5.875,5.909999847412109,5.7600998878479,5.800000190734863,1399218,0.0,0.0,0.0
2026-03-16 12:00:00-04:00,5.800000190734863,5.900000095367432,5.789999961853027,5.8302001953125,861022,0.0,0.0,0.0
2026-03-16 12:15:00-04:00,5.835000038146973,5.849999904632568,5.76140022277832,5.789999961853027,730676,0.0,0.0,0.0
2026-03-16 12:30:00-04:00,5.789999961853027,5.909999847412109,5.769999980926514,5.900000095367432,868373,0.0,0.0,0.0
2026-03-16 12:45:00-04:00,5.889100074768066,5.96999979019165,5.885000228881836,5.945000171661377,760116,0.0,0.0,0.0
2026-03-16 13:00:00-04:00,5.945000171661377,5.998799800872803,5.920000076293945,5.949999809265137,628553,0.0,0.0,0.0
2026-03-16 13:15:00-04:00,5.945000171661377,5.980100154876709,5.929999828338623,5.945000171661377,480815,0.0,0.0,0.0
2026-03-16 13:30:00-04:00,5.945000171661377,5.980000019073486,5.929900169372559,5.96999979019165,400658,0.0,0.0,0.0
2026-03-16 13:45:00-04:00,5.96999979019165,5.999899864196777,5.940000057220459,5.989999771118164,519838,0.0,0.0,0.0
2026-03-16 14:00:00-04:00,5.994999885559082,6.090000152587891,5.980100154876709,6.074999809265137,615061,0.0,0.0,0.0
2026-03-16 14:15:00-04:00,6.074999809265137,6.119999885559082,6.059999942779541,6.110099792480469,960339,0.0,0.0,0.0
2026-03-16 14:30:00-04:00,6.114999771118164,6.139999866485596,6.050000190734863,6.074999809265137,1011331,0.0,0.0,0.0
2026-03-16 14:45:00-04:00,6.071700096130371,6.071700096130371,5.989999771118164,5.994999885559082,456372,0.0,0.0,0.0
2026-03-16 15:00:00-04:00,6.0,6.125,5.965000152587891,6.085000038146973,904854,0.0,0.0,0.0
2026-03-16 15:15:00-04:00,6.079999923706055,6.114999771118164,6.040200233459473,6.085000038146973,473013,0.0,0.0,0.0
2026-03-16 15:30:00-04:00,6.085000038146973,6.108799934387207,6.054999828338623,6.070099830627441,601352,0.0,0.0,0.0
2026-03-16 15:45:00-04:00,6.079999923706055,6.110000133514404,6.050000190734863,6.099999904632568,1213068,0.0,0.0,0.0
2026-03-17 09:30:00-04:00,5.949999809265137,6.199999809265137,5.900000095367432,6.125,6410428,0.0,0.0,0.0
2026-03-17 09:45:00-04:00,6.119999885559082,6.170000076293945,6.053299903869629,6.119999885559082,1423243,0.0,0.0,0.0
2026-03-17 10:00:00-04:00,6.125,6.190000057220459,6.070000171661377,6.139999866485596,1073895,0.0,0.0,0.0
2026-03-17 10:15:00-04:00,6.135000228881836,6.199999809265137,6.119999885559082,6.160099983215332,724705,0.0,0.0,0.0
2026-03-17 10:30:00-04:00,6.164999961853027,6.299900054931641,6.150000095367432,6.269999980926514,1392677,0.0,0.0,0.0
2026-03-17 10:45:00-04:00,6.269999980926514,6.349999904632568,6.210000038146973,6.339799880981445,1194963,0.0,0.0,0.0
2026-03-17 11:00:00-04:00,6.329999923706055,6.429999828338623,6.260000228881836,6.270100116729736,1534911,0.0,0.0,0.0
2026-03-17 11:15:00-04:00,6.276100158691406,6.300000190734863,6.170000076293945,6.184999942779541,1141131,0.0,0.0,0.0
2026-03-17 11:30:00-04:00,6.190000057220459,6.230000019073486,6.079999923706055,6.119999885559082,938440,0.0,0.0,0.0
2026-03-17 11:45:00-04:00,6.110000133514404,6.179999828338623,6.085000038146973,6.140200138092041,826257,0.0,0.0,0.0
2026-03-17 12:00:00-04:00,6.150000095367432,6.247399806976318,6.135000228881836,6.206399917602539,722370,0.0,0.0,0.0
2026-03-17 12:15:00-04:00,6.200099945068359,6.315000057220459,6.189799785614014,6.260000228881836,939101,0.0,0.0,0.0
2026-03-17 12:30:00-04:00,6.260000228881836,6.307799816131592,6.230000019073486,6.300099849700928,564537,0.0,0.0,0.0
2026-03-17 12:45:00-04:00,6.289999961853027,6.309999942779541,6.255000114440918,6.289999961853027,692196,0.0,0.0,0.0
2026-03-17 13:00:00-04:00,6.289999961853027,6.329999923706055,6.239999771118164,6.28849983215332,441822,0.0,0.0,0.0
2026-03-17 13:15:00-04:00,6.280300140380859,6.355000019073486,6.275000095367432,6.320000171661377,703168,0.0,0.0,0.0
2026-03-17 13:30:00-04:00,6.329899787902832,6.400000095367432,6.324999809265137,6.349999904632568,448747,0.0,0.0,0.0
2026-03-17 13:45:00-04:00,6.355000019073486,6.480000019073486,6.34499979019165,6.420000076293945,923584,0.0,0.0,0.0
2026-03-17 14:00:00-04:00,6.420000076293945,6.420100212097168,6.360099792480469,6.3780999183654785,855988,0.0,0.0,0.0
2026-03-17 14:15:00-04:00,6.380000114440918,6.389999866485596,6.300000190734863,6.303299903869629,835374,0.0,0.0,0.0
2026-03-17 14:30:00-04:00,6.309999942779541,6.375,6.309999942779541,6.364999771118164,381786,0.0,0.0,0.0
2026-03-17 14:45:00-04:00,6.364999771118164,6.409900188446045,6.349999904632568,6.364999771118164,562592,0.0,0.0,0.0
2026-03-17 15:00:00-04:00,6.369999885559082,6.394999980926514,6.329999923706055,6.382199764251709,436644,0.0,0.0,0.0
2026-03-17 15:15:00-04:00,6.385000228881836,6.399899959564209,6.284999847412109,6.309999942779541,478358,0.0,0.0,0.0
2026-03-17 15:30:00-04:00,6.304999828338623,6.320000171661377,6.260000228881836,6.269999980926514,616315,0.0,0.0,0.0
2026-03-17 15:45:00-04:00,6.28000020980835,6.324999809265137,6.260000228881836,6.320000171661377,993471,0.0,0.0,0.0
2026-03-18 09:30:00-04:00,5.855000019073486,6.014999866485596,5.800000190734863,5.931000232696533,7998984,0.0,0.0,0.0
2026-03-18 09:45:00-04:00,5.940000057220459,5.958000183105469,5.815000057220459,5.909999847412109,2353908,0.0,0.0,0.0
2026-03-18 10:00:00-04:00,5.90500020980835,5.920000076293945,5.75,5.750999927520752,1518710,0.0,0.0,0.0
2026-03-18 10:15:00-04:00,5.755000114440918,5.804999828338623,5.679999828338623,5.690000057220459,1112651,0.0,0.0,0.0
2026-03-18 10:30:00-04:00,5.695000171661377,5.730000019073486,5.619999885559082,5.630000114440918,1248154,0.0,0.0,0.0
2026-03-18 10:45:00-04:00,5.623799800872803,5.659999847412109,5.599999904632568,5.622900009155273,1209744,0.0,0.0,0.0
2026-03-18 11:00:00-04:00,5.628399848937988,5.730000019073486,5.570000171661377,5.650000095367432,1858824,0.0,0.0,0.0
2026-03-18 11:15:00-04:00,5.649899959564209,5.690000057220459,5.61870002746582,5.635000228881836,675620,0.0,0.0,0.0
2026-03-18 11:30:00-04:00,5.635000228881836,5.699999809265137,5.619999885559082,5.6381001472473145,555785,0.0,0.0,0.0
2026-03-18 11:45:00-04:00,5.631899833679199,5.644999980926514,5.590000152587891,5.625699996948242,847238,0.0,0.0,0.0
2026-03-18 12:00:00-04:00,5.619999885559082,5.639999866485596,5.559999942779541,5.585000038146973,839689,0.0,0.0,0.0
2026-03-18 12:15:00-04:00,5.585000038146973,5.590000152587891,5.519999980926514,5.543600082397461,974483,0.0,0.0,0.0
2026-03-18 12:30:00-04:00,5.545000076293945,5.569799900054932,5.480000019073486,5.565000057220459,1042105,0.0,0.0,0.0
2026-03-18 12:45:00-04:00,5.565199851989746,5.570000171661377,5.531000137329102,5.539999961853027,1048978,0.0,0.0,0.0
2026-03-18 13:00:00-04:00,5.550000190734863,5.559999942779541,5.519999980926514,5.534999847412109,503503,0.0,0.0,0.0
2026-03-18 13:15:00-04:00,5.534999847412109,5.619132041931152,5.525000095367432,5.610000133514404,454798,0.0,0.0,0.0
2026-03-18 13:30:00-04:00,5.605000019073486,5.670000076293945,5.579999923706055,5.659999847412109,655945,0.0,0.0,0.0
2026-03-18 13:45:00-04:00,5.659900188446045,5.695000171661377,5.639999866485596,5.650000095367432,729719,0.0,0.0,0.0
2026-03-18 14:00:00-04:00,5.644999980926514,5.730000019073486,5.644999980926514,5.710000038146973,1062067,0.0,0.0,0.0
2026-03-18 14:15:00-04:00,5.699999809265137,5.700099945068359,5.619999885559082,5.659800052642822,492941,0.0,0.0,0.0
2026-03-18 14:30:00-04:00,5.65500020980835,5.730000019073486,5.630000114440918,5.678699970245361,733658,0.0,0.0,0.0
2026-03-18 14:45:00-04:00,5.670000076293945,5.670000076293945,5.494999885559082,5.519999980926514,1015759,0.0,0.0,0.0
2026-03-18 15:00:00-04:00,5.519999980926514,5.64139986038208,5.519999980926514,5.600735187530518,777826,0.0,0.0,0.0
2026-03-18 15:15:00-04:00,5.610000133514404,5.638599872589111,5.590000152587891,5.625,372695,0.0,0.0,0.0
2026-03-18 15:30:00-04:00,5.630000114440918,5.650000095367432,5.599999904632568,5.610000133514404,510695,0.0,0.0,0.0
2026-03-18 15:45:00-04:00,5.605000019073486,5.619999885559082,5.485000133514404,5.494999885559082,1203122,0.0,0.0,0.0
2026-03-19 09:30:00-04:00,5.050000190734863,5.190000057220459,4.909999847412109,5.159999847412109,6885359,0.0,0.0,0.0
2026-03-19 09:45:00-04:00,5.150000095367432,5.300000190734863,5.094799995422363,5.264999866485596,1910624,0.0,0.0,0.0
2026-03-19 10:00:00-04:00,5.269999980926514,5.320000171661377,5.175000190734863,5.210000038146973,1031045,0.0,0.0,0.0
2026-03-19 10:15:00-04:00,5.210000038146973,5.224999904632568,5.030300140380859,5.049900054931641,1448140,0.0,0.0,0.0
2026-03-19 10:30:00-04:00,5.050000190734863,5.179999828338623,5.050000190734863,5.139999866485596,1019270,0.0,0.0,0.0
2026-03-19 10:45:00-04:00,5.135000228881836,5.199900150299072,5.099999904632568,5.175000190734863,966983,0.0,0.0,0.0
2026-03-19 11:00:00-04:00,5.179999828338623,5.324999809265137,5.175000190734863,5.289999961853027,1380661,0.0,0.0,0.0
2026-03-19 11:15:00-04:00,5.284999847412109,5.320000171661377,5.123499870300293,5.135000228881836,866611,0.0,0.0,0.0
2026-03-19 11:30:00-04:00,5.131400108337402,5.137599945068359,5.070099830627441,5.089900016784668,911324,0.0,0.0,0.0
2026-03-19 11:45:00-04:00,5.085000038146973,5.199900150299072,5.059999942779541,5.150000095367432,994505,0.0,0.0,0.0
2026-03-19 12:00:00-04:00,5.150000095367432,5.199999809265137,5.120100021362305,5.150000095367432,1019739,0.0,0.0,0.0
2026-03-19 12:15:00-04:00,5.150000095367432,5.15500020980835,5.110000133514404,5.129899978637695,595877,0.0,0.0,0.0
2026-03-19 12:30:00-04:00,5.125,5.15500020980835,5.065000057220459,5.125,1003041,0.0,0.0,0.0
2026-03-19 12:45:00-04:00,5.125,5.130000114440918,5.039999961853027,5.077099800109863,627871,0.0,0.0,0.0
2026-03-19 13:00:00-04:00,5.077400207519531,5.090099811553955,4.980100154876709,5.010000228881836,1160777,0.0,0.0,0.0
2026-03-19 13:15:00-04:00,5.014999866485596,5.119999885559082,4.985000133514404,5.110000133514404,949906,0.0,0.0,0.0
2026-03-19 13:30:00-04:00,5.119999885559082,5.130000114440918,5.079999923706055,5.100100040435791,274228,0.0,0.0,0.0
2026-03-19 13:45:00-04:00,5.099999904632568,5.199999809265137,5.099999904632568,5.169899940490723,523588,0.0,0.0,0.0
2026-03-19 14:00:00-04:00,5.164999961853027,5.224999904632568,5.159999847412109,5.202499866485596,522727,0.0,0.0,0.0
2026-03-19 14:15:00-04:00,5.208600044250488,5.21999979019165,5.150000095367432,5.150000095367432,303186,0.0,0.0,0.0
2026-03-19 14:30:00-04:00,5.150000095367432,5.170000076293945,5.130000114440918,5.135000228881836,304484,0.0,0.0,0.0
2026-03-19 14:45:00-04:00,5.130099773406982,5.208899974822998,5.130000114440918,5.190000057220459,362397,0.0,0.0,0.0
2026-03-19 15:00:00-04:00,5.190000057220459,5.419400215148926,5.190000057220459,5.398600101470947,1322805,0.0,0.0,0.0
2026-03-19 15:15:00-04:00,5.389999866485596,5.400000095367432,5.28000020980835,5.304999828338623,501683,0.0,0.0,0.0
2026-03-19 15:30:00-04:00,5.309999942779541,5.349999904632568,5.239999771118164,5.324999809265137,804929,0.0,0.0,0.0
2026-03-19 15:45:00-04:00,5.320000171661377,5.3454999923706055,5.260000228881836,5.295000076293945,765831,0.0,0.0,0.0
2026-03-20 09:30:00-04:00,5.389999866485596,5.400000095367432,5.119999885559082,5.197999954223633,5624668,0.0,0.0,0.0
2026-03-20 09:45:00-04:00,5.190000057220459,5.249899864196777,5.050000190734863,5.089200019836426,1392057,0.0,0.0,0.0
2026-03-20 10:00:00-04:00,5.085000038146973,5.150000095367432,5.019999980926514,5.020100116729736,1836709,0.0,0.0,0.0
2026-03-20 10:15:00-04:00,5.025000095367432,5.139900207519531,5.025000095367432,5.130000114440918,1099799,0.0,0.0,0.0
2026-03-20 10:30:00-04:00,5.135000228881836,5.275000095367432,5.135000228881836,5.239999771118164,1230880,0.0,0.0,0.0
2026-03-20 10:45:00-04:00,5.249100208282471,5.264999866485596,5.170000076293945,5.200099945068359,855659,0.0,0.0,0.0
2026-03-20 11:00:00-04:00,5.210000038146973,5.260000228881836,5.130000114440918,5.19920015335083,923315,0.0,0.0,0.0
2026-03-20 11:15:00-04:00,5.199999809265137,5.230000019073486,5.110000133514404,5.164999961853027,825504,0.0,0.0,0.0
2026-03-20 11:30:00-04:00,5.164999961853027,5.230000019073486,5.155600070953369,5.199900150299072,812008,0.0,0.0,0.0
2026-03-20 11:45:00-04:00,5.195000171661377,5.25,5.159999847412109,5.240200042724609,604630,0.0,0.0,0.0
2026-03-20 12:00:00-04:00,5.249499797821045,5.296000003814697,5.230000019073486,5.239999771118164,1314014,0.0,0.0,0.0
2026-03-20 12:15:00-04:00,5.230299949645996,5.260000228881836,5.204999923706055,5.235000133514404,666615,0.0,0.0,0.0
2026-03-20 12:30:00-04:00,5.239999771118164,5.244999885559082,5.144999980926514,5.150100231170654,577329,0.0,0.0,0.0
2026-03-20 12:45:00-04:00,5.15500020980835,5.226200103759766,5.125,5.199999809265137,771000,0.0,0.0,0.0
2026-03-20 13:00:00-04:00,5.199999809265137,5.210000038146973,5.120100021362305,5.138899803161621,852839,0.0,0.0,0.0
2026-03-20 13:15:00-04:00,5.135000228881836,5.1596999168396,5.103099822998047,5.110099792480469,945817,0.0,0.0,0.0
2026-03-20 13:30:00-04:00,5.119999885559082,5.130000114440918,5.059999942779541,5.065000057220459,689871,0.0,0.0,0.0
2026-03-20 13:45:00-04:00,5.070000171661377,5.135000228881836,5.039999961853027,5.119999885559082,1218130,0.0,0.0,0.0
2026-03-20 14:00:00-04:00,5.130000114440918,5.170000076293945,5.105000019073486,5.164999961853027,725834,0.0,0.0,0.0
2026-03-20 14:15:00-04:00,5.164999961853027,5.179999828338623,5.039999961853027,5.059999942779541,541906,0.0,0.0,0.0
2026-03-20 14:30:00-04:00,5.059999942779541,5.070000171661377,5.010000228881836,5.03000020980835,1217729,0.0,0.0,0.0
2026-03-20 14:45:00-04:00,5.020999908447266,5.039999961853027,4.989999771118164,4.990099906921387,1079584,0.0,0.0,0.0
2026-03-20 15:00:00-04:00,5.0,5.062699794769287,4.980000019073486,5.019999980926514,1296962,0.0,0.0,0.0
2026-03-20 15:15:00-04:00,5.019999980926514,5.070099830627441,5.0117998123168945,5.054999828338623,1066168,0.0,0.0,0.0
2026-03-20 15:30:00-04:00,5.059999942779541,5.099999904632568,5.010000228881836,5.079899787902832,1187085,0.0,0.0,0.0
2026-03-20 15:45:00-04:00,5.074999809265137,5.119999885559082,5.030099868774414,5.099999904632568,1758544,0.0,0.0,0.0
2026-03-23 09:30:00-04:00,5.320000171661377,5.400000095367432,5.195000171661377,5.340000152587891,13363853,0.0,0.0,0.0
2026-03-23 09:45:00-04:00,5.340000152587891,5.40500020980835,5.28000020980835,5.400000095367432,1601849,0.0,0.0,0.0
2026-03-23 10:00:00-04:00,5.400000095367432,5.40500020980835,5.324999809265137,5.340000152587891,1521498,0.0,0.0,0.0
2026-03-23 10:15:00-04:00,5.349999904632568,5.389900207519531,5.260000228881836,5.300000190734863,962902,0.0,0.0,0.0
2026-03-23 10:30:00-04:00,5.300000190734863,5.349899768829346,5.260000228881836,5.309999942779541,642375,0.0,0.0,0.0
2026-03-23 10:45:00-04:00,5.309999942779541,5.350100040435791,5.21999979019165,5.309999942779541,822778,0.0,0.0,0.0
2026-03-23 11:00:00-04:00,5.309999942779541,5.399899959564209,5.300000190734863,5.340099811553955,1682133,0.0,0.0,0.0
2026-03-23 11:15:00-04:00,5.340000152587891,5.349999904632568,5.199999809265137,5.244999885559082,1547957,0.0,0.0,0.0
2026-03-23 11:30:00-04:00,5.25,5.259900093078613,5.130000114440918,5.159999847412109,1171715,0.0,0.0,0.0
2026-03-23 11:45:00-04:00,5.15500020980835,5.195000171661377,5.019999980926514,5.03000020980835,1540191,0.0,0.0,0.0
2026-03-23 12:00:00-04:00,5.034999847412109,5.179800033569336,5.010000228881836,5.160099983215332,1160547,0.0,0.0,0.0
2026-03-23 12:15:00-04:00,5.179900169372559,5.179900169372559,5.03000020980835,5.03000020980835,498720,0.0,0.0,0.0
2026-03-23 12:30:00-04:00,5.03000020980835,5.130300045013428,5.03000020980835,5.090000152587891,668026,0.0,0.0,0.0
2026-03-23 12:45:00-04:00,5.090000152587891,5.121200084686279,5.03000020980835,5.039999961853027,583675,0.0,0.0,0.0
2026-03-23 13:00:00-04:00,5.039999961853027,5.059999942779541,5.0100998878479,5.029900074005127,451280,0.0,0.0,0.0
2026-03-23 13:15:00-04:00,5.025000095367432,5.050000190734863,4.961400032043457,5.025000095367432,910743,0.0,0.0,0.0
2026-03-23 13:30:00-04:00,5.019800186157227,5.150000095367432,5.018799781799316,5.119999885559082,1742499,0.0,0.0,0.0
2026-03-23 13:45:00-04:00,5.119999885559082,5.230000019073486,5.110000133514404,5.215000152587891,945407,0.0,0.0,0.0
2026-03-23 14:00:00-04:00,5.21999979019165,5.239999771118164,5.130000114440918,5.170000076293945,1000007,0.0,0.0,0.0
2026-03-23 14:15:00-04:00,5.150100231170654,5.215000152587891,5.149799823760986,5.17140007019043,388153,0.0,0.0,0.0
2026-03-23 14:30:00-04:00,5.179999828338623,5.28000020980835,5.179999828338623,5.264999866485596,467210,0.0,0.0,0.0
2026-03-23 14:45:00-04:00,5.264999866485596,5.299900054931641,5.215000152587891,5.260000228881836,409908,0.0,0.0,0.0
2026-03-23 15:00:00-04:00,5.260000228881836,5.289999961853027,5.230100154876709,5.260000228881836,465337,0.0,0.0,0.0
2026-03-23 15:15:00-04:00,5.260000228881836,5.315100193023682,5.244200229644775,5.304999828338623,360254,0.0,0.0,0.0
2026-03-23 15:30:00-04:00,5.304999828338623,5.310100078582764,5.269999980926514,5.289899826049805,547037,0.0,0.0,0.0
2026-03-23 15:45:00-04:00,5.289999961853027,5.309899806976318,5.250100135803223,5.28000020980835,935494,0.0,0.0,0.0
2026-03-24 09:30:00-04:00,5.304999828338623,5.409999847412109,5.215000152587891,5.289999961853027,3892357,0.0,0.0,0.0
2026-03-24 09:45:00-04:00,5.295000076293945,5.320000171661377,5.130000114440918,5.210000038146973,1385543,0.0,0.0,0.0
2026-03-24 10:00:00-04:00,5.204999923706055,5.369900226593018,5.099999904632568,5.190000057220459,1585661,0.0,0.0,0.0
2026-03-24 10:15:00-04:00,5.190000057220459,5.208000183105469,5.090000152587891,5.1265997886657715,1162893,0.0,0.0,0.0
2026-03-24 10:30:00-04:00,5.125,5.21999979019165,5.110000133514404,5.184999942779541,1085026,0.0,0.0,0.0
2026-03-24 10:45:00-04:00,5.184999942779541,5.230000019073486,5.070000171661377,5.168000221252441,1067941,0.0,0.0,0.0
2026-03-24 11:00:00-04:00,5.184999942779541,5.239999771118164,5.110000133514404,5.150100231170654,888524,0.0,0.0,0.0
2026-03-24 11:15:00-04:00,5.15500020980835,5.199999809265137,5.119999885559082,5.139999866485596,1109630,0.0,0.0,0.0
2026-03-24 11:30:00-04:00,5.139999866485596,5.161200046539307,5.019999980926514,5.159999847412109,1613807,0.0,0.0,0.0
2026-03-24 11:45:00-04:00,5.160099983215332,5.210000038146973,5.110000133514404,5.110099792480469,1171621,0.0,0.0,0.0
2026-03-24 12:00:00-04:00,5.110000133514404,5.159999847412109,5.099999904632568,5.130000114440918,901884,0.0,0.0,0.0
2026-03-24 12:15:00-04:00,5.130000114440918,5.210000038146973,5.11929988861084,5.190000057220459,983265,0.0,0.0,0.0
2026-03-24 12:30:00-04:00,5.195000171661377,5.199999809265137,5.110000133514404,5.170000076293945,486157,0.0,0.0,0.0
2026-03-24 12:45:00-04:00,5.185699939727783,5.209799766540527,5.109899997711182,5.125,789405,0.0,0.0,0.0
2026-03-24 13:00:00-04:00,5.119999885559082,5.170100212097168,5.0,5.025000095367432,1229558,0.0,0.0,0.0
2026-03-24 13:15:00-04:00,5.020599842071533,5.049900054931641,4.980000019073486,4.994999885559082,1321559,0.0,0.0,0.0
2026-03-24 13:30:00-04:00,4.989999771118164,5.039999961853027,4.974999904632568,4.980000019073486,903583,0.0,0.0,0.0
2026-03-24 13:45:00-04:00,4.9899001121521,5.090000152587891,4.985000133514404,5.079999923706055,911958,0.0,0.0,0.0
2026-03-24 14:00:00-04:00,5.090000152587891,5.140699863433838,5.070099830627441,5.139999866485596,925957,0.0,0.0,0.0
2026-03-24 14:15:00-04:00,5.130099773406982,5.190000057220459,5.114999771118164,5.150000095367432,1035368,0.0,0.0,0.0
2026-03-24 14:30:00-04:00,5.150000095367432,5.269999980926514,5.150000095367432,5.210000038146973,1189575,0.0,0.0,0.0
2026-03-24 14:45:00-04:00,5.199999809265137,5.21999979019165,5.150000095367432,5.156000137329102,648609,0.0,0.0,0.0
2026-03-24 15:00:00-04:00,5.159999847412109,5.21999979019165,5.155600070953369,5.199900150299072,466769,0.0,0.0,0.0
2026-03-24 15:15:00-04:00,5.195000171661377,5.230000019073486,5.170000076293945,5.175000190734863,481837,0.0,0.0,0.0
2026-03-24 15:30:00-04:00,5.170000076293945,5.175000190734863,5.110000133514404,5.157190799713135,495573,0.0,0.0,0.0
2026-03-24 15:45:00-04:00,5.159999847412109,5.159999847412109,5.090199947357178,5.130000114440918,639164,0.0,0.0,0.0
2026-03-25 09:30:00-04:00,5.420000076293945,5.679900169372559,5.420000076293945,5.590099811553955,9248005,0.0,0.0,0.0
2026-03-25 09:45:00-04:00,5.599999904632568,5.684999942779541,5.579999923706055,5.599999904632568,1555102,0.0,0.0,0.0
2026-03-25 10:00:00-04:00,5.605000019073486,5.684999942779541,5.579999923706055,5.619999885559082,1115324,0.0,0.0,0.0
2026-03-25 10:15:00-04:00,5.630000114440918,5.685100078582764,5.610000133514404,5.650000095367432,1299580,0.0,0.0,0.0
2026-03-25 10:30:00-04:00,5.650100231170654,5.679999828338623,5.570000171661377,5.579999923706055,831504,0.0,0.0,0.0
2026-03-25 10:45:00-04:00,5.579999923706055,5.599999904632568,5.499000072479248,5.5,1353058,0.0,0.0,0.0
2026-03-25 11:00:00-04:00,5.505000114440918,5.539999961853027,5.360000133514404,5.370999813079834,2022526,0.0,0.0,0.0
2026-03-25 11:15:00-04:00,5.369999885559082,5.425099849700928,5.300000190734863,5.40500020980835,1505340,0.0,0.0,0.0
2026-03-25 11:30:00-04:00,5.409999847412109,5.469900131225586,5.34499979019165,5.364999771118164,984600,0.0,0.0,0.0
2026-03-25 11:45:00-04:00,5.360099792480469,5.389900207519531,5.300000190734863,5.3069000244140625,848788,0.0,0.0,0.0
2026-03-25 12:00:00-04:00,5.300000190734863,5.339900016784668,5.28000020980835,5.289899826049805,975539,0.0,0.0,0.0
2026-03-25 12:15:00-04:00,5.289999961853027,5.420000076293945,5.284999847412109,5.378499984741211,1018086,0.0,0.0,0.0
2026-03-25 12:30:00-04:00,5.370100021362305,5.429999828338623,5.369999885559082,5.394999980926514,717483,0.0,0.0,0.0
2026-03-25 12:45:00-04:00,5.400000095367432,5.439899921417236,5.369999885559082,5.409999847412109,538309,0.0,0.0,0.0
2026-03-25 13:00:00-04:00,5.409999847412109,5.420000076293945,5.329999923706055,5.369999885559082,530065,0.0,0.0,0.0
2026-03-25 13:15:00-04:00,5.364999771118164,5.429999828338623,5.329999923706055,5.369999885559082,713915,0.0,0.0,0.0
2026-03-25 13:30:00-04:00,5.369999885559082,5.420100212097168,5.340000152587891,5.389999866485596,641210,0.0,0.0,0.0
2026-03-25 13:45:00-04:00,5.390200138092041,5.400000095367432,5.28000020980835,5.295000076293945,913951,0.0,0.0,0.0
2026-03-25 14:00:00-04:00,5.299900054931641,5.304999828338623,5.260000228881836,5.264999866485596,518903,0.0,0.0,0.0
2026-03-25 14:15:00-04:00,5.264999866485596,5.309999942779541,5.239999771118164,5.260000228881836,705678,0.0,0.0,0.0
2026-03-25 14:30:00-04:00,5.264999866485596,5.269999980926514,5.190000057220459,5.199999809265137,782845,0.0,0.0,0.0
2026-03-25 14:45:00-04:00,5.199999809265137,5.235599994659424,5.164999961853027,5.195000171661377,676122,0.0,0.0,0.0
2026-03-25 15:00:00-04:00,5.190000057220459,5.260000228881836,5.179999828338623,5.239999771118164,576099,0.0,0.0,0.0
2026-03-25 15:15:00-04:00,5.240099906921387,5.329999923706055,5.2399001121521,5.295000076293945,756596,0.0,0.0,0.0
2026-03-25 15:30:00-04:00,5.299900054931641,5.369999885559082,5.28000020980835,5.34499979019165,382339,0.0,0.0,0.0
2026-03-25 15:45:00-04:00,5.34499979019165,5.369999885559082,5.321199893951416,5.335000038146973,656539,0.0,0.0,0.0
2026-03-26 09:30:00-04:00,5.144999980926514,5.229899883270264,5.059999942779541,5.21999979019165,5157489,0.0,0.0,0.0
2026-03-26 09:45:00-04:00,5.224999904632568,5.3292999267578125,5.220099925994873,5.315000057220459,1893109,0.0,0.0,0.0
2026-03-26 10:00:00-04:00,5.320000171661377,5.320000171661377,5.184999942779541,5.210100173950195,1375556,0.0,0.0,0.0
2026-03-26 10:15:00-04:00,5.218999862670898,5.289899826049805,5.200099945068359,5.239999771118164,715633,0.0,0.0,0.0
2026-03-26 10:30:00-04:00,5.239999771118164,5.309899806976318,5.180099964141846,5.199999809265137,944153,0.0,0.0,0.0
2026-03-26 10:45:00-04:00,5.199999809265137,5.218599796295166,5.130000114440918,5.215000152587891,957473,0.0,0.0,0.0
2026-03-26 11:00:00-04:00,5.215000152587891,5.231400012969971,5.110000133514404,5.115099906921387,768084,0.0,0.0,0.0
2026-03-26 11:15:00-04:00,5.114999771118164,5.139999866485596,5.090000152587891,5.105000019073486,1093256,0.0,0.0,0.0
2026-03-26 11:30:00-04:00,5.099999904632568,5.119999885559082,5.010000228881836,5.019800186157227,873848,0.0,0.0,0.0
2026-03-26 11:45:00-04:00,5.019999980926514,5.09499979019165,5.005000114440918,5.045000076293945,860254,0.0,0.0,0.0
2026-03-26 12:00:00-04:00,5.050000190734863,5.054999828338623,5.0,5.019999980926514,735768,0.0,0.0,0.0
2026-03-26 12:15:00-04:00,5.014999866485596,5.038599967956543,4.989999771118164,4.989999771118164,1583238,0.0,0.0,0.0
2026-03-26 12:30:00-04:00,4.985799789428711,4.989999771118164,4.929999828338623,4.958899974822998,605754,0.0,0.0,0.0
2026-03-26 12:45:00-04:00,4.954999923706055,4.965000152587891,4.909999847412109,4.945000171661377,565910,0.0,0.0,0.0
2026-03-26 13:00:00-04:00,4.948999881744385,4.980000019073486,4.934999942779541,4.939899921417236,314188,0.0,0.0,0.0
2026-03-26 13:15:00-04:00,4.939899921417236,4.980000019073486,4.929999828338623,4.958600044250488,278578,0.0,0.0,0.0
2026-03-26 13:30:00-04:00,4.960000038146973,5.059999942779541,4.960000038146973,5.01140022277832,836072,0.0,0.0,0.0
2026-03-26 13:45:00-04:00,5.010000228881836,5.014999866485596,4.929999828338623,4.934100151062012,499864,0.0,0.0,0.0
2026-03-26 14:00:00-04:00,4.939899921417236,4.974999904632568,4.920000076293945,4.949900150299072,631628,0.0,0.0,0.0
2026-03-26 14:15:00-04:00,4.945000171661377,4.945000171661377,4.869999885559082,4.880000114440918,591216,0.0,0.0,0.0
2026-03-26 14:30:00-04:00,4.875,4.920000076293945,4.864999771118164,4.90500020980835,277815,0.0,0.0,0.0
2026-03-26 14:45:00-04:00,4.908999919891357,4.940000057220459,4.884399890899658,4.925000190734863,423792,0.0,0.0,0.0
2026-03-26 15:00:00-04:00,4.929999828338623,4.929999828338623,4.875,4.878600120544434,743168,0.0,0.0,0.0
2026-03-26 15:15:00-04:00,4.875,4.925000190734863,4.860000133514404,4.883299827575684,314537,0.0,0.0,0.0
2026-03-26 15:30:00-04:00,4.885000228881836,4.966899871826172,4.880000114440918,4.934999942779541,292538,0.0,0.0,0.0
2026-03-26 15:45:00-04:00,4.930099964141846,4.940000057220459,4.840000152587891,4.849999904632568,872653,0.0,0.0,0.0
2026-03-27 09:30:00-04:00,4.610000133514404,4.670000076293945,4.449999809265137,4.465000152587891,8769933,0.0,0.0,0.0
2026-03-27 09:45:00-04:00,4.468599796295166,4.489999771118164,4.230199813842773,4.259900093078613,2277452,0.0,0.0,0.0
2026-03-27 10:00:00-04:00,4.25,4.339900016784668,4.235000133514404,4.324999809265137,2130441,0.0,0.0,0.0
2026-03-27 10:15:00-04:00,4.320000171661377,4.34660005569458,4.199999809265137,4.21999979019165,1693469,0.0,0.0,0.0
2026-03-27 10:30:00-04:00,4.21999979019165,4.260000228881836,4.211400032043457,4.255000114440918,1467508,0.0,0.0,0.0
2026-03-27 10:45:00-04:00,4.260000228881836,4.329999923706055,4.235000133514404,4.318900108337402,1210945,0.0,0.0,0.0
2026-03-27 11:00:00-04:00,4.324999809265137,4.389999866485596,4.309999942779541,4.359799861907959,1351068,0.0,0.0,0.0
2026-03-27 11:15:00-04:00,4.355899810791016,4.400000095367432,4.289999961853027,4.385000228881836,1205866,0.0,0.0,0.0
2026-03-27 11:30:00-04:00,4.389999866485596,4.474999904632568,4.380000114440918,4.400100231170654,1759661,0.0,0.0,0.0
2026-03-27 11:45:00-04:00,4.409900188446045,4.460000038146973,4.380099773406982,4.409999847412109,1280240,0.0,0.0,0.0
2026-03-27 12:00:00-04:00,4.40500020980835,4.4197001457214355,4.310299873352051,4.359899997711182,1278798,0.0,0.0,0.0
2026-03-27 12:15:00-04:00,4.360000133514404,4.385000228881836,4.321000099182129,4.349999904632568,580329,0.0,0.0,0.0
2026-03-27 12:30:00-04:00,4.349999904632568,4.360000133514404,4.29010009765625,4.324999809265137,789121,0.0,0.0,0.0
2026-03-27 12:45:00-04:00,4.329899787902832,4.360000133514404,4.289999961853027,4.300099849700928,540109,0.0,0.0,0.0
2026-03-27 13:00:00-04:00,4.315000057220459,4.380000114440918,4.299699783325195,4.349999904632568,658696,0.0,0.0,0.0
2026-03-27 13:15:00-04:00,4.350100040435791,4.379700183868408,4.289999961853027,4.320000171661377,662878,0.0,0.0,0.0
2026-03-27 13:30:00-04:00,4.329999923706055,4.349999904632568,4.295599937438965,4.295599937438965,644196,0.0,0.0,0.0
2026-03-27 13:45:00-04:00,4.300000190734863,4.317200183868408,4.269999980926514,4.289999961853027,434644,0.0,0.0,0.0
2026-03-27 14:00:00-04:00,4.289999961853027,4.359899997711182,4.283400058746338,4.324999809265137,719507,0.0,0.0,0.0
2026-03-27 14:15:00-04:00,4.324999809265137,4.394999980926514,4.320000171661377,4.369900226593018,631132,0.0,0.0,0.0
2026-03-27 14:30:00-04:00,4.369900226593018,4.429999828338623,4.364999771118164,4.400000095367432,738133,0.0,0.0,0.0
2026-03-27 14:45:00-04:00,4.40500020980835,4.430099964141846,4.380099773406982,4.389999866485596,450274,0.0,0.0,0.0
2026-03-27 15:00:00-04:00,4.389999866485596,4.389999866485596,4.329999923706055,4.349999904632568,556466,0.0,0.0,0.0
2026-03-27 15:15:00-04:00,4.349999904632568,4.40500020980835,4.348899841308594,4.375,677941,0.0,0.0,0.0
2026-03-27 15:30:00-04:00,4.380000114440918,4.419899940490723,4.370100021362305,4.394999980926514,620835,0.0,0.0,0.0
2026-03-27 15:45:00-04:00,4.394999980926514,4.420000076293945,4.320000171661377,4.34499979019165,1393653,0.0,0.0,0.0
2026-03-30 09:30:00-04:00,4.574999809265137,4.639900207519531,4.4446001052856445,4.498899936676025,5353461,0.0,0.0,0.0
2026-03-30 09:45:00-04:00,4.5,4.510000228881836,4.400000095367432,4.429999828338623,982782,0.0,0.0,0.0
2026-03-30 10:00:00-04:00,4.434999942779541,4.480000019073486,4.411399841308594,4.460000038146973,1049471,0.0,0.0,0.0
2026-03-30 10:15:00-04:00,4.46999979019165,4.46999979019165,4.340000152587891,4.341100215911865,1072719,0.0,0.0,0.0
2026-03-30 10:30:00-04:00,4.34499979019165,4.400000095367432,4.310500144958496,4.327400207519531,1214371,0.0,0.0,0.0
2026-03-30 10:45:00-04:00,4.3206000328063965,4.480000019073486,4.320000171661377,4.480000019073486,1284759,0.0,0.0,0.0
2026-03-30 11:00:00-04:00,4.480000019073486,4.53000020980835,4.417099952697754,4.417099952697754,1281774,0.0,0.0,0.0
2026-03-30 11:15:00-04:00,4.414999961853027,4.449999809265137,4.389999866485596,4.429999828338623,901221,0.0,0.0,0.0
2026-03-30 11:30:00-04:00,4.425000190734863,4.5,4.40500020980835,4.475599765777588,696242,0.0,0.0,0.0
2026-03-30 11:45:00-04:00,4.46999979019165,4.5,4.444499969482422,4.470099925994873,621295,0.0,0.0,0.0
2026-03-30 12:00:00-04:00,4.474999904632568,4.475299835205078,4.409999847412109,4.409999847412109,322735,0.0,0.0,0.0
2026-03-30 12:15:00-04:00,4.418600082397461,4.418600082397461,4.360000133514404,4.375,606705,0.0,0.0,0.0
2026-03-30 12:30:00-04:00,4.375,4.429900169372559,4.355000019073486,4.364999771118164,634766,0.0,0.0,0.0
2026-03-30 12:45:00-04:00,4.360799789428711,4.400000095367432,4.300000190734863,4.339900016784668,847928,0.0,0.0,0.0
2026-03-30 13:00:00-04:00,4.339300155639648,4.349999904632568,4.260000228881836,4.269999980926514,466328,0.0,0.0,0.0
2026-03-30 13:15:00-04:00,4.264999866485596,4.275000095367432,4.170000076293945,4.195000171661377,841408,0.0,0.0,0.0
2026-03-30 13:30:00-04:00,4.195000171661377,4.21999979019165,4.173600196838379,4.204999923706055,1077093,0.0,0.0,0.0
2026-03-30 13:45:00-04:00,4.210000038146973,4.239999771118164,4.179999828338623,4.20989990234375,1151060,0.0,0.0,0.0
2026-03-30 14:00:00-04:00,4.20989990234375,4.25,4.195000171661377,4.215000152587891,859749,0.0,0.0,0.0
2026-03-30 14:15:00-04:00,4.215000152587891,4.229899883270264,4.160099983215332,4.184999942779541,1035332,0.0,0.0,0.0
2026-03-30 14:30:00-04:00,4.190000057220459,4.25,4.179999828338623,4.180099964141846,778397,0.0,0.0,0.0
2026-03-30 14:45:00-04:00,4.190000057220459,4.207600116729736,4.110000133514404,4.119999885559082,1311565,0.0,0.0,0.0
2026-03-30 15:00:00-04:00,4.129899978637695,4.135000228881836,3.990000009536743,4.010000228881836,1487922,0.0,0.0,0.0
2026-03-30 15:15:00-04:00,4.01609992980957,4.034999847412109,3.9800000190734863,3.990000009536743,1058880,0.0,0.0,0.0
2026-03-30 15:30:00-04:00,3.994999885559082,4.059899806976318,3.994999885559082,4.051000118255615,795005,0.0,0.0,0.0
2026-03-30 15:45:00-04:00,4.054999828338623,4.065000057220459,4.010000228881836,4.019999980926514,926832,0.0,0.0,0.0
2026-03-31 09:30:00-04:00,4.125,4.170000076293945,4.010000228881836,4.03000020980835,5952351,0.0,0.0,0.0
2026-03-31 09:45:00-04:00,4.039999961853027,4.144999980926514,4.034999847412109,4.085000038146973,1310263,0.0,0.0,0.0
2026-03-31 10:00:00-04:00,4.090000152587891,4.119900226593018,4.005000114440918,4.050000190734863,2129789,0.0,0.0,0.0
2026-03-31 10:15:00-04:00,4.045000076293945,4.089900016784668,4.019999980926514,4.065000057220459,1705476,0.0,0.0,0.0
2026-03-31 10:30:00-04:00,4.065000057220459,4.079899787902832,3.950000047683716,3.967099905014038,1805145,0.0,0.0,0.0
2026-03-31 10:45:00-04:00,3.968600034713745,3.9697999954223633,3.7750000953674316,3.805000066757202,2431660,0.0,0.0,0.0
2026-03-31 11:00:00-04:00,3.809999942779541,3.930000066757202,3.799999952316284,3.924999952316284,1518560,0.0,0.0,0.0
2026-03-31 11:15:00-04:00,3.920099973678589,3.950000047683716,3.890000104904175,3.8949999809265137,2020849,0.0,0.0,0.0
2026-03-31 11:30:00-04:00,3.8901000022888184,3.9398999214172363,3.8450000286102295,3.859999895095825,1098052,0.0,0.0,0.0
2026-03-31 11:45:00-04:00,3.865000009536743,3.940000057220459,3.8450000286102295,3.888000011444092,1478200,0.0,0.0,0.0
2026-03-31 12:00:00-04:00,3.890000104904175,3.9198999404907227,3.8399999141693115,3.88100004196167,950709,0.0,0.0,0.0
2026-03-31 12:15:00-04:00,3.880000114440918,3.9182000160217285,3.8540000915527344,3.890000104904175,933438,0.0,0.0,0.0
2026-03-31 12:30:00-04:00,3.8901000022888184,4.1230998039245605,3.865000009536743,4.059999942779541,2646880,0.0,0.0,0.0
2026-03-31 12:45:00-04:00,4.059999942779541,4.099999904632568,3.994999885559082,4.054999828338623,1680096,0.0,0.0,0.0
2026-03-31 13:00:00-04:00,4.054999828338623,4.159900188446045,4.020299911499023,4.130000114440918,2698366,0.0,0.0,0.0
2026-03-31 13:15:00-04:00,4.135000228881836,4.199999809265137,4.054999828338623,4.070000171661377,2625438,0.0,0.0,0.0
2026-03-31 13:30:00-04:00,4.070000171661377,4.119999885559082,4.019999980926514,4.059999942779541,1583157,0.0,0.0,0.0
2026-03-31 13:45:00-04:00,4.069900035858154,4.099899768829346,4.019899845123291,4.034999847412109,1315319,0.0,0.0,0.0
2026-03-31 14:00:00-04:00,4.03000020980835,4.124599933624268,4.03000020980835,4.124599933624268,1351213,0.0,0.0,0.0
2026-03-31 14:15:00-04:00,4.128600120544434,4.138500213623047,4.0802001953125,4.114999771118164,886871,0.0,0.0,0.0
2026-03-31 14:30:00-04:00,4.114999771118164,4.170000076293945,4.099999904632568,4.159999847412109,776727,0.0,0.0,0.0
2026-03-31 14:45:00-04:00,4.1596999168396,4.180099964141846,4.139999866485596,4.144999980926514,1100022,0.0,0.0,0.0
2026-03-31 15:00:00-04:00,4.159999847412109,4.190000057220459,4.140100002288818,4.179999828338623,887325,0.0,0.0,0.0
2026-03-31 15:15:00-04:00,4.179999828338623,4.204999923706055,4.159999847412109,4.17140007019043,883466,0.0,0.0,0.0
2026-03-31 15:30:00-04:00,4.17579984664917,4.211900234222412,4.159999847412109,4.204999923706055,1431780,0.0,0.0,0.0
2026-03-31 15:45:00-04:00,4.204999923706055,4.269999980926514,4.195000171661377,4.25,1470745,0.0,0.0,0.0
2026-04-01 09:30:00-04:00,4.320000171661377,4.329999923706055,4.130000114440918,4.160099983215332,9185983,0.0,0.0,0.0
2026-04-01 09:45:00-04:00,4.159999847412109,4.179999828338623,4.050600051879883,4.129899978637695,2182577,0.0,0.0,0.0
2026-04-01 10:00:00-04:00,4.119999885559082,4.175000190734863,4.085000038146973,4.116399765014648,2097242,0.0,0.0,0.0
2026-04-01 10:15:00-04:00,4.119999885559082,4.195199966430664,4.110099792480469,4.184999942779541,2442696,0.0,0.0,0.0
2026-04-01 10:30:00-04:00,4.184999942779541,4.227200031280518,4.080699920654297,4.09499979019165,2315564,0.0,0.0,0.0
2026-04-01 10:45:00-04:00,4.090000152587891,4.170000076293945,4.090000152587891,4.1596999168396,1738804,0.0,0.0,0.0
2026-04-01 11:00:00-04:00,4.158599853515625,4.170000076293945,4.098800182342529,4.125,1303944,0.0,0.0,0.0
2026-04-01 11:15:00-04:00,4.119999885559082,4.139999866485596,4.090000152587891,4.119999885559082,1554777,0.0,0.0,0.0
2026-04-01 11:30:00-04:00,4.120200157165527,4.184999942779541,4.099999904632568,4.159800052642822,2090649,0.0,0.0,0.0
2026-04-01 11:45:00-04:00,4.15500020980835,4.210000038146973,4.15500020980835,4.204999923706055,909700,0.0,0.0,0.0
2026-04-01 12:00:00-04:00,4.200099945068359,4.204999923706055,4.119999885559082,4.13100004196167,1508001,0.0,0.0,0.0
2026-04-01 12:15:00-04:00,4.13100004196167,4.179999828338623,4.114999771118164,4.158599853515625,662118,0.0,0.0,0.0
2026-04-01 12:30:00-04:00,4.15500020980835,4.2399001121521,4.132500171661377,4.2399001121521,1074096,0.0,0.0,0.0
2026-04-01 12:45:00-04:00,4.230000019073486,4.239999771118164,4.199900150299072,4.2382001876831055,768789,0.0,0.0,0.0
2026-04-01 13:00:00-04:00,4.239799976348877,4.304999828338623,4.235000133514404,4.265100002288818,1536038,0.0,0.0,0.0
2026-04-01 13:15:00-04:00,4.264699935913086,4.269899845123291,4.199999809265137,4.218400001525879,1519327,0.0,0.0,0.0
2026-04-01 13:30:00-04:00,4.21999979019165,4.2399001121521,4.167500019073486,4.190000057220459,1367956,0.0,0.0,0.0
2026-04-01 13:45:00-04:00,4.195000171661377,4.196000099182129,4.110000133514404,4.110000133514404,1004128,0.0,0.0,0.0
2026-04-01 14:00:00-04:00,4.119999885559082,4.125,4.054999828338623,4.070000171661377,1532613,0.0,0.0,0.0
2026-04-01 14:15:00-04:00,4.065000057220459,4.067999839782715,4.027699947357178,4.045000076293945,1282318,0.0,0.0,0.0
2026-04-01 14:30:00-04:00,4.045000076293945,4.090000152587891,4.010000228881836,4.059800148010254,1592563,0.0,0.0,0.0
2026-04-01 14:45:00-04:00,4.055600166320801,4.059999942779541,4.019999980926514,4.049300193786621,732546,0.0,0.0,0.0
2026-04-01 15:00:00-04:00,4.050000190734863,4.070000171661377,4.039999961853027,4.04010009765625,863554,0.0,0.0,0.0
2026-04-01 15:15:00-04:00,4.039999961853027,4.099999904632568,4.034999847412109,4.09499979019165,1039597,0.0,0.0,0.0
2026-04-01 15:30:00-04:00,4.10129976272583,4.1097002029418945,4.054999828338623,4.099999904632568,848187,0.0,0.0,0.0
2026-04-01 15:45:00-04:00,4.097599983215332,4.135000228881836,4.090000152587891,4.099999904632568,1426302,0.0,0.0,0.0
2026-04-02 09:30:00-04:00,3.890000104904175,3.9000000953674316,3.6700000762939453,3.7049999237060547,6165320,0.0,0.0,0.0
2026-04-02 09:45:00-04:00,3.700000047683716,3.799999952316284,3.6600000858306885,3.7799999713897705,2041313,0.0,0.0,0.0
2026-04-02 10:00:00-04:00,3.7850000858306885,3.8499999046325684,3.7100000381469727,3.8450000286102295,1894607,0.0,0.0,0.0
2026-04-02 10:15:00-04:00,3.849900007247925,3.869999885559082,3.799999952316284,3.809999942779541,1409544,0.0,0.0,0.0
2026-04-02 10:30:00-04:00,3.819999933242798,4.070000171661377,3.809999942779541,3.986799955368042,2012554,0.0,0.0,0.0
2026-04-02 10:45:00-04:00,3.9800000190734863,4.019999980926514,3.8801000118255615,3.990000009536743,1354327,0.0,0.0,0.0
2026-04-02 11:00:00-04:00,3.994999885559082,4.039999961853027,3.9149999618530273,4.014999866485596,849760,0.0,0.0,0.0
2026-04-02 11:15:00-04:00,4.010000228881836,4.010000228881836,3.9149999618530273,3.984999895095825,1106219,0.0,0.0,0.0
2026-04-02 11:30:00-04:00,3.9899001121520996,4.034999847412109,3.944000005722046,4.000100135803223,742168,0.0,0.0,0.0
2026-04-02 11:45:00-04:00,4.0,4.010000228881836,3.940000057220459,3.9800000190734863,820469,0.0,0.0,0.0
2026-04-02 12:00:00-04:00,3.9800000190734863,4.009900093078613,3.940000057220459,3.9749999046325684,981021,0.0,0.0,0.0
2026-04-02 12:15:00-04:00,3.9600000381469727,3.9649999141693115,3.880000114440918,3.9149999618530273,792189,0.0,0.0,0.0
2026-04-02 12:30:00-04:00,3.9100000858306885,3.9800000190734863,3.9000000953674316,3.95989990234375,1036925,0.0,0.0,0.0
2026-04-02 12:45:00-04:00,3.9549999237060547,3.9999001026153564,3.9549999237060547,3.9600000381469727,699228,0.0,0.0,0.0
2026-04-02 13:00:00-04:00,3.9600000381469727,3.9649999141693115,3.9128000736236572,3.950000047683716,626103,0.0,0.0,0.0
2026-04-02 13:15:00-04:00,3.949899911880493,3.9749999046325684,3.9200000762939453,3.9200000762939453,727592,0.0,0.0,0.0
2026-04-02 13:30:00-04:00,3.930000066757202,3.930000066757202,3.880000114440918,3.9100000858306885,793012,0.0,0.0,0.0
2026-04-02 13:45:00-04:00,3.9149999618530273,3.9198999404907227,3.819999933242798,3.8299999237060547,865134,0.0,0.0,0.0
2026-04-02 14:00:00-04:00,3.8299999237060547,3.880000114440918,3.8299999237060547,3.8536999225616455,553019,0.0,0.0,0.0
2026-04-02 14:15:00-04:00,3.859999895095825,3.869999885559082,3.819999933242798,3.8350000381469727,729875,0.0,0.0,0.0
2026-04-02 14:30:00-04:00,3.8350000381469727,3.8564999103546143,3.809999942779541,3.8450000286102295,579918,0.0,0.0,0.0
2026-04-02 14:45:00-04:00,3.8450000286102295,3.899899959564209,3.8399999141693115,3.871000051498413,884320,0.0,0.0,0.0
2026-04-02 15:00:00-04:00,3.8798999786376953,3.890000104904175,3.8506999015808105,3.870300054550171,675316,0.0,0.0,0.0
2026-04-02 15:15:00-04:00,3.8701000213623047,3.9000000953674316,3.8399999141693115,3.880000114440918,840967,0.0,0.0,0.0
2026-04-02 15:30:00-04:00,3.880000114440918,3.9200000762939453,3.860100030899048,3.9100000858306885,778369,0.0,0.0,0.0
2026-04-02 15:45:00-04:00,3.9100000858306885,3.9100000858306885,3.8701000213623047,3.890000104904175,589557,0.0,0.0,0.0
2026-04-06 09:30:00-04:00,4.199999809265137,4.25,4.100100040435791,4.215000152587891,4683116,0.0,0.0,0.0
2026-04-06 09:45:00-04:00,4.21999979019165,4.275000095367432,4.180099964141846,4.204999923706055,1390300,0.0,0.0,0.0
2026-04-06 10:00:00-04:00,4.199999809265137,4.260000228881836,4.139999866485596,4.21999979019165,1960447,0.0,0.0,0.0
2026-04-06 10:15:00-04:00,4.230000019073486,4.347899913787842,4.210000038146973,4.340000152587891,1695765,0.0,0.0,0.0
2026-04-06 10:30:00-04:00,4.330100059509277,4.409999847412109,4.309999942779541,4.359799861907959,2197476,0.0,0.0,0.0
2026-04-06 10:45:00-04:00,4.355000019073486,4.429999828338623,4.310100078582764,4.40500020980835,1133136,0.0,0.0,0.0
2026-04-06 11:00:00-04:00,4.400100231170654,4.440000057220459,4.380000114440918,4.400000095367432,993524,0.0,0.0,0.0
2026-04-06 11:15:00-04:00,4.400000095367432,4.420000076293945,4.334099769592285,4.355000019073486,954422,0.0,0.0,0.0
2026-04-06 11:30:00-04:00,4.355000019073486,4.359799861907959,4.289999961853027,4.329899787902832,1435648,0.0,0.0,0.0
2026-04-06 11:45:00-04:00,4.329699993133545,4.34499979019165,4.289999961853027,4.340000152587891,911928,0.0,0.0,0.0
2026-04-06 12:00:00-04:00,4.330100059509277,4.380000114440918,4.324999809265137,4.380000114440918,761205,0.0,0.0,0.0
2026-04-06 12:15:00-04:00,4.385000228881836,4.389999866485596,4.350100040435791,4.389999866485596,667444,0.0,0.0,0.0
2026-04-06 12:30:00-04:00,4.380000114440918,4.4197001457214355,4.360000133514404,4.372000217437744,837928,0.0,0.0,0.0
2026-04-06 12:45:00-04:00,4.369999885559082,4.409900188446045,4.320000171661377,4.324999809265137,1623099,0.0,0.0,0.0
2026-04-06 13:00:00-04:00,4.320000171661377,4.320000171661377,4.199999809265137,4.215000152587891,1755729,0.0,0.0,0.0
2026-04-06 13:15:00-04:00,4.21999979019165,4.25,4.181600093841553,4.235000133514404,1297887,0.0,0.0,0.0
2026-04-06 13:30:00-04:00,4.230000019073486,4.264999866485596,4.224999904632568,4.230000019073486,930572,0.0,0.0,0.0
2026-04-06 13:45:00-04:00,4.235000133514404,4.244999885559082,4.2027997970581055,4.212200164794922,555864,0.0,0.0,0.0
2026-04-06 14:00:00-04:00,4.210000038146973,4.239999771118164,4.180099964141846,4.239999771118164,873405,0.0,0.0,0.0
2026-04-06 14:15:00-04:00,4.25,4.335000038146973,4.240099906921387,4.324999809265137,886446,0.0,0.0,0.0
2026-04-06 14:30:00-04:00,4.328499794006348,4.349999904632568,4.309999942779541,4.324999809265137,557480,0.0,0.0,0.0
2026-04-06 14:45:00-04:00,4.324999809265137,4.369999885559082,4.315000057220459,4.350100040435791,666391,0.0,0.0,0.0
2026-04-06 15:00:00-04:00,4.349999904632568,4.389900207519531,4.329999923706055,4.385000228881836,912325,0.0,0.0,0.0
2026-04-06 15:15:00-04:00,4.385000228881836,4.400000095367432,4.369999885559082,4.375,363752,0.0,0.0,0.0
2026-04-06 15:30:00-04:00,4.369999885559082,4.389999866485596,4.340000152587891,4.364999771118164,560550,0.0,0.0,0.0
2026-04-06 15:45:00-04:00,4.364999771118164,4.409999847412109,4.364999771118164,4.396200180053711,902766,0.0,0.0,0.0
2026-04-07 09:30:00-04:00,4.230000019073486,4.320000171661377,4.224999904632568,4.260000228881836,6723567,0.0,0.0,0.0
2026-04-07 09:45:00-04:00,4.25,4.299900054931641,4.179999828338623,4.179999828338623,873655,0.0,0.0,0.0
2026-04-07 10:00:00-04:00,4.179999828338623,4.184999942779541,4.010000228881836,4.039999961853027,2077474,0.0,0.0,0.0
2026-04-07 10:15:00-04:00,4.045000076293945,4.099999904632568,4.019999980926514,4.045000076293945,1263137,0.0,0.0,0.0
2026-04-07 10:30:00-04:00,4.045000076293945,4.079999923706055,4.019899845123291,4.039999961853027,1538087,0.0,0.0,0.0
2026-04-07 10:45:00-04:00,4.039999961853027,4.097799777984619,3.990000009536743,4.0,1078950,0.0,0.0,0.0
2026-04-07 11:00:00-04:00,4.0,4.0055999755859375,3.9400999546051025,3.9700000286102295,1257400,0.0,0.0,0.0
2026-04-07 11:15:00-04:00,3.969899892807007,4.010000228881836,3.9549999237060547,4.007400035858154,1061264,0.0,0.0,0.0
2026-04-07 11:30:00-04:00,4.010000228881836,4.039000034332275,4.0,4.01140022277832,1052271,0.0,0.0,0.0
2026-04-07 11:45:00-04:00,4.010000228881836,4.079999923706055,4.009900093078613,4.069900035858154,729177,0.0,0.0,0.0
2026-04-07 12:00:00-04:00,4.069699764251709,4.179999828338623,4.054999828338623,4.105000019073486,1473115,0.0,0.0,0.0
2026-04-07 12:15:00-04:00,4.099999904632568,4.150000095367432,4.0879998207092285,4.140200138092041,987118,0.0,0.0,0.0
2026-04-07 12:30:00-04:00,4.1402997970581055,4.149899959564209,4.090000152587891,4.129899978637695,582044,0.0,0.0,0.0
2026-04-07 12:45:00-04:00,4.130000114440918,4.177700042724609,4.09499979019165,4.09499979019165,910885,0.0,0.0,0.0
2026-04-07 13:00:00-04:00,4.099899768829346,4.119999885559082,4.079999923706055,4.09499979019165,805116,0.0,0.0,0.0
2026-04-07 13:15:00-04:00,4.090000152587891,4.099999904632568,4.053400039672852,4.059999942779541,641819,0.0,0.0,0.0
2026-04-07 13:30:00-04:00,4.065000057220459,4.164999961853027,4.065000057220459,4.125,1168661,0.0,0.0,0.0
2026-04-07 13:45:00-04:00,4.130000114440918,4.159999847412109,4.114999771118164,4.139999866485596,631395,0.0,0.0,0.0
2026-04-07 14:00:00-04:00,4.139900207519531,4.139999866485596,4.099999904632568,4.099999904632568,293990,0.0,0.0,0.0
2026-04-07 14:15:00-04:00,4.105000019073486,4.119999885559082,4.070000171661377,4.079999923706055,798695,0.0,0.0,0.0
2026-04-07 14:30:00-04:00,4.070000171661377,4.099999904632568,4.025000095367432,4.034999847412109,916637,0.0,0.0,0.0
2026-04-07 14:45:00-04:00,4.034999847412109,4.039999961853027,3.9700000286102295,4.0,1012330,0.0,0.0,0.0
2026-04-07 15:00:00-04:00,3.990299940109253,4.010499954223633,3.9700000286102295,3.990000009536743,1215095,0.0,0.0,0.0
2026-04-07 15:15:00-04:00,3.990000009536743,4.099999904632568,3.9865000247955322,4.059999942779541,1367738,0.0,0.0,0.0
2026-04-07 15:30:00-04:00,4.050000190734863,4.059999942779541,4.019999980926514,4.054999828338623,681527,0.0,0.0,0.0
2026-04-07 15:45:00-04:00,4.050000190734863,4.119999885559082,4.050000190734863,4.119999885559082,1321596,0.0,0.0,0.0
2026-04-08 09:30:00-04:00,4.789999961853027,4.824999809265137,4.480100154876709,4.525000095367432,7346019,0.0,0.0,0.0
2026-04-08 09:45:00-04:00,4.529300212860107,4.610000133514404,4.465000152587891,4.490699768066406,1822105,0.0,0.0,0.0
2026-04-08 10:00:00-04:00,4.499899864196777,4.519999980926514,4.429999828338623,4.486400127410889,986688,0.0,0.0,0.0
2026-04-08 10:15:00-04:00,4.489999771118164,4.534999847412109,4.46999979019165,4.500100135803223,1009260,0.0,0.0,0.0
2026-04-08 10:30:00-04:00,4.510000228881836,4.519999980926514,4.41349983215332,4.435100078582764,1181476,0.0,0.0,0.0
2026-04-08 10:45:00-04:00,4.440000057220459,4.445000171661377,4.308700084686279,4.348800182342529,1608396,0.0,0.0,0.0
2026-04-08 11:00:00-04:00,4.341400146484375,4.429999828338623,4.331299781799316,4.429999828338623,950771,0.0,0.0,0.0
2026-04-08 11:15:00-04:00,4.4359002113342285,4.460000038146973,4.389999866485596,4.400100231170654,852116,0.0,0.0,0.0
2026-04-08 11:30:00-04:00,4.409999847412109,4.429999828338623,4.380000114440918,4.410099983215332,691079,0.0,0.0,0.0
2026-04-08 11:45:00-04:00,4.410999774932861,4.489999771118164,4.410999774932861,4.46999979019165,1006999,0.0,0.0,0.0
2026-04-08 12:00:00-04:00,4.470099925994873,4.5254998207092285,4.470099925994873,4.499899864196777,787088,0.0,0.0,0.0
2026-04-08 12:15:00-04:00,4.489999771118164,4.5,4.460000038146973,4.46999979019165,425380,0.0,0.0,0.0
2026-04-08 12:30:00-04:00,4.460000038146973,4.469900131225586,4.440000057220459,4.450099945068359,570025,0.0,0.0,0.0
2026-04-08 12:45:00-04:00,4.449999809265137,4.5,4.429999828338623,4.4899001121521,597336,0.0,0.0,0.0
2026-04-08 13:00:00-04:00,4.489799976348877,4.49970006942749,4.441500186920166,4.479700088500977,504233,0.0,0.0,0.0
2026-04-08 13:15:00-04:00,4.473199844360352,4.485000133514404,4.409999847412109,4.420100212097168,836551,0.0,0.0,0.0
2026-04-08 13:30:00-04:00,4.425000190734863,4.5,4.425000190734863,4.489999771118164,840960,0.0,0.0,0.0
2026-04-08 13:45:00-04:00,4.489999771118164,4.5,4.450300216674805,4.465000152587891,552563,0.0,0.0,0.0
2026-04-08 14:00:00-04:00,4.465000152587891,4.5,4.454999923706055,4.469900131225586,523684,0.0,0.0,0.0
2026-04-08 14:15:00-04:00,4.469900131225586,4.490300178527832,4.360099792480469,4.370999813079834,1107926,0.0,0.0,0.0
2026-04-08 14:30:00-04:00,4.380000114440918,4.394999980926514,4.320000171661377,4.329699993133545,940735,0.0,0.0,0.0
2026-04-08 14:45:00-04:00,4.324999809265137,4.349999904632568,4.28000020980835,4.289999961853027,767527,0.0,0.0,0.0
2026-04-08 15:00:00-04:00,4.284999847412109,4.359899997711182,4.280099868774414,4.359899997711182,714333,0.0,0.0,0.0
2026-04-08 15:15:00-04:00,4.355000019073486,4.369900226593018,4.320000171661377,4.329999923706055,483088,0.0,0.0,0.0
2026-04-08 15:30:00-04:00,4.335000038146973,4.385000228881836,4.335000038146973,4.385000228881836,504693,0.0,0.0,0.0
2026-04-08 15:45:00-04:00,4.385000228881836,4.429999828338623,4.375,4.409999847412109,792848,0.0,0.0,0.0
2026-04-09 09:30:00-04:00,4.369999885559082,4.559999942779541,4.360000133514404,4.460000038146973,4189325,0.0,0.0,0.0
2026-04-09 09:45:00-04:00,4.460000038146973,4.4791998863220215,4.260000228881836,4.339900016784668,1720400,0.0,0.0,0.0
2026-04-09 10:00:00-04:00,4.329999923706055,4.349999904632568,4.244999885559082,4.289999961853027,1177912,0.0,0.0,0.0
2026-04-09 10:15:00-04:00,4.28849983215332,4.295000076293945,4.240300178527832,4.269999980926514,731400,0.0,0.0,0.0
2026-04-09 10:30:00-04:00,4.269999980926514,4.415800094604492,4.269999980926514,4.410099983215332,1173586,0.0,0.0,0.0
2026-04-09 10:45:00-04:00,4.409999847412109,4.4899001121521,4.409999847412109,4.454999923706055,1488618,0.0,0.0,0.0
2026-04-09 11:00:00-04:00,4.449999809265137,4.53000020980835,4.414999961853027,4.529699802398682,936404,0.0,0.0,0.0
2026-04-09 11:15:00-04:00,4.525000095367432,4.574999809265137,4.480000019073486,4.480000019073486,946857,0.0,0.0,0.0
2026-04-09 11:30:00-04:00,4.480000019073486,4.61359977722168,4.465000152587891,4.579999923706055,1195217,0.0,0.0,0.0
2026-04-09 11:45:00-04:00,4.574999809265137,4.6596999168396,4.570000171661377,4.635000228881836,1555912,0.0,0.0,0.0
2026-04-09 12:00:00-04:00,4.635900020599365,4.679999828338623,4.610099792480469,4.621399879455566,1215037,0.0,0.0,0.0
2026-04-09 12:15:00-04:00,4.625,4.650000095367432,4.600100040435791,4.605000019073486,533155,0.0,0.0,0.0
2026-04-09 12:30:00-04:00,4.599999904632568,4.600100040435791,4.53000020980835,4.549900054931641,978108,0.0,0.0,0.0
2026-04-09 12:45:00-04:00,4.549900054931641,4.559899806976318,4.51200008392334,4.545000076293945,445139,0.0,0.0,0.0
2026-04-09 13:00:00-04:00,4.539999961853027,4.634799957275391,4.539999961853027,4.634799957275391,803555,0.0,0.0,0.0
2026-04-09 13:15:00-04:00,4.639900207519531,4.648900032043457,4.579999923706055,4.579999923706055,1432334,0.0,0.0,0.0
2026-04-09 13:30:00-04:00,4.589900016784668,4.649899959564209,4.55019998550415,4.638500213623047,577928,0.0,0.0,0.0
2026-04-09 13:45:00-04:00,4.639999866485596,4.650000095367432,4.590000152587891,4.605800151824951,477565,0.0,0.0,0.0
2026-04-09 14:00:00-04:00,4.610000133514404,4.610000133514404,4.460000038146973,4.465000152587891,1041944,0.0,0.0,0.0
2026-04-09 14:15:00-04:00,4.462600231170654,4.489999771118164,4.440100193023682,4.469900131225586,858197,0.0,0.0,0.0
2026-04-09 14:30:00-04:00,4.460000038146973,4.474999904632568,4.437600135803223,4.4492998123168945,741135,0.0,0.0,0.0
2026-04-09 14:45:00-04:00,4.445700168609619,4.450500011444092,4.409999847412109,4.445000171661377,451203,0.0,0.0,0.0
2026-04-09 15:00:00-04:00,4.440000057220459,4.500100135803223,4.429999828338623,4.489999771118164,843774,0.0,0.0,0.0
2026-04-09 15:15:00-04:00,4.489699840545654,4.497000217437744,4.400000095367432,4.411499977111816,498984,0.0,0.0,0.0
2026-04-09 15:30:00-04:00,4.409999847412109,4.429999828338623,4.380000114440918,4.400000095367432,986852,0.0,0.0,0.0
2026-04-09 15:45:00-04:00,4.400000095367432,4.465000152587891,4.400000095367432,4.454999923706055,805958,0.0,0.0,0.0
2026-04-10 09:30:00-04:00,4.525000095367432,4.662300109863281,4.420000076293945,4.449999809265137,4140078,0.0,0.0,0.0
2026-04-10 09:45:00-04:00,4.449999809265137,4.52869987487793,4.409999847412109,4.510000228881836,1403116,0.0,0.0,0.0
2026-04-10 10:00:00-04:00,4.510000228881836,4.539999961853027,4.440000057220459,4.489999771118164,1289813,0.0,0.0,0.0
2026-04-10 10:15:00-04:00,4.4899001121521,4.556000232696533,4.454999923706055,4.53000020980835,1426034,0.0,0.0,0.0
2026-04-10 10:30:00-04:00,4.539999961853027,4.599999904632568,4.524499893188477,4.539999961853027,1877725,0.0,0.0,0.0
2026-04-10 10:45:00-04:00,4.534900188446045,4.574999809265137,4.500999927520752,4.561399936676025,1241655,0.0,0.0,0.0
2026-04-10 11:00:00-04:00,4.559999942779541,4.630000114440918,4.538599967956543,4.610000133514404,1523396,0.0,0.0,0.0
2026-04-10 11:15:00-04:00,4.610000133514404,4.614999771118164,4.510000228881836,4.517300128936768,1295100,0.0,0.0,0.0
2026-04-10 11:30:00-04:00,4.519999980926514,4.530099868774414,4.409999847412109,4.439700126647949,1865161,0.0,0.0,0.0
2026-04-10 11:45:00-04:00,4.440000057220459,4.460000038146973,4.340000152587891,4.355000019073486,1662199,0.0,0.0,0.0
2026-04-10 12:00:00-04:00,4.355000019073486,4.409900188446045,4.340000152587891,4.40500020980835,1072892,0.0,0.0,0.0
2026-04-10 12:15:00-04:00,4.400000095367432,4.440100193023682,4.398600101470947,4.410099983215332,855394,0.0,0.0,0.0
2026-04-10 12:30:00-04:00,4.420000076293945,4.420100212097168,4.350299835205078,4.379899978637695,751894,0.0,0.0,0.0
2026-04-10 12:45:00-04:00,4.370100021362305,4.454999923706055,4.362299919128418,4.449900150299072,1023581,0.0,0.0,0.0
2026-04-10 13:00:00-04:00,4.449999809265137,4.449999809265137,4.400000095367432,4.428999900817871,715763,0.0,0.0,0.0
2026-04-10 13:15:00-04:00,4.425000190734863,4.480000019073486,4.425000190734863,4.449900150299072,883395,0.0,0.0,0.0
2026-04-10 13:30:00-04:00,4.440000057220459,4.449999809265137,4.400000095367432,4.414999961853027,679289,0.0,0.0,0.0
2026-04-10 13:45:00-04:00,4.420000076293945,4.449999809265137,4.414999961853027,4.446199893951416,702157,0.0,0.0,0.0
2026-04-10 14:00:00-04:00,4.44789981842041,4.458000183105469,4.389999866485596,4.419899940490723,525602,0.0,0.0,0.0
2026-04-10 14:15:00-04:00,4.419899940490723,4.440000057220459,4.399899959564209,4.409999847412109,575271,0.0,0.0,0.0
2026-04-10 14:30:00-04:00,4.414999961853027,4.4197001457214355,4.369999885559082,4.375,740206,0.0,0.0,0.0
2026-04-10 14:45:00-04:00,4.379899978637695,4.400000095367432,4.360000133514404,4.394999980926514,751185,0.0,0.0,0.0
2026-04-10 15:00:00-04:00,4.400000095367432,4.449999809265137,4.400000095367432,4.445000171661377,597373,0.0,0.0,0.0
2026-04-10 15:15:00-04:00,4.445000171661377,4.449900150299072,4.420000076293945,4.436196804046631,781840,0.0,0.0,0.0
2026-04-10 15:30:00-04:00,4.440000057220459,4.449999809265137,4.400000095367432,4.409999847412109,439823,0.0,0.0,0.0
2026-04-10 15:45:00-04:00,4.420000076293945,4.460000038146973,4.400000095367432,4.420000076293945,1334748,0.0,0.0,0.0
2026-04-13 09:30:00-04:00,4.289999961853027,4.289999961853027,4.179999828338623,4.239999771118164,5864838,0.0,0.0,0.0
2026-04-13 09:45:00-04:00,4.239999771118164,4.489999771118164,4.224999904632568,4.485000133514404,3126373,0.0,0.0,0.0
2026-04-13 10:00:00-04:00,4.485000133514404,4.519999980926514,4.420000076293945,4.449999809265137,1539526,0.0,0.0,0.0
2026-04-13 10:15:00-04:00,4.445000171661377,4.54010009765625,4.400100231170654,4.539899826049805,1404149,0.0,0.0,0.0
2026-04-13 10:30:00-04:00,4.539999961853027,4.59499979019165,4.510000228881836,4.590000152587891,1095315,0.0,0.0,0.0
2026-04-13 10:45:00-04:00,4.59499979019165,4.629899978637695,4.539999961853027,4.610000133514404,1264847,0.0,0.0,0.0
2026-04-13 11:00:00-04:00,4.610000133514404,4.616499900817871,4.480000019073486,4.505000114440918,1006389,0.0,0.0,0.0
2026-04-13 11:15:00-04:00,4.507999897003174,4.529900074005127,4.5,4.510000228881836,846552,0.0,0.0,0.0
2026-04-13 11:30:00-04:00,4.5,4.510000228881836,4.445000171661377,4.485000133514404,1251697,0.0,0.0,0.0
2026-04-13 11:45:00-04:00,4.480000019073486,4.519899845123291,4.474999904632568,4.508600234985352,698049,0.0,0.0,0.0
2026-04-13 12:00:00-04:00,4.505000114440918,4.550000190734863,4.480000019073486,4.539999961853027,1408788,0.0,0.0,0.0
2026-04-13 12:15:00-04:00,4.53980016708374,4.550000190734863,4.5081000328063965,4.54010009765625,1227175,0.0,0.0,0.0
2026-04-13 12:30:00-04:00,4.545000076293945,4.559999942779541,4.502099990844727,4.519999980926514,801055,0.0,0.0,0.0
2026-04-13 12:45:00-04:00,4.519999980926514,4.570099830627441,4.514999866485596,4.550000190734863,1240942,0.0,0.0,0.0
2026-04-13 13:00:00-04:00,4.550000190734863,4.590000152587891,4.5370001792907715,4.570000171661377,524878,0.0,0.0,0.0
2026-04-13 13:15:00-04:00,4.578999996185303,4.591800212860107,4.566199779510498,4.587299823760986,544666,0.0,0.0,0.0
2026-04-13 13:30:00-04:00,4.585000038146973,4.609000205993652,4.559899806976318,4.559899806976318,613668,0.0,0.0,0.0
2026-04-13 13:45:00-04:00,4.559999942779541,4.561699867248535,4.489999771118164,4.510000228881836,579326,0.0,0.0,0.0
2026-04-13 14:00:00-04:00,4.500100135803223,4.550000190734863,4.500100135803223,4.543000221252441,449804,0.0,0.0,0.0
2026-04-13 14:15:00-04:00,4.550000190734863,4.554999828338623,4.519999980926514,4.53000020980835,539086,0.0,0.0,0.0
2026-04-13 14:30:00-04:00,4.535600185394287,4.570000171661377,4.53000020980835,4.552000045776367,407288,0.0,0.0,0.0
2026-04-13 14:45:00-04:00,4.555699825286865,4.590000152587891,4.5507001876831055,4.572800159454346,358071,0.0,0.0,0.0
2026-04-13 15:00:00-04:00,4.575799942016602,4.596399784088135,4.550099849700928,4.563199996948242,589201,0.0,0.0,0.0
2026-04-13 15:15:00-04:00,4.565000057220459,4.610000133514404,4.559999942779541,4.605000019073486,709772,0.0,0.0,0.0
2026-04-13 15:30:00-04:00,4.605000019073486,4.659999847412109,4.600100040435791,4.625,889343,0.0,0.0,0.0
2026-04-13 15:45:00-04:00,4.629899978637695,4.690000057220459,4.619999885559082,4.679999828338623,1519778,0.0,0.0,0.0
2026-04-14 09:30:00-04:00,5.050000190734863,5.320000171661377,5.03000020980835,5.309999942779541,9102472,0.0,0.0,0.0
2026-04-14 09:45:00-04:00,5.320000171661377,5.400000095367432,5.295000076293945,5.394999980926514,3773474,0.0,0.0,0.0
2026-04-14 10:00:00-04:00,5.399799823760986,5.409999847412109,5.28000020980835,5.338500022888184,2563960,0.0,0.0,0.0
2026-04-14 10:15:00-04:00,5.339900016784668,5.45989990234375,5.310299873352051,5.44350004196167,1596035,0.0,0.0,0.0
2026-04-14 10:30:00-04:00,5.449699878692627,5.474999904632568,5.300000190734863,5.328999996185303,2248776,0.0,0.0,0.0
2026-04-14 10:45:00-04:00,5.3225998878479,5.340000152587891,5.260000228881836,5.264999866485596,1311754,0.0,0.0,0.0
2026-04-14 11:00:00-04:00,5.269000053405762,5.269000053405762,5.159999847412109,5.199999809265137,2824486,0.0,0.0,0.0
2026-04-14 11:15:00-04:00,5.199999809265137,5.249300003051758,5.170199871063232,5.199999809265137,2103869,0.0,0.0,0.0
2026-04-14 11:30:00-04:00,5.199999809265137,5.28000020980835,5.195000171661377,5.269999980926514,1585295,0.0,0.0,0.0
2026-04-14 11:45:00-04:00,5.269899845123291,5.28000020980835,5.230100154876709,5.246500015258789,1365318,0.0,0.0,0.0
2026-04-14 12:00:00-04:00,5.239999771118164,5.289999961853027,5.235000133514404,5.269899845123291,819013,0.0,0.0,0.0
2026-04-14 12:15:00-04:00,5.269700050354004,5.269899845123291,5.199999809265137,5.239999771118164,1343241,0.0,0.0,0.0
2026-04-14 12:30:00-04:00,5.230000019073486,5.244999885559082,5.180099964141846,5.204999923706055,893547,0.0,0.0,0.0
2026-04-14 12:45:00-04:00,5.200699806213379,5.207399845123291,5.127999782562256,5.138000011444092,1238475,0.0,0.0,0.0
2026-04-14 13:00:00-04:00,5.135000228881836,5.159999847412109,5.110099792480469,5.15500020980835,866759,0.0,0.0,0.0
2026-04-14 13:15:00-04:00,5.150199890136719,5.170000076293945,5.120699882507324,5.120999813079834,785249,0.0,0.0,0.0
2026-04-14 13:30:00-04:00,5.130000114440918,5.139999866485596,5.070000171661377,5.09499979019165,1360971,0.0,0.0,0.0
2026-04-14 13:45:00-04:00,5.09499979019165,5.099999904632568,5.070099830627441,5.074999809265137,587253,0.0,0.0,0.0
2026-04-14 14:00:00-04:00,5.079800128936768,5.079999923706055,5.03000020980835,5.034999847412109,1019265,0.0,0.0,0.0
2026-04-14 14:15:00-04:00,5.039999961853027,5.059999942779541,4.989999771118164,5.017899990081787,951020,0.0,0.0,0.0
2026-04-14 14:30:00-04:00,5.014999866485596,5.059800148010254,4.994999885559082,4.994999885559082,1024396,0.0,0.0,0.0
2026-04-14 14:45:00-04:00,4.994999885559082,5.019999980926514,4.949999809265137,5.014999866485596,774580,0.0,0.0,0.0
2026-04-14 15:00:00-04:00,5.014999866485596,5.079999923706055,5.009900093078613,5.039999961853027,669117,0.0,0.0,0.0
2026-04-14 15:15:00-04:00,5.045000076293945,5.059899806976318,4.989999771118164,5.005000114440918,915674,0.0,0.0,0.0
2026-04-14 15:30:00-04:00,5.010000228881836,5.019999980926514,4.96999979019165,4.985000133514404,588250,0.0,0.0,0.0
2026-04-14 15:45:00-04:00,4.980100154876709,5.039999961853027,4.980100154876709,5.03000020980835,1479444,0.0,0.0,0.0
2026-04-15 09:30:00-04:00,5.199999809265137,5.224999904632568,5.0,5.005000114440918,5228643,0.0,0.0,0.0
2026-04-15 09:45:00-04:00,5.009300231933594,5.159900188446045,5.009300231933594,5.150000095367432,1603914,0.0,0.0,0.0
2026-04-15 10:00:00-04:00,5.145100116729736,5.179999828338623,5.050000190734863,5.179999828338623,1035960,0.0,0.0,0.0
2026-04-15 10:15:00-04:00,5.179999828338623,5.210000038146973,5.120100021362305,5.199999809265137,1628175,0.0,0.0,0.0
2026-04-15 10:30:00-04:00,5.210000038146973,5.230000019073486,5.119999885559082,5.139999866485596,1391506,0.0,0.0,0.0
2026-04-15 10:45:00-04:00,5.144999980926514,5.210000038146973,5.130000114440918,5.175000190734863,1063276,0.0,0.0,0.0
2026-04-15 11:00:00-04:00,5.170000076293945,5.210000038146973,5.130000114440918,5.204999923706055,670572,0.0,0.0,0.0
2026-04-15 11:15:00-04:00,5.199999809265137,5.210000038146973,5.159999847412109,5.170100212097168,879834,0.0,0.0,0.0
2026-04-15 11:30:00-04:00,5.170000076293945,5.170000076293945,5.090000152587891,5.130000114440918,897494,0.0,0.0,0.0
2026-04-15 11:45:00-04:00,5.130000114440918,5.1585001945495605,5.074100017547607,5.09499979019165,534894,0.0,0.0,0.0
2026-04-15 12:00:00-04:00,5.090000152587891,5.159900188446045,5.090000152587891,5.150000095367432,611614,0.0,0.0,0.0
2026-04-15 12:15:00-04:00,5.150000095367432,5.195000171661377,5.139999866485596,5.189000129699707,601296,0.0,0.0,0.0
2026-04-15 12:30:00-04:00,5.184999942779541,5.184999942779541,5.079999923706055,5.090000152587891,850969,0.0,0.0,0.0
2026-04-15 12:45:00-04:00,5.085000038146973,5.098599910736084,5.0100998878479,5.054999828338623,807361,0.0,0.0,0.0
2026-04-15 13:00:00-04:00,5.059999942779541,5.09499979019165,5.04010009765625,5.046599864959717,609065,0.0,0.0,0.0
2026-04-15 13:15:00-04:00,5.049900054931641,5.099999904632568,5.019999980926514,5.085000038146973,386177,0.0,0.0,0.0
2026-04-15 13:30:00-04:00,5.089900016784668,5.116700172424316,5.059999942779541,5.065000057220459,467297,0.0,0.0,0.0
2026-04-15 13:45:00-04:00,5.070000171661377,5.099899768829346,5.059999942779541,5.074999809265137,281472,0.0,0.0,0.0
2026-04-15 14:00:00-04:00,5.074999809265137,5.170000076293945,5.060100078582764,5.166999816894531,696914,0.0,0.0,0.0
2026-04-15 14:15:00-04:00,5.166844844818115,5.190000057220459,5.119999885559082,5.130000114440918,589065,0.0,0.0,0.0
2026-04-15 14:30:00-04:00,5.135000228881836,5.179999828338623,5.135000228881836,5.160099983215332,435642,0.0,0.0,0.0
2026-04-15 14:45:00-04:00,5.170000076293945,5.230000019073486,5.160099983215332,5.22629976272583,652743,0.0,0.0,0.0
2026-04-15 15:00:00-04:00,5.223599910736084,5.304999828338623,5.210000038146973,5.28000020980835,1038673,0.0,0.0,0.0
2026-04-15 15:15:00-04:00,5.284999847412109,5.289999961853027,5.229700088500977,5.284999847412109,661737,0.0,0.0,0.0
2026-04-15 15:30:00-04:00,5.284999847412109,5.394999980926514,5.28000020980835,5.385000228881836,1098961,0.0,0.0,0.0
2026-04-15 15:45:00-04:00,5.387899875640869,5.480000019073486,5.369999885559082,5.474999904632568,1293522,0.0,0.0,0.0
2026-04-16 09:30:00-04:00,5.440000057220459,5.465000152587891,5.289999961853027,5.380000114440918,5770526,0.0,0.0,0.0
2026-04-16 09:45:00-04:00,5.380000114440918,5.380000114440918,5.150000095367432,5.244999885559082,2369858,0.0,0.0,0.0
2026-04-16 10:00:00-04:00,5.25,5.309999942779541,5.190000057220459,5.290200233459473,1500670,0.0,0.0,0.0
2026-04-16 10:15:00-04:00,5.289999961853027,5.300000190734863,5.159999847412109,5.239999771118164,1176093,0.0,0.0,0.0
2026-04-16 10:30:00-04:00,5.239999771118164,5.309899806976318,5.235000133514404,5.289899826049805,1155234,0.0,0.0,0.0
2026-04-16 10:45:00-04:00,5.289999961853027,5.355899810791016,5.280200004577637,5.304999828338623,1347966,0.0,0.0,0.0
2026-04-16 11:00:00-04:00,5.300000190734863,5.399899959564209,5.298999786376953,5.380000114440918,918165,0.0,0.0,0.0
2026-04-16 11:15:00-04:00,5.380000114440918,5.449999809265137,5.369999885559082,5.393099784851074,1088142,0.0,0.0,0.0
2026-04-16 11:30:00-04:00,5.389999866485596,5.519999980926514,5.380000114440918,5.471499919891357,1194380,0.0,0.0,0.0
2026-04-16 11:45:00-04:00,5.471499919891357,5.570000171661377,5.445000171661377,5.565000057220459,1025546,0.0,0.0,0.0
2026-04-16 12:00:00-04:00,5.565000057220459,5.650000095367432,5.559999942779541,5.585000038146973,1079016,0.0,0.0,0.0
2026-04-16 12:15:00-04:00,5.585000038146973,5.630000114440918,5.53000020980835,5.53980016708374,1118717,0.0,0.0,0.0
2026-04-16 12:30:00-04:00,5.53000020980835,5.558899879455566,5.469900131225586,5.496600151062012,1266099,0.0,0.0,0.0
2026-04-16 12:45:00-04:00,5.5,5.510000228881836,5.445000171661377,5.46999979019165,542035,0.0,0.0,0.0
2026-04-16 13:00:00-04:00,5.4670000076293945,5.480000019073486,5.420000076293945,5.441800117492676,445079,0.0,0.0,0.0
2026-04-16 13:15:00-04:00,5.429999828338623,5.519999980926514,5.420000076293945,5.4984002113342285,475914,0.0,0.0,0.0
2026-04-16 13:30:00-04:00,5.491199970245361,5.572000026702881,5.491199970245361,5.570000171661377,441466,0.0,0.0,0.0
2026-04-16 13:45:00-04:00,5.565000057220459,5.590000152587891,5.51140022277832,5.550000190734863,727191,0.0,0.0,0.0
2026-04-16 14:00:00-04:00,5.559999942779541,5.590000152587891,5.500199794769287,5.550000190734863,383644,0.0,0.0,0.0
2026-04-16 14:15:00-04:00,5.550000190734863,5.565000057220459,5.480000019073486,5.500699996948242,312487,0.0,0.0,0.0
2026-04-16 14:30:00-04:00,5.505000114440918,5.586699962615967,5.505000114440918,5.579899787902832,644400,0.0,0.0,0.0
2026-04-16 14:45:00-04:00,5.579999923706055,5.690100193023682,5.579999923706055,5.680200099945068,922902,0.0,0.0,0.0
2026-04-16 15:00:00-04:00,5.684999942779541,5.699999809265137,5.623700141906738,5.635000228881836,727620,0.0,0.0,0.0
2026-04-16 15:15:00-04:00,5.630199909210205,5.71999979019165,5.630199909210205,5.710000038146973,924941,0.0,0.0,0.0
2026-04-16 15:30:00-04:00,5.709000110626221,5.809999942779541,5.699999809265137,5.795000076293945,1119361,0.0,0.0,0.0
2026-04-16 15:45:00-04:00,5.790200233459473,5.900000095367432,5.784599781036377,5.889999866485596,2815562,0.0,0.0,0.0
2026-04-17 09:30:00-04:00,6.320000171661377,6.715099811553955,6.25,6.692599773406982,15380022,0.0,0.0,0.0
2026-04-17 09:45:00-04:00,6.695000171661377,7.170000076293945,6.689700126647949,7.170000076293945,6440985,0.0,0.0,0.0
2026-04-17 10:00:00-04:00,7.170000076293945,7.28000020980835,7.085000038146973,7.179999828338623,4576140,0.0,0.0,0.0
2026-04-17 10:15:00-04:00,7.184999942779541,7.429999828338623,7.184999942779541,7.329999923706055,4184821,0.0,0.0,0.0
2026-04-17 10:30:00-04:00,7.335000038146973,7.590000152587891,7.329999923706055,7.554999828338623,3176153,0.0,0.0,0.0
2026-04-17 10:45:00-04:00,7.554999828338623,7.780099868774414,7.550000190734863,7.644999980926514,4131989,0.0,0.0,0.0
2026-04-17 11:00:00-04:00,7.640100002288818,7.679999828338623,7.380000114440918,7.409299850463867,3617195,0.0,0.0,0.0
2026-04-17 11:15:00-04:00,7.40500020980835,7.480000019073486,7.269999980926514,7.380000114440918,4304494,0.0,0.0,0.0
2026-04-17 11:30:00-04:00,7.380000114440918,7.420000076293945,7.230000019073486,7.239999771118164,1961487,0.0,0.0,0.0
2026-04-17 11:45:00-04:00,7.248600006103516,7.489999771118164,7.244999885559082,7.449999809265137,1916369,0.0,0.0,0.0
2026-04-17 12:00:00-04:00,7.449999809265137,7.639999866485596,7.375,7.545000076293945,2108592,0.0,0.0,0.0
2026-04-17 12:15:00-04:00,7.539999961853027,7.570000171661377,7.429999828338623,7.554999828338623,1612286,0.0,0.0,0.0
2026-04-17 12:30:00-04:00,7.554999828338623,7.599999904632568,7.411300182342529,7.446899890899658,1348275,0.0,0.0,0.0
2026-04-17 12:45:00-04:00,7.445000171661377,7.489999771118164,7.309999942779541,7.349999904632568,1219275,0.0,0.0,0.0
2026-04-17 13:00:00-04:00,7.34499979019165,7.389999866485596,7.099999904632568,7.160299777984619,1930584,0.0,0.0,0.0
2026-04-17 13:15:00-04:00,7.170000076293945,7.227499961853027,7.014999866485596,7.059999942779541,1864762,0.0,0.0,0.0
2026-04-17 13:30:00-04:00,7.050000190734863,7.179999828338623,7.048299789428711,7.170000076293945,1116958,0.0,0.0,0.0
2026-04-17 13:45:00-04:00,7.159999847412109,7.28000020980835,7.159999847412109,7.175000190734863,1318869,0.0,0.0,0.0
2026-04-17 14:00:00-04:00,7.170100212097168,7.195000171661377,7.079999923706055,7.09499979019165,781209,0.0,0.0,0.0
2026-04-17 14:15:00-04:00,7.09499979019165,7.179999828338623,7.039999961853027,7.050000190734863,896194,0.0,0.0,0.0
2026-04-17 14:30:00-04:00,7.050000190734863,7.204999923706055,6.980000019073486,7.204999923706055,1707430,0.0,0.0,0.0
2026-04-17 14:45:00-04:00,7.204999923706055,7.215000152587891,7.079999923706055,7.105000019073486,1083277,0.0,0.0,0.0
2026-04-17 15:00:00-04:00,7.105000019073486,7.159900188446045,7.059999942779541,7.150000095367432,1388629,0.0,0.0,0.0
2026-04-17 15:15:00-04:00,7.15500020980835,7.255000114440918,7.150000095367432,7.175000190734863,1252574,0.0,0.0,0.0
2026-04-17 15:30:00-04:00,7.179999828338623,7.264999866485596,7.079999923706055,7.21999979019165,1612659,0.0,0.0,0.0
2026-04-17 15:45:00-04:00,7.210000038146973,7.320000171661377,7.170000076293945,7.2692999839782715,2395281,0.0,0.0,0.0
2026-04-20 09:30:00-04:00,6.894999980926514,7.210000038146973,6.739999771118164,7.09499979019165,13767505,0.0,0.0,0.0
2026-04-20 09:45:00-04:00,7.090000152587891,7.269999980926514,7.065000057220459,7.091400146484375,2944620,0.0,0.0,0.0
2026-04-20 10:00:00-04:00,7.090000152587891,7.239999771118164,7.050000190734863,7.085000038146973,1833288,0.0,0.0,0.0
2026-04-20 10:15:00-04:00,7.078999996185303,7.309999942779541,7.059999942779541,7.199999809265137,1694425,0.0,0.0,0.0
2026-04-20 10:30:00-04:00,7.190000057220459,7.2399001121521,7.0,7.049900054931641,2210928,0.0,0.0,0.0
2026-04-20 10:45:00-04:00,7.045000076293945,7.074999809265137,6.829999923706055,6.875,2049996,0.0,0.0,0.0
2026-04-20 11:00:00-04:00,6.869999885559082,6.920000076293945,6.758600234985352,6.920000076293945,1483120,0.0,0.0,0.0
2026-04-20 11:15:00-04:00,6.920000076293945,7.159999847412109,6.920000076293945,7.159999847412109,1710130,0.0,0.0,0.0
2026-04-20 11:30:00-04:00,7.159999847412109,7.199999809265137,7.059899806976318,7.144999980926514,1297436,0.0,0.0,0.0
2026-04-20 11:45:00-04:00,7.139999866485596,7.189899921417236,7.119999885559082,7.158599853515625,438364,0.0,0.0,0.0
2026-04-20 12:00:00-04:00,7.15500020980835,7.1697998046875,7.0903000831604,7.130000114440918,813769,0.0,0.0,0.0
2026-04-20 12:15:00-04:00,7.130000114440918,7.179900169372559,7.090000152587891,7.130000114440918,481799,0.0,0.0,0.0
2026-04-20 12:30:00-04:00,7.125,7.179999828338623,7.109899997711182,7.15500020980835,382340,0.0,0.0,0.0
2026-04-20 12:45:00-04:00,7.159999847412109,7.179999828338623,7.110000133514404,7.130000114440918,353762,0.0,0.0,0.0
2026-04-20 13:00:00-04:00,7.125,7.25,7.125,7.212399959564209,803571,0.0,0.0,0.0
2026-04-20 13:15:00-04:00,7.215000152587891,7.319799900054932,7.204999923706055,7.300000190734863,627231,0.0,0.0,0.0
2026-04-20 13:30:00-04:00,7.289999961853027,7.380000114440918,7.260000228881836,7.340000152587891,618876,0.0,0.0,0.0
2026-04-20 13:45:00-04:00,7.335000038146973,7.425000190734863,7.312399864196777,7.394999980926514,741995,0.0,0.0,0.0
2026-04-20 14:00:00-04:00,7.396999835968018,7.525000095367432,7.394999980926514,7.525000095367432,1339156,0.0,0.0,0.0
2026-04-20 14:15:00-04:00,7.53000020980835,7.559999942779541,7.5,7.539999961853027,1114595,0.0,0.0,0.0
2026-04-20 14:30:00-04:00,7.539999961853027,7.579999923706055,7.489999771118164,7.539999961853027,1434296,0.0,0.0,0.0
2026-04-20 14:45:00-04:00,7.53000020980835,7.530099868774414,7.421500205993652,7.434999942779541,1238799,0.0,0.0,0.0
2026-04-20 15:00:00-04:00,7.440000057220459,7.510000228881836,7.428999900817871,7.46999979019165,875143,0.0,0.0,0.0
2026-04-20 15:15:00-04:00,7.470099925994873,7.510000228881836,7.429999828338623,7.500999927520752,814694,0.0,0.0,0.0
2026-04-20 15:30:00-04:00,7.500100135803223,7.579999923706055,7.489999771118164,7.565000057220459,996026,0.0,0.0,0.0
2026-04-20 15:45:00-04:00,7.565000057220459,7.650000095367432,7.559999942779541,7.619999885559082,1960258,0.0,0.0,0.0
2026-04-21 09:30:00-04:00,7.605000019073486,7.650000095367432,7.320000171661377,7.574999809265137,12677688,0.0,0.0,0.0
2026-04-21 09:45:00-04:00,7.579999923706055,7.639999866485596,7.519999980926514,7.599999904632568,1860418,0.0,0.0,0.0
2026-04-21 10:00:00-04:00,7.619999885559082,7.635000228881836,7.46999979019165,7.599999904632568,2009019,0.0,0.0,0.0
2026-04-21 10:15:00-04:00,7.599999904632568,7.719099998474121,7.574999809265137,7.579999923706055,2329120,0.0,0.0,0.0
2026-04-21 10:30:00-04:00,7.570000171661377,7.804999828338623,7.559999942779541,7.75,2365325,0.0,0.0,0.0
2026-04-21 10:45:00-04:00,7.75,7.760000228881836,7.360000133514404,7.380000114440918,2345990,0.0,0.0,0.0
2026-04-21 11:00:00-04:00,7.389999866485596,7.5,7.230000019073486,7.489999771118164,2797124,0.0,0.0,0.0
2026-04-21 11:15:00-04:00,7.489999771118164,7.574999809265137,7.3225998878479,7.380000114440918,1645479,0.0,0.0,0.0
2026-04-21 11:30:00-04:00,7.380000114440918,7.440000057220459,7.25,7.329999923706055,1350703,0.0,0.0,0.0
2026-04-21 11:45:00-04:00,7.335000038146973,7.388999938964844,7.28000020980835,7.360000133514404,830616,0.0,0.0,0.0
2026-04-21 12:00:00-04:00,7.369999885559082,7.449999809265137,7.369999885559082,7.389999866485596,850723,0.0,0.0,0.0
2026-04-21 12:15:00-04:00,7.39139986038208,7.409999847412109,7.260000228881836,7.28000020980835,743989,0.0,0.0,0.0
2026-04-21 12:30:00-04:00,7.275000095367432,7.409999847412109,7.275000095367432,7.320000171661377,1147835,0.0,0.0,0.0
2026-04-21 12:45:00-04:00,7.324999809265137,7.440000057220459,7.28000020980835,7.3007001876831055,505136,0.0,0.0,0.0
2026-04-21 13:00:00-04:00,7.309999942779541,7.38100004196167,7.119999885559082,7.158599853515625,1322806,0.0,0.0,0.0
2026-04-21 13:15:00-04:00,7.159999847412109,7.159999847412109,7.0,7.109899997711182,1245195,0.0,0.0,0.0
2026-04-21 13:30:00-04:00,7.099999904632568,7.329999923706055,7.070000171661377,7.275000095367432,1458293,0.0,0.0,0.0
2026-04-21 13:45:00-04:00,7.273200035095215,7.340099811553955,7.210000038146973,7.269700050354004,922706,0.0,0.0,0.0
2026-04-21 14:00:00-04:00,7.264999866485596,7.349999904632568,7.255000114440918,7.309999942779541,746066,0.0,0.0,0.0
2026-04-21 14:15:00-04:00,7.320000171661377,7.349999904632568,7.190000057220459,7.239999771118164,879010,0.0,0.0,0.0
2026-04-21 14:30:00-04:00,7.25,7.320000171661377,7.239999771118164,7.269899845123291,391579,0.0,0.0,0.0
2026-04-21 14:45:00-04:00,7.260000228881836,7.394999980926514,7.230000019073486,7.359899997711182,861811,0.0,0.0,0.0
2026-04-21 15:00:00-04:00,7.360000133514404,7.409999847412109,7.315000057220459,7.339900016784668,738697,0.0,0.0,0.0
2026-04-21 15:15:00-04:00,7.340000152587891,7.5,7.284999847412109,7.485000133514404,1145174,0.0,0.0,0.0
2026-04-21 15:30:00-04:00,7.489999771118164,7.499199867248535,7.054999828338623,7.070300102233887,1203667,0.0,0.0,0.0
2026-04-21 15:45:00-04:00,7.070000171661377,7.130000114440918,6.990099906921387,7.010000228881836,2086911,0.0,0.0,0.0
2026-04-22 09:30:00-04:00,7.940000057220459,8.329999923706055,7.940000057220459,8.26990032196045,17931379,0.0,0.0,0.0
2026-04-22 09:45:00-04:00,8.260000228881836,8.539899826049805,8.1899995803833,8.529999732971191,5919716,0.0,0.0,0.0
2026-04-22 10:00:00-04:00,8.529999732971191,8.65999984741211,8.369999885559082,8.510000228881836,5784837,0.0,0.0,0.0
2026-04-22 10:15:00-04:00,8.510000228881836,8.520000457763672,8.289999961853027,8.399999618530273,3487452,0.0,0.0,0.0
2026-04-22 10:30:00-04:00,8.399900436401367,8.404999732971191,8.170100212097168,8.250100135803223,3211673,0.0,0.0,0.0
2026-04-22 10:45:00-04:00,8.255000114440918,8.380000114440918,8.220000267028809,8.34000015258789,1697634,0.0,0.0,0.0
2026-04-22 11:00:00-04:00,8.335000038146973,8.420000076293945,8.295000076293945,8.350000381469727,2127112,0.0,0.0,0.0
2026-04-22 11:15:00-04:00,8.359999656677246,8.369999885559082,8.210000038146973,8.350000381469727,1892717,0.0,0.0,0.0
2026-04-22 11:30:00-04:00,8.345000267028809,8.380000114440918,8.25,8.270000457763672,1353142,0.0,0.0,0.0
2026-04-22 11:45:00-04:00,8.27239990234375,8.420000076293945,8.255000114440918,8.350000381469727,1095295,0.0,0.0,0.0
2026-04-22 12:00:00-04:00,8.350000381469727,8.460000038146973,8.295000076293945,8.364999771118164,1199067,0.0,0.0,0.0
2026-04-22 12:15:00-04:00,8.362899780273438,8.420000076293945,8.260000228881836,8.289999961853027,1098265,0.0,0.0,0.0
2026-04-22 12:30:00-04:00,8.289999961853027,8.345000267028809,8.180000305175781,8.210000038146973,1337140,0.0,0.0,0.0
2026-04-22 12:45:00-04:00,8.204999923706055,8.220000267028809,8.090100288391113,8.155099868774414,1159568,0.0,0.0,0.0
2026-04-22 13:00:00-04:00,8.159000396728516,8.25,8.109999656677246,8.1850004196167,1244747,0.0,0.0,0.0
2026-04-22 13:15:00-04:00,8.1899995803833,8.20989990234375,8.09000015258789,8.125,948512,0.0,0.0,0.0
2026-04-22 13:30:00-04:00,8.130000114440918,8.179900169372559,8.09000015258789,8.154999732971191,723651,0.0,0.0,0.0
2026-04-22 13:45:00-04:00,8.149999618530273,8.229900360107422,8.109999656677246,8.149999618530273,652415,0.0,0.0,0.0
2026-04-22 14:00:00-04:00,8.150099754333496,8.2076997756958,8.103300094604492,8.15149974822998,497727,0.0,0.0,0.0
2026-04-22 14:15:00-04:00,8.149999618530273,8.164999961853027,8.095000267028809,8.130000114440918,618482,0.0,0.0,0.0
2026-04-22 14:30:00-04:00,8.126099586486816,8.220000267028809,8.120100021362305,8.1899995803833,650488,0.0,0.0,0.0
2026-04-22 14:45:00-04:00,8.197699546813965,8.369999885559082,8.180000305175781,8.305000305175781,882891,0.0,0.0,0.0
2026-04-22 15:00:00-04:00,8.300000190734863,8.3100004196167,8.229999542236328,8.300000190734863,770783,0.0,0.0,0.0
2026-04-22 15:15:00-04:00,8.305000305175781,8.349900245666504,8.25,8.274999618530273,767414,0.0,0.0,0.0
2026-04-22 15:30:00-04:00,8.274999618530273,8.305000305175781,8.234999656677246,8.260000228881836,812399,0.0,0.0,0.0
2026-04-22 15:45:00-04:00,8.266599655151367,8.34000015258789,8.239999771118164,8.3100004196167,1747633,0.0,0.0,0.0
2026-04-23 09:30:00-04:00,8.010000228881836,8.225000381469727,7.949999809265137,8.0,9905482,0.0,0.0,0.0
2026-04-23 09:45:00-04:00,8.0,8.170000076293945,7.869999885559082,7.908599853515625,2315855,0.0,0.0,0.0
2026-04-23 10:00:00-04:00,7.900000095367432,7.967100143432617,7.800000190734863,7.840099811553955,1823529,0.0,0.0,0.0
2026-04-23 10:15:00-04:00,7.840000152587891,8.125,7.840000152587891,8.039999961853027,2253152,0.0,0.0,0.0
2026-04-23 10:30:00-04:00,8.039999961853027,8.239999771118164,8.039999961853027,8.180000305175781,2390754,0.0,0.0,0.0
2026-04-23 10:45:00-04:00,8.199899673461914,8.35990047454834,8.140000343322754,8.350000381469727,1329218,0.0,0.0,0.0
2026-04-23 11:00:00-04:00,8.345000267028809,8.375,8.23009967803955,8.289799690246582,1228452,0.0,0.0,0.0
2026-04-23 11:15:00-04:00,8.289999961853027,8.460000038146973,8.24020004272461,8.352299690246582,1648024,0.0,0.0,0.0
2026-04-23 11:30:00-04:00,8.354999542236328,8.414999961853027,8.300100326538086,8.380000114440918,830045,0.0,0.0,0.0
2026-04-23 11:45:00-04:00,8.380000114440918,8.380000114440918,8.260000228881836,8.330300331115723,1201157,0.0,0.0,0.0
2026-04-23 12:00:00-04:00,8.34000015258789,8.390000343322754,8.279999732971191,8.36970043182373,708980,0.0,0.0,0.0
2026-04-23 12:15:00-04:00,8.363300323486328,8.430000305175781,8.305000305175781,8.305000305175781,704191,0.0,0.0,0.0
2026-04-23 12:30:00-04:00,8.300000190734863,8.375,8.279999732971191,8.35990047454834,567845,0.0,0.0,0.0
2026-04-23 12:45:00-04:00,8.350000381469727,8.380000114440918,8.210000038146973,8.25,917883,0.0,0.0,0.0
2026-04-23 13:00:00-04:00,8.249899864196777,8.270000457763672,7.96999979019165,8.020000457763672,2186120,0.0,0.0,0.0
2026-04-23 13:15:00-04:00,8.010000228881836,8.050000190734863,7.920000076293945,7.96999979019165,1484166,0.0,0.0,0.0
2026-04-23 13:30:00-04:00,7.96999979019165,8.069999694824219,7.692399978637695,7.715000152587891,2321526,0.0,0.0,0.0
2026-04-23 13:45:00-04:00,7.719399929046631,7.900000095367432,7.590000152587891,7.889900207519531,3224198,0.0,0.0,0.0
2026-04-23 14:00:00-04:00,7.885000228881836,7.989999771118164,7.875,7.960000038146973,1398115,0.0,0.0,0.0
2026-04-23 14:15:00-04:00,7.960000038146973,7.965000152587891,7.880000114440918,7.900100231170654,1061734,0.0,0.0,0.0
2026-04-23 14:30:00-04:00,7.900000095367432,7.970200061798096,7.894999980926514,7.909999847412109,497638,0.0,0.0,0.0
2026-04-23 14:45:00-04:00,7.909999847412109,7.914999961853027,7.684999942779541,7.724999904632568,918929,0.0,0.0,0.0
2026-04-23 15:00:00-04:00,7.71999979019165,7.800000190734863,7.710000038146973,7.787300109863281,533784,0.0,0.0,0.0
2026-04-23 15:15:00-04:00,7.789999961853027,7.820000171661377,7.730000019073486,7.7600998878479,500506,0.0,0.0,0.0
2026-04-23 15:30:00-04:00,7.760000228881836,7.780300140380859,7.669899940490723,7.680099964141846,507982,0.0,0.0,0.0
2026-04-23 15:45:00-04:00,7.680699825286865,7.704999923706055,7.630000114440918,7.670000076293945,935009,0.0,0.0,0.0
2026-04-24 09:30:00-04:00,8.050000190734863,8.089900016784668,7.869900226593018,7.914999961853027,7456559,0.0,0.0,0.0
2026-04-24 09:45:00-04:00,7.920000076293945,7.929999828338623,7.658699989318848,7.750699996948242,1713929,0.0,0.0,0.0
2026-04-24 10:00:00-04:00,7.75,7.75,7.5,7.619999885559082,1655852,0.0,0.0,0.0
2026-04-24 10:15:00-04:00,7.621399879455566,7.679999828338623,7.389999866485596,7.420000076293945,1807114,0.0,0.0,0.0
2026-04-24 10:30:00-04:00,7.420000076293945,7.630000114440918,7.355000019073486,7.619999885559082,1181411,0.0,0.0,0.0
2026-04-24 10:45:00-04:00,7.629899978637695,7.635000228881836,7.521999835968018,7.554999828338623,696619,0.0,0.0,0.0
2026-04-24 11:00:00-04:00,7.559999942779541,7.569900035858154,7.420000076293945,7.460000038146973,827007,0.0,0.0,0.0
2026-04-24 11:15:00-04:00,7.46999979019165,7.550000190734863,7.460000038146973,7.485000133514404,434209,0.0,0.0,0.0
2026-04-24 11:30:00-04:00,7.480000019073486,7.609899997711182,7.445000171661377,7.59499979019165,735294,0.0,0.0,0.0
2026-04-24 11:45:00-04:00,7.599999904632568,7.679999828338623,7.550000190734863,7.585000038146973,1270471,0.0,0.0,0.0
2026-04-24 12:00:00-04:00,7.587500095367432,7.587500095367432,7.460100173950195,7.479000091552734,410189,0.0,0.0,0.0
2026-04-24 12:15:00-04:00,7.470200061798096,7.470200061798096,7.380000114440918,7.429999828338623,1010983,0.0,0.0,0.0
2026-04-24 12:30:00-04:00,7.440000057220459,7.539899826049805,7.437681198120117,7.494999885559082,581541,0.0,0.0,0.0
2026-04-24 12:45:00-04:00,7.5,7.53000020980835,7.449999809265137,7.510000228881836,423097,0.0,0.0,0.0
2026-04-24 13:00:00-04:00,7.510000228881836,7.54010009765625,7.480000019073486,7.537600040435791,489988,0.0,0.0,0.0
2026-04-24 13:15:00-04:00,7.53000020980835,7.570000171661377,7.489999771118164,7.559999942779541,371460,0.0,0.0,0.0
2026-04-24 13:30:00-04:00,7.559700012207031,7.565000057220459,7.480000019073486,7.525000095367432,302155,0.0,0.0,0.0
2026-04-24 13:45:00-04:00,7.53000020980835,7.619999885559082,7.500100135803223,7.569900035858154,360863,0.0,0.0,0.0
2026-04-24 14:00:00-04:00,7.559999942779541,7.574999809265137,7.5,7.5,318296,0.0,0.0,0.0
2026-04-24 14:15:00-04:00,7.510000228881836,7.510000228881836,7.440000057220459,7.485000133514404,379096,0.0,0.0,0.0
2026-04-24 14:30:00-04:00,7.485000133514404,7.559899806976318,7.482399940490723,7.549799919128418,302898,0.0,0.0,0.0
2026-04-24 14:45:00-04:00,7.549900054931641,7.579999923706055,7.53000020980835,7.570000171661377,183315,0.0,0.0,0.0
2026-04-24 15:00:00-04:00,7.570000171661377,7.675000190734863,7.570000171661377,7.635000228881836,640633,0.0,0.0,0.0
2026-04-24 15:15:00-04:00,7.639999866485596,7.649899959564209,7.579999923706055,7.599999904632568,344464,0.0,0.0,0.0
2026-04-24 15:30:00-04:00,7.599999904632568,7.625,7.514999866485596,7.585000038146973,717147,0.0,0.0,0.0
2026-04-24 15:45:00-04:00,7.585000038146973,7.585000038146973,7.485000133514404,7.53000020980835,1326296,0.0,0.0,0.0
